symbol,date,open,high,low,close,adjusted_close,volume,dividends,stock_splits,typical_price,traded_value,source
AAPL,2023-02-17,152.35000610351562,153.0,150.85000610351562,152.5500030517578,150.3715362548828,59144100,0.0,0.0,152.13333638509116,8997789260.49347,yahoo
AAPL,2023-02-21,150.1999969482422,151.3000030517578,148.41000366210938,148.47999572753906,146.3596649169922,58867200,0.0,0.0,149.39666748046875,8794563503.90625,yahoo
AAPL,2023-02-22,148.8699951171875,149.9499969482422,147.16000366210938,148.91000366210938,146.78353881835938,51011300,0.0,0.0,148.67333475748697,7584020081.314595,yahoo
AAPL,2023-02-23,150.08999633789062,150.33999633789062,147.24000549316406,149.39999389648438,147.2665252685547,48394200,0.0,0.0,148.9933319091797,7210413103.079224,yahoo
AAPL,2023-02-24,147.11000061035156,147.19000244140625,145.72000122070312,146.7100067138672,144.6149444580078,55469600,0.0,0.0,146.54000345865884,8128515375.850423,yahoo
AAPL,2023-02-27,147.7100067138672,149.1699981689453,147.4499969482422,147.9199981689453,145.80767822265625,44998500,0.0,0.0,148.17999776204428,6667877629.295349,yahoo
AAPL,2023-02-28,147.0500030517578,149.0800018310547,146.8300018310547,147.41000366210938,145.30496215820312,50547000,0.0,0.0,147.7733357747396,7469498803.405763,yahoo
AAPL,2023-03-01,146.8300018310547,147.22999572753906,145.00999450683594,145.30999755859375,143.23495483398438,55479000,0.0,0.0,145.8499959309896,8091611924.255372,yahoo
AAPL,2023-03-02,144.3800048828125,146.7100067138672,143.89999389648438,145.91000366210938,143.82638549804688,52238100,0.0,0.0,145.5066680908203,7600991878.395081,yahoo
AAPL,2023-03-03,148.0399932861328,151.11000061035156,147.3300018310547,151.02999877929688,148.873291015625,70732300,0.0,0.0,149.82333374023438,10597348989.11438,yahoo
AAPL,2023-03-06,153.7899932861328,156.3000030517578,153.4600067138672,153.8300018310547,151.63327026367188,87558000,0.0,0.0,154.5300038655599,13530338078.460693,yahoo
AAPL,2023-03-07,153.6999969482422,154.02999877929688,151.1300048828125,151.60000610351562,149.4351043701172,56182000,0.0,0.0,152.25333658854166,8553896956.217447,yahoo
AAPL,2023-03-08,152.80999755859375,153.47000122070312,151.8300018310547,152.8699951171875,150.68695068359375,47204800,0.0,0.0,152.72333272298178,7209274376.521811,yahoo
AAPL,2023-03-09,153.55999755859375,154.5399932861328,150.22999572753906,150.58999633789062,148.4395294189453,53833600,0.0,0.0,151.78666178385416,8171222435.807291,yahoo
AAPL,2023-03-10,150.2100067138672,150.94000244140625,147.61000061035156,148.5,146.37937927246094,68572400,0.0,0.0,149.01666768391928,10218430543.088787,yahoo
AAPL,2023-03-13,147.80999755859375,153.13999938964844,147.6999969482422,150.47000122070312,148.32125854492188,84457100,0.0,0.0,150.4366658528646,12705444531.60197,yahoo
AAPL,2023-03-14,151.27999877929688,153.39999389648438,150.10000610351562,152.58999633789062,150.4109649658203,73695900,0.0,0.0,152.02999877929688,11203987587.039185,yahoo
AAPL,2023-03-15,151.19000244140625,153.25,149.9199981689453,152.99000549316406,150.80528259277344,77167900,0.0,0.0,152.05333455403647,11733636515.53243,yahoo
AAPL,2023-03-16,152.16000366210938,156.4600067138672,151.63999938964844,155.85000610351562,153.62440490722656,76161100,0.0,0.0,154.6500040690104,11778314424.900309,yahoo
AAPL,2023-03-17,156.0800018310547,156.74000549316406,154.27999877929688,155.0,152.78656005859375,98944600,0.0,0.0,155.34000142415366,15370054304.912313,yahoo
AAPL,2023-03-20,155.07000732421875,157.82000732421875,154.14999389648438,157.39999389648438,155.15228271484375,73641400,0.0,0.0,156.4566650390625,11521687852.807617,yahoo
AAPL,2023-03-21,157.32000732421875,159.39999389648438,156.5399932861328,159.27999877929688,157.00543212890625,73938300,0.0,0.0,158.4066619873047,11712319296.01593,yahoo
AAPL,2023-03-22,159.3000030517578,162.13999938964844,157.80999755859375,157.8300018310547,155.5761260986328,75701800,0.0,0.0,159.25999959309897,12056268637.19686,yahoo
AAPL,2023-03-23,158.8300018310547,161.5500030517578,157.67999267578125,158.92999267578125,156.6604461669922,67622100,0.0,0.0,159.38666280110678,10778060850.602722,yahoo
AAPL,2023-03-24,158.86000061035156,160.33999633789062,157.85000610351562,160.25,157.96157836914062,59196500,0.0,0.0,159.4800008138021,9440657868.174236,yahoo
AAPL,2023-03-27,159.94000244140625,160.77000427246094,157.8699951171875,158.27999877929688,156.01974487304688,52390300,0.0,0.0,158.97333272298178,8328660593.3568325,yahoo
AAPL,2023-03-28,157.97000122070312,158.49000549316406,155.97999572753906,157.64999389648438,155.39871215820312,45992200,0.0,0.0,157.37333170572916,7237945746.476236,yahoo
AAPL,2023-03-29,159.3699951171875,161.0500030517578,159.35000610351562,160.77000427246094,158.4741668701172,51305700,0.0,0.0,160.39000447591147,8228921452.639771,yahoo
AAPL,2023-03-30,161.52999877929688,162.47000122070312,161.27000427246094,162.36000061035156,160.0414581298828,49501700,0.0,0.0,162.03333536783853,8020925557.378133,yahoo
AAPL,2023-03-31,162.44000244140625,165.0,161.91000366210938,164.89999389648438,162.54519653320312,68749800,0.0,0.0,163.9366658528646,11270612990.05127,yahoo
AAPL,2023-04-03,164.27000427246094,166.2899932861328,164.22000122070312,166.1699981689453,163.79705810546875,56976200,0.0,0.0,165.55999755859375,9432979532.89795,yahoo
AAPL,2023-04-04,166.60000610351562,166.83999633789062,165.11000061035156,165.6300048828125,163.26478576660156,46278300,0.0,0.0,165.86000061035156,7675718866.246033,yahoo
AAPL,2023-04-05,164.74000549316406,165.0500030517578,161.8000030517578,163.75999450683594,161.4214324951172,51511700,0.0,0.0,163.5366668701172,8424051722.813416,yahoo
AAPL,2023-04-06,162.42999267578125,164.9600067138672,162.0,164.66000366210938,162.30862426757812,45390100,0.0,0.0,163.8733367919922,7438227144.322205,yahoo
AAPL,2023-04-10,161.4199981689453,162.02999877929688,160.0800018310547,162.02999877929688,159.7161865234375,47716900,0.0,0.0,161.37999979654947,7700553312.291971,yahoo
AAPL,2023-04-11,162.35000610351562,162.36000061035156,160.50999450683594,160.8000030517578,158.5037384033203,47644200,0.0,0.0,161.22333272298178,7681356708.920288,yahoo
AAPL,2023-04-12,161.22000122070312,162.05999755859375,159.77999877929688,160.10000610351562,157.81375122070312,50133100,0.0,0.0,160.64666748046875,8053715445.465088,yahoo
AAPL,2023-04-13,161.6300048828125,165.8000030517578,161.4199981689453,165.55999755859375,163.19577026367188,68445600,0.0,0.0,164.25999959309897,11242874228.149414,yahoo
AAPL,2023-04-14,164.58999633789062,166.32000732421875,163.82000732421875,165.2100067138672,162.85076904296875,49386500,0.0,0.0,165.1166737874349,8154534610.003154,yahoo
AAPL,2023-04-17,165.08999633789062,165.38999938964844,164.02999877929688,165.22999572753906,162.87045288085938,41516200,0.0,0.0,164.88333129882812,6845329358.868408,yahoo
AAPL,2023-04-18,166.10000610351562,167.41000366210938,165.64999389648438,166.47000122070312,164.09280395507812,49923000,0.0,0.0,166.50999959309897,8312678709.686279,yahoo
AAPL,2023-04-19,165.8000030517578,168.16000366210938,165.5399932861328,167.6300048828125,165.23619079589844,47720200,0.0,0.0,167.11000061035156,7974522651.126099,yahoo
AAPL,2023-04-20,166.08999633789062,167.8699951171875,165.55999755859375,166.64999389648438,164.2701873779297,52456400,0.0,0.0,166.69332885742188,8744131935.876465,yahoo
AAPL,2023-04-21,165.0500030517578,166.4499969482422,164.49000549316406,165.02000427246094,162.66346740722656,58337300,0.0,0.0,165.32000223795572,9644322566.556293,yahoo
AAPL,2023-04-24,165.0,165.60000610351562,163.88999938964844,165.3300018310547,162.96905517578125,41949600,0.0,0.0,164.94000244140625,6919167126.416016,yahoo
AAPL,2023-04-25,165.19000244140625,166.30999755859375,163.72999572753906,163.77000427246094,161.4313201904297,48714100,0.0,0.0,164.60333251953125,8018503200.689697,yahoo
AAPL,2023-04-26,163.05999755859375,165.27999877929688,162.8000030517578,163.75999450683594,161.4214324951172,45498800,0.0,0.0,163.94666544596353,7459376541.792806,yahoo
AAPL,2023-04-27,165.19000244140625,168.55999755859375,165.19000244140625,168.41000366210938,166.0050811767578,64902300,0.0,0.0,167.38666788736978,10863779735.22644,yahoo
AAPL,2023-04-28,168.49000549316406,169.85000610351562,167.8800048828125,169.67999267578125,167.25692749023438,55275900,0.0,0.0,169.13666788736978,9349181540.475464,yahoo
AAPL,2023-05-01,169.27999877929688,170.4499969482422,168.63999938964844,169.58999633789062,167.16818237304688,52472900,0.0,0.0,169.55999755859375,8897304795.892334,yahoo
AAPL,2023-05-02,170.08999633789062,170.35000610351562,167.5399932861328,168.5399932861328,166.13320922851562,48425700,0.0,0.0,168.80999755859375,8174742298.773193,yahoo
AAPL,2023-05-03,169.5,170.9199981689453,167.16000366210938,167.4499969482422,165.05874633789062,65136000,0.0,0.0,168.50999959309897,10976067333.496094,yahoo
AAPL,2023-05-04,164.88999938964844,167.0399932861328,164.30999755859375,165.7899932861328,163.4224853515625,81235400,0.0,0.0,165.71332804361978,13461788488.95467,yahoo
AAPL,2023-05-05,170.97999572753906,174.3000030517578,170.75999450683594,173.57000732421875,171.09140014648438,113453200,0.0,0.0,172.87666829427084,19613411223.32357,yahoo
AAPL,2023-05-08,172.47999572753906,173.85000610351562,172.11000061035156,173.5,171.02236938476562,55962800,0.0,0.0,173.15333557128906,9690145487.908936,yahoo
AAPL,2023-05-09,173.0500030517578,173.5399932861328,171.60000610351562,171.77000427246094,169.31712341308594,45326900,0.0,0.0,172.30333455403647,7809976014.997355,yahoo
AAPL,2023-05-10,173.02000427246094,174.02999877929688,171.89999389648438,173.55999755859375,171.08151245117188,53724500,0.0,0.0,173.163330078125,9303113326.782227,yahoo
AAPL,2023-05-11,173.85000610351562,174.58999633789062,172.1699981689453,173.75,171.268798828125,49514700,0.0,0.0,173.50333150227866,8590965408.335876,yahoo
AAPL,2023-05-12,173.6199951171875,174.05999755859375,171.0,172.57000732421875,170.34092712402344,45533100,0.24,0.0,172.5433349609375,7856432925.109863,yahoo
AAPL,2023-05-15,173.16000366210938,173.2100067138672,171.47000122070312,172.07000732421875,169.84739685058594,37266700,0.0,0.0,172.25000508626303,6419189264.548239,yahoo
AAPL,2023-05-16,171.99000549316406,173.13999938964844,171.8000030517578,172.07000732421875,169.84739685058594,42110300,0.0,0.0,172.336669921875,7257148871.411133,yahoo
AAPL,2023-05-17,171.7100067138672,172.92999267578125,170.4199981689453,172.69000244140625,170.45938110351562,57951600,0.0,0.0,172.0133310953776,9968447758.306885,yahoo
AAPL,2023-05-18,173.0,175.24000549316406,172.5800018310547,175.0500030517578,172.78890991210938,65496700,0.0,0.0,174.29000345865884,11415420069.53074,yahoo
AAPL,2023-05-19,176.38999938964844,176.38999938964844,174.94000244140625,175.16000366210938,172.89747619628906,55809500,0.0,0.0,175.49666849772134,9794381320.523579,yahoo
AAPL,2023-05-22,173.97999572753906,174.7100067138672,173.4499969482422,174.1999969482422,171.94989013671875,43570900,0.0,0.0,174.12000020345053,7586565116.864523,yahoo
AAPL,2023-05-23,173.1300048828125,173.3800048828125,171.27999877929688,171.55999755859375,169.34397888183594,50747300,0.0,0.0,172.07333374023438,8732257089.315796,yahoo
AAPL,2023-05-24,171.08999633789062,172.4199981689453,170.52000427246094,171.83999633789062,169.62037658691406,45143500,0.0,0.0,171.59333292643228,7746323624.9643955,yahoo
AAPL,2023-05-25,172.41000366210938,173.89999389648438,171.69000244140625,172.99000549316406,170.75550842285156,56058300,0.0,0.0,172.86000061035156,9690237772.215271,yahoo
AAPL,2023-05-26,173.32000732421875,175.77000427246094,173.11000061035156,175.42999267578125,173.1640167236328,54835000,0.0,0.0,174.7699991861979,9583512905.375162,yahoo
AAPL,2023-05-30,176.9600067138672,178.99000549316406,176.57000732421875,177.3000030517578,175.00987243652344,55964400,0.0,0.0,177.62000528971353,9940397024.035645,yahoo
AAPL,2023-05-31,177.3300018310547,179.35000610351562,176.75999450683594,177.25,174.96051025390625,99625300,0.0,0.0,177.7866668701172,17712050022.935486,yahoo
AAPL,2023-06-01,177.6999969482422,180.1199951171875,176.92999267578125,180.08999633789062,177.76377868652344,68901800,0.0,0.0,179.04666137695312,12336637252.862549,yahoo
AAPL,2023-06-02,181.02999877929688,181.77999877929688,179.25999450683594,180.9499969482422,178.61268615722656,61996900,0.0,0.0,180.663330078125,11200566408.520508,yahoo
AAPL,2023-06-05,182.6300048828125,184.9499969482422,178.0399932861328,179.5800018310547,177.26039123535156,121946500,0.0,0.0,180.8566640218099,22054837179.135643,yahoo
AAPL,2023-06-06,179.97000122070312,180.1199951171875,177.42999267578125,179.2100067138672,176.89517211914062,64848400,0.0,0.0,178.9199981689453,11602675609.259033,yahoo
AAPL,2023-06-07,178.44000244140625,181.2100067138672,177.32000732421875,177.82000732421875,175.5231475830078,61944600,0.0,0.0,178.78334045410156,11074662511.09314,yahoo
AAPL,2023-06-08,177.89999389648438,180.83999633789062,177.4600067138672,180.57000732421875,178.2376251220703,50214900,0.0,0.0,179.6233367919922,9019767894.676208,yahoo
AAPL,2023-06-09,181.5,182.22999572753906,180.6300048828125,180.9600067138672,178.62255859375,48900000,0.0,0.0,181.2733357747396,8864266119.384766,yahoo
AAPL,2023-06-12,181.27000427246094,183.88999938964844,180.97000122070312,183.7899932861328,181.41600036621094,54274900,0.0,0.0,182.88333129882812,9925974517.910767,yahoo
AAPL,2023-06-13,182.8000030517578,184.14999389648438,182.44000244140625,183.30999755859375,180.94223022460938,54929100,0.0,0.0,183.29999796549478,10068503918.24646,yahoo
AAPL,2023-06-14,183.3699951171875,184.38999938964844,182.02000427246094,183.9499969482422,181.57394409179688,57462900,0.0,0.0,183.45333353678384,10541760559.690857,yahoo
AAPL,2023-06-15,183.9600067138672,186.52000427246094,183.77999877929688,186.00999450683594,183.6073455810547,65433200,0.0,0.0,185.4366658528646,12133714444.08366,yahoo
AAPL,2023-06-16,186.72999572753906,186.99000549316406,184.27000427246094,184.9199981689453,182.53143310546875,101256200,0.0,0.0,185.3933359781901,18772224706.47481,yahoo
AAPL,2023-06-20,184.41000366210938,186.10000610351562,184.41000366210938,185.00999450683594,182.62025451660156,49799100,0.0,0.0,185.17333475748697,9221465414.92157,yahoo
AAPL,2023-06-21,184.89999389648438,185.41000366210938,182.58999633789062,183.9600067138672,181.58383178710938,49515700,0.0,0.0,183.9866689046224,9110228701.480612,yahoo
AAPL,2023-06-22,183.74000549316406,187.0500030517578,183.6699981689453,187.0,184.5845489501953,51245300,0.0,0.0,185.90666707356772,9526842926.1851,yahoo
AAPL,2023-06-23,185.5500030517578,187.55999755859375,185.00999450683594,186.67999267578125,184.2686767578125,53117000,0.0,0.0,186.41666158040366,9901893813.166302,yahoo
AAPL,2023-06-26,186.8300018310547,188.0500030517578,185.22999572753906,185.27000427246094,182.8769073486328,48088700,0.0,0.0,186.18333435058594,8953314510.585022,yahoo
AAPL,2023-06-27,185.88999938964844,188.38999938964844,185.6699981689453,188.05999755859375,185.63084411621094,50730800,0.0,0.0,187.37333170572916,9505599016.097004,yahoo
AAPL,2023-06-28,187.92999267578125,189.89999389648438,187.60000610351562,189.25,186.80551147460938,51216800,0.0,0.0,188.91666666666666,9675707133.333332,yahoo
AAPL,2023-06-29,189.0800018310547,190.07000732421875,188.94000244140625,189.58999633789062,187.14111328125,46347300,0.0,0.0,189.53333536783853,8784358354.293823,yahoo
AAPL,2023-06-30,191.6300048828125,194.47999572753906,191.25999450683594,193.97000122070312,191.46453857421875,85213200,0.0,0.0,193.23666381835938,16466314481.286621,yahoo
AAPL,2023-07-03,193.77999877929688,193.8800048828125,191.75999450683594,192.4600067138672,189.97401428222656,31458200,0.0,0.0,192.70000203450522,6061995204.001872,yahoo
AAPL,2023-07-05,191.57000732421875,192.97999572753906,190.6199951171875,191.3300018310547,188.85861206054688,46920300,0.0,0.0,191.6433308919271,8991962578.448486,yahoo
AAPL,2023-07-06,189.83999633789062,192.02000427246094,189.1999969482422,191.80999755859375,189.33245849609375,45094300,0.0,0.0,191.00999959309897,8613462224.651083,yahoo
AAPL,2023-07-07,191.41000366210938,192.6699981689453,190.24000549316406,190.67999267578125,188.21701049804688,46815000,0.0,0.0,191.19666544596353,8950871892.852783,yahoo
AAPL,2023-07-10,189.25999450683594,189.99000549316406,187.0399932861328,188.61000061035156,186.17376708984375,59922200,0.0,0.0,188.54666646321616,11298131057.142132,yahoo
AAPL,2023-07-11,189.16000366210938,189.3000030517578,186.60000610351562,188.0800018310547,185.6505889892578,46638100,0.0,0.0,187.99333699544272,8767652050.127157,yahoo
AAPL,2023-07-12,189.67999267578125,191.6999969482422,188.47000122070312,189.77000427246094,187.3187713623047,60750200,0.0,0.0,189.9800008138021,11541323045.43864,yahoo
AAPL,2023-07-13,190.5,191.19000244140625,189.77999877929688,190.5399932861328,188.07884216308594,41342300,0.0,0.0,190.50333150227866,7875845881.966655,yahoo
AAPL,2023-07-14,190.22999572753906,191.17999267578125,189.6300048828125,190.69000244140625,188.22691345214844,41616200,0.0,0.0,190.5,7927886100.0,yahoo
AAPL,2023-07-17,191.89999389648438,194.32000732421875,191.80999755859375,193.99000549316406,191.48426818847656,50520200,0.0,0.0,193.3733367919922,9769259649.398804,yahoo
AAPL,2023-07-18,193.35000610351562,194.3300018310547,192.4199981689453,193.72999572753906,191.22760009765625,48288200,0.0,0.0,193.4933319091797,9343444709.89685,yahoo
AAPL,2023-07-19,193.10000610351562,198.22999572753906,192.64999389648438,195.10000610351562,192.57992553710938,80507300,0.0,0.0,195.32666524251303,15725222436.67857,yahoo
AAPL,2023-07-20,195.08999633789062,196.47000122070312,192.5,193.1300048828125,190.63540649414062,59581200,0.0,0.0,194.03333536783853,11560738961.218262,yahoo
AAPL,2023-07-21,194.10000610351562,194.97000122070312,191.22999572753906,191.94000244140625,189.46075439453125,71951700,0.0,0.0,192.7133331298828,13866051931.36139,yahoo
AAPL,2023-07-24,193.41000366210938,194.91000366210938,192.25,192.75,190.26028442382812,45377800,0.0,0.0,193.30333455403647,8771680054.726156,yahoo
AAPL,2023-07-25,193.3300018310547,194.44000244140625,192.9199981689453,193.6199951171875,191.11904907226562,37283200,0.0,0.0,193.65999857584634,7220264458.902994,yahoo
AAPL,2023-07-26,193.6699981689453,195.63999938964844,193.32000732421875,194.5,191.9876708984375,47471900,0.0,0.0,194.4866689046224,9232651697.573345,yahoo
AAPL,2023-07-27,196.02000427246094,197.1999969482422,192.5500030517578,193.22000122070312,190.7241973876953,47460200,0.0,0.0,194.32333374023438,9222624283.978271,yahoo
AAPL,2023-07-28,194.6699981689453,196.6300048828125,194.13999938964844,195.8300018310547,193.30052185058594,48291400,0.0,0.0,195.53333536783853,9442578511.582438,yahoo
AAPL,2023-07-31,196.05999755859375,196.49000549316406,195.25999450683594,196.4499969482422,193.91250610351562,38824100,0.0,0.0,196.06666564941406,7612111833.8394165,yahoo
AAPL,2023-08-01,196.24000549316406,196.72999572753906,195.27999877929688,195.61000061035156,193.08335876464844,35175100,0.0,0.0,195.87333170572916,6889864030.082193,yahoo
AAPL,2023-08-02,195.0399932861328,195.17999267578125,191.85000610351562,192.5800018310547,190.0924835205078,50389300,0.0,0.0,193.20333353678384,9735380734.585062,yahoo
AAPL,2023-08-03,191.57000732421875,192.3699951171875,190.69000244140625,191.1699981689453,188.70069885253906,61235200,0.0,0.0,191.40999857584634,11721029544.791666,yahoo
AAPL,2023-08-04,185.52000427246094,187.3800048828125,181.9199981689453,181.99000549316406,179.6392822265625,115956800,0.0,0.0,183.76333618164062,21308608420.947266,yahoo
AAPL,2023-08-07,182.1300048828125,183.1300048828125,177.35000610351562,178.85000610351562,176.53985595703125,97576100,0.0,0.0,179.77667236328125,17541906560.186768,yahoo
AAPL,2023-08-08,179.69000244140625,180.27000427246094,177.5800018310547,179.8000030517578,177.4775848388672,67823000,0.0,0.0,179.21666971842447,12155012190.312702,yahoo
AAPL,2023-08-09,180.8699951171875,180.92999267578125,177.00999450683594,178.19000244140625,175.88836669921875,60378500,0.0,0.0,178.70999654134116,10790241526.171368,yahoo
AAPL,2023-08-10,179.47999572753906,180.75,177.60000610351562,177.97000122070312,175.67120361328125,54686900,0.0,0.0,178.7733357747396,9776559536.179607,yahoo
AAPL,2023-08-11,177.32000732421875,178.6199951171875,176.5500030517578,177.7899932861328,175.73048400878906,52036700,0.24,0.0,177.65333048502603,9244493062.450153,yahoo
AAPL,2023-08-14,177.97000122070312,179.69000244140625,177.30999755859375,179.4600067138672,177.3811492919922,43675600,0.0,0.0,178.82000223795572,7810070889.744059,yahoo
AAPL,2023-08-15,178.8800048828125,179.47999572753906,177.0500030517578,177.4499969482422,175.39443969726562,43622600,0.0,0.0,177.9933319091797,7764531920.541382,yahoo
AAPL,2023-08-16,177.1300048828125,178.5399932861328,176.5,176.57000732421875,174.52464294433594,46964900,0.0,0.0,177.20333353678384,8322336839.2217,yahoo
AAPL,2023-08-17,177.13999938964844,177.50999450683594,173.47999572753906,174.0,171.98440551757812,66062900,0.0,0.0,174.99666341145834,11560787075.284832,yahoo
AAPL,2023-08-18,172.3000030517578,175.10000610351562,171.9600067138672,174.49000549316406,172.46875,61172200,0.0,0.0,173.85000610351562,10634787343.365479,yahoo
AAPL,2023-08-21,175.07000732421875,176.1300048828125,173.74000549316406,175.83999633789062,173.80308532714844,46311900,0.0,0.0,175.2366689046224,8115543086.643982,yahoo
AAPL,2023-08-22,177.05999755859375,177.67999267578125,176.25,177.22999572753906,175.17698669433594,42038900,0.0,0.0,177.05332946777344,7443127212.162781,yahoo
AAPL,2023-08-23,178.52000427246094,181.5500030517578,178.3300018310547,181.1199951171875,179.0219268798828,52722800,0.0,0.0,180.33333333333334,9507678266.666668,yahoo
AAPL,2023-08-24,180.6699981689453,181.10000610351562,176.00999450683594,176.3800048828125,174.3368377685547,54945800,0.0,0.0,177.8300018310547,9771011714.608765,yahoo
AAPL,2023-08-25,177.3800048828125,179.14999389648438,175.82000732421875,178.61000061035156,176.541015625,51449600,0.0,0.0,177.86000061035156,9150825887.402344,yahoo
AAPL,2023-08-28,180.08999633789062,180.58999633789062,178.5500030517578,180.19000244140625,178.10269165039062,43820700,0.0,0.0,179.77666727701822,7877939403.746033,yahoo
AAPL,2023-08-29,179.6999969482422,184.89999389648438,179.5,184.1199951171875,181.98719787597656,53003900,0.0,0.0,182.83999633789062,9691232881.89392,yahoo
AAPL,2023-08-30,184.94000244140625,187.85000610351562,184.74000549316406,187.64999389648438,185.47628784179688,60813900,0.0,0.0,186.74666849772134,11356793223.353577,yahoo
AAPL,2023-08-31,187.83999633789062,189.1199951171875,187.47999572753906,187.8699951171875,185.69374084472656,60794500,0.0,0.0,188.1566619873047,11438890187.187195,yahoo
AAPL,2023-09-01,189.49000549316406,189.9199981689453,188.27999877929688,189.4600067138672,187.26535034179688,45766500,0.0,0.0,189.22000122070312,8659937185.86731,yahoo
AAPL,2023-09-05,188.27999877929688,189.97999572753906,187.61000061035156,189.6999969482422,187.50257873535156,45280000,0.0,0.0,189.09666442871094,8562296965.332031,yahoo
AAPL,2023-09-06,188.39999389648438,188.85000610351562,181.47000122070312,182.91000366210938,180.7911834716797,81755800,0.0,0.0,184.41000366210938,15076587377.398682,yahoo
AAPL,2023-09-07,175.17999267578125,178.2100067138672,173.5399932861328,177.55999755859375,175.50315856933594,112488800,0.0,0.0,176.4366658528646,19847148817.789715,yahoo
AAPL,2023-09-08,178.35000610351562,180.24000549316406,177.7899932861328,178.17999267578125,176.11598205566406,65551300,0.0,0.0,178.73666381835938,11716420670.95642,yahoo
AAPL,2023-09-11,180.07000732421875,180.3000030517578,177.33999633789062,179.36000061035156,177.28231811523438,58953100,0.0,0.0,179.0,10552604900.0,yahoo
AAPL,2023-09-12,179.49000549316406,180.1300048828125,174.82000732421875,176.3000030517578,174.2577667236328,90370200,0.0,0.0,177.08333841959634,16003056709.646606,yahoo
AAPL,2023-09-13,176.50999450683594,177.3000030517578,173.97999572753906,174.2100067138672,172.19195556640625,84267900,0.0,0.0,175.16333516438803,14760646411.299133,yahoo
AAPL,2023-09-14,174.0,176.10000610351562,173.5800018310547,175.74000549316406,173.7042694091797,60895800,0.0,0.0,175.14000447591147,10665290684.564209,yahoo
AAPL,2023-09-15,176.47999572753906,176.5,173.82000732421875,175.00999450683594,172.9827117919922,109259500,0.0,0.0,175.11000061035156,19132431111.686707,yahoo
AAPL,2023-09-18,176.47999572753906,179.3800048828125,176.1699981689453,177.97000122070312,175.90841674804688,67257600,0.0,0.0,177.84000142415366,11961091679.785156,yahoo
AAPL,2023-09-19,177.52000427246094,179.6300048828125,177.1300048828125,179.07000732421875,176.9957275390625,51826900,0.0,0.0,178.6100056966146,9256802904.237875,yahoo
AAPL,2023-09-20,179.25999450683594,179.6999969482422,175.39999389648438,175.49000549316406,173.45712280273438,58436200,0.0,0.0,176.86333211263022,10335221048.000082,yahoo
AAPL,2023-09-21,174.5500030517578,176.3000030517578,173.86000061035156,173.92999267578125,171.91517639160156,63149100,0.0,0.0,174.69666544596353,11031937195.913696,yahoo
AAPL,2023-09-22,174.6699981689453,177.0800018310547,174.0500030517578,174.7899932861328,172.7652587890625,56725400,0.0,0.0,175.3066660563151,9944340754.710896,yahoo
AAPL,2023-09-25,174.1999969482422,176.97000122070312,174.14999389648438,176.0800018310547,174.04034423828125,46172700,0.0,0.0,175.73333231608072,8114082433.030701,yahoo
AAPL,2023-09-26,174.82000732421875,175.1999969482422,171.66000366210938,171.9600067138672,169.96804809570312,64588900,0.0,0.0,172.94000244140625,11170004523.687744,yahoo
AAPL,2023-09-27,172.6199951171875,173.0399932861328,169.0500030517578,170.42999267578125,168.4557647705078,66921800,0.0,0.0,170.83999633789062,11432920066.925049,yahoo
AAPL,2023-09-28,169.33999633789062,172.02999877929688,167.6199951171875,170.69000244140625,168.71275329589844,56294400,0.0,0.0,170.11333211263022,9576427963.28125,yahoo
AAPL,2023-09-29,172.02000427246094,173.07000732421875,170.33999633789062,171.2100067138672,169.22671508789062,51861100,0.0,0.0,171.54000345865884,8896253273.369852,yahoo
AAPL,2023-10-02,171.22000122070312,174.3000030517578,170.92999267578125,173.75,171.73731994628906,52164500,0.0,0.0,172.9933319091797,9024110662.376404,yahoo
AAPL,2023-10-03,172.25999450683594,173.6300048828125,170.82000732421875,172.39999389648438,170.4029541015625,49594600,0.0,0.0,172.28333536783853,8544323104.233805,yahoo
AAPL,2023-10-04,171.08999633789062,174.2100067138672,170.97000122070312,173.66000366210938,171.6483612060547,53020300,0.0,0.0,172.94667053222656,9169684355.619812,yahoo
AAPL,2023-10-05,173.7899932861328,175.4499969482422,172.67999267578125,174.91000366210938,172.88385009765625,48527900,0.0,0.0,174.34666442871094,8460677496.7300415,yahoo
AAPL,2023-10-06,173.8000030517578,177.99000549316406,173.17999267578125,177.49000549316406,175.4340057373047,57266700,0.0,0.0,176.22000122070312,10091537943.90564,yahoo
AAPL,2023-10-09,176.80999755859375,179.0500030517578,175.8000030517578,178.99000549316406,176.9166259765625,42390800,0.0,0.0,177.94667053222656,7543301721.19751,yahoo
AAPL,2023-10-10,178.10000610351562,179.72000122070312,177.9499969482422,178.38999938964844,176.32354736328125,43698000,0.0,0.0,178.6866658528646,7808249924.438477,yahoo
AAPL,2023-10-11,178.1999969482422,179.85000610351562,177.60000610351562,179.8000030517578,177.71722412109375,47551100,0.0,0.0,179.08333841959634,8515609733.524068,yahoo
AAPL,2023-10-12,180.07000732421875,182.33999633789062,179.0399932861328,180.7100067138672,178.61671447753906,56743100,0.0,0.0,180.69666544596353,10253288957.066853,yahoo
AAPL,2023-10-13,181.4199981689453,181.92999267578125,178.13999938964844,178.85000610351562,176.77825927734375,51427100,0.0,0.0,179.63999938964844,9238364212.61139,yahoo
AAPL,2023-10-16,176.75,179.0800018310547,176.50999450683594,178.72000122070312,176.64974975585938,52517000,0.0,0.0,178.10333251953125,9353452713.928223,yahoo
AAPL,2023-10-17,176.64999389648438,178.4199981689453,174.8000030517578,177.14999389648438,175.097900390625,57549400,0.0,0.0,176.78999837239584,10174158332.332357,yahoo
AAPL,2023-10-18,175.5800018310547,177.5800018310547,175.11000061035156,175.83999633789062,173.80308532714844,54764400,0.0,0.0,176.17666625976562,9648209421.716309,yahoo
AAPL,2023-10-19,176.0399932861328,177.83999633789062,175.19000244140625,175.4600067138672,173.427490234375,59302900,0.0,0.0,176.16333516438803,10446996648.920187,yahoo
AAPL,2023-10-20,175.30999755859375,175.4199981689453,172.63999938964844,172.8800048828125,170.87738037109375,64244000,0.0,0.0,173.64666748046875,11155756505.615234,yahoo
AAPL,2023-10-23,170.91000366210938,174.00999450683594,169.92999267578125,173.0,170.99598693847656,55980100,0.0,0.0,172.3133290608724,9646117392.160543,yahoo
AAPL,2023-10-24,173.0500030517578,173.6699981689453,171.4499969482422,173.44000244140625,171.430908203125,43816600,0.0,0.0,172.85333251953125,7573845329.675293,yahoo
AAPL,2023-10-25,171.8800048828125,173.05999755859375,170.64999389648438,171.10000610351562,169.11801147460938,57157000,0.0,0.0,171.60333251953125,9808331676.818848,yahoo
AAPL,2023-10-26,170.3699951171875,171.3800048828125,165.6699981689453,166.88999938964844,164.95675659179688,70625300,0.0,0.0,167.9800008138021,11863637951.475018,yahoo
AAPL,2023-10-27,166.91000366210938,168.9600067138672,166.8300018310547,168.22000122070312,166.2713623046875,58499100,0.0,0.0,168.00333658854166,9828043987.426758,yahoo
AAPL,2023-10-30,169.02000427246094,171.1699981689453,168.8699951171875,170.2899932861328,168.31735229492188,51131000,0.0,0.0,170.10999552408853,8697894181.14217,yahoo
AAPL,2023-10-31,169.35000610351562,170.89999389648438,167.89999389648438,170.77000427246094,168.79183959960938,44846000,0.0,0.0,169.8566640218099,7617391954.722087,yahoo
AAPL,2023-11-01,171.0,174.22999572753906,170.1199951171875,173.97000122070312,171.95472717285156,56934900,0.0,0.0,172.77333068847656,9836832305.415344,yahoo
AAPL,2023-11-02,175.52000427246094,177.77999877929688,175.4600067138672,177.57000732421875,175.51309204101562,77334800,0.0,0.0,176.9366709391276,13683362059.743244,yahoo
AAPL,2023-11-03,174.24000549316406,176.82000732421875,173.35000610351562,176.64999389648438,174.6037139892578,79829200,0.0,0.0,175.6066691080729,14018539909.562174,yahoo
AAPL,2023-11-06,176.3800048828125,179.42999267578125,176.2100067138672,179.22999572753906,177.15382385253906,63841300,0.0,0.0,178.28999837239584,11382265273.091635,yahoo
AAPL,2023-11-07,179.17999267578125,182.44000244140625,178.97000122070312,181.82000732421875,179.7138214111328,70530000,0.0,0.0,181.07667032877603,12771337558.288574,yahoo
AAPL,2023-11-08,182.35000610351562,183.4499969482422,181.58999633789062,182.88999938964844,180.7714385986328,49340300,0.0,0.0,182.6433308919271,9011676739.206951,yahoo
AAPL,2023-11-09,182.9600067138672,184.1199951171875,181.80999755859375,182.41000366210938,180.2969970703125,53763500,0.0,0.0,182.77999877929688,9826892464.370728,yahoo
AAPL,2023-11-10,183.97000122070312,186.57000732421875,183.52999877929688,186.39999389648438,184.4834747314453,66133400,0.24,0.0,185.5,12267745700.0,yahoo
AAPL,2023-11-13,185.82000732421875,186.02999877929688,184.2100067138672,184.8000030517578,182.8999481201172,43627500,0.0,0.0,185.01333618164062,8071669324.264526,yahoo
AAPL,2023-11-14,187.6999969482422,188.11000061035156,186.3000030517578,187.44000244140625,185.5128173828125,60108400,0.0,0.0,187.28333536783853,11257301635.624186,yahoo
AAPL,2023-11-15,187.85000610351562,189.5,187.77999877929688,188.00999450683594,186.0769500732422,53790500,0.0,0.0,188.42999776204428,10135743794.619244,yahoo
AAPL,2023-11-16,189.57000732421875,190.9600067138672,188.64999389648438,189.7100067138672,187.7594757080078,54412900,0.0,0.0,189.7733357747396,10326117542.177328,yahoo
AAPL,2023-11-17,190.25,190.3800048828125,188.57000732421875,189.69000244140625,187.7396697998047,50922700,0.0,0.0,189.54667154947916,9652228291.312662,yahoo
AAPL,2023-11-20,189.88999938964844,191.91000366210938,189.8800048828125,191.4499969482422,189.48158264160156,46505100,0.0,0.0,191.0800018310547,8886194593.153381,yahoo
AAPL,2023-11-21,191.41000366210938,191.52000427246094,189.74000549316406,190.63999938964844,188.6798858642578,38134500,0.0,0.0,190.63333638509116,7269706966.377258,yahoo
AAPL,2023-11-22,191.49000549316406,192.92999267578125,190.8300018310547,191.30999755859375,189.343017578125,39617700,0.0,0.0,191.68999735514322,7594316808.216858,yahoo
AAPL,2023-11-24,190.8699951171875,190.89999389648438,189.25,189.97000122070312,188.01678466796875,24048300,0.0,0.0,190.03999837239584,4570138892.858887,yahoo
AAPL,2023-11-27,189.9199981689453,190.6699981689453,188.89999389648438,189.7899932861328,187.83865356445312,40552600,0.0,0.0,189.78666178385416,7696342580.655924,yahoo
AAPL,2023-11-28,189.77999877929688,191.0800018310547,189.39999389648438,190.39999389648438,188.4423370361328,38415400,0.0,0.0,190.29332987467447,7310194384.467569,yahoo
AAPL,2023-11-29,190.89999389648438,192.08999633789062,188.97000122070312,189.3699951171875,187.42294311523438,43014200,0.0,0.0,190.1433308919271,8178863263.65153,yahoo
AAPL,2023-11-30,189.83999633789062,190.32000732421875,188.19000244140625,189.9499969482422,187.99700927734375,48794400,0.0,0.0,189.4866689046224,9245888317.199707,yahoo
AAPL,2023-12-01,190.3300018310547,191.55999755859375,189.22999572753906,191.24000549316406,189.2737579345703,45704800,0.0,0.0,190.67666625976562,8714838896.069336,yahoo
AAPL,2023-12-04,189.97999572753906,190.0500030517578,187.4499969482422,189.42999267578125,187.4823455810547,43389500,0.0,0.0,188.9766642252604,8199602972.401937,yahoo
AAPL,2023-12-05,190.2100067138672,194.39999389648438,190.17999267578125,193.4199981689453,191.4313201904297,66628400,0.0,0.0,192.66666158040366,12837071394.443768,yahoo
AAPL,2023-12-06,194.4499969482422,194.75999450683594,192.11000061035156,192.32000732421875,190.34263610839844,41089700,0.0,0.0,193.0633341471354,7932914481.10555,yahoo
AAPL,2023-12-07,193.6300048828125,195.0,193.58999633789062,194.27000427246094,192.2725830078125,47477700,0.0,0.0,194.2866668701172,9224284083.659363,yahoo
AAPL,2023-12-08,194.1999969482422,195.99000549316406,193.6699981689453,195.7100067138672,193.69778442382812,53406400,0.0,0.0,195.1233367919922,10420834974.047852,yahoo
AAPL,2023-12-11,193.11000061035156,193.49000549316406,191.4199981689453,193.17999267578125,191.19378662109375,60943700,0.0,0.0,192.69666544596353,11743647769.939167,yahoo
AAPL,2023-12-12,193.0800018310547,194.72000122070312,191.72000122070312,194.7100067138672,192.7080535888672,52696900,0.0,0.0,193.71666971842447,10208267972.484842,yahoo
AAPL,2023-12-13,195.08999633789062,198.0,194.85000610351562,197.9600067138672,195.92465209960938,70404200,0.0,0.0,196.9366709391276,13865168768.132526,yahoo
AAPL,2023-12-14,198.02000427246094,199.6199951171875,196.16000366210938,198.11000061035156,196.07310485839844,66831600,0.0,0.0,197.9633331298828,13230206294.403076,yahoo
AAPL,2023-12-15,197.52999877929688,198.39999389648438,197.0,197.57000732421875,195.5386505126953,128538400,0.0,0.0,197.65666707356772,25406471734.969078,yahoo
AAPL,2023-12-18,196.08999633789062,196.6300048828125,194.38999938964844,195.88999938964844,193.8759307861328,55751900,0.0,0.0,195.63666788736978,10907115944.38985,yahoo
AAPL,2023-12-19,196.16000366210938,196.9499969482422,195.88999938964844,196.94000244140625,194.91514587402344,40714100,0.0,0.0,196.59333292643228,8004120616.100057,yahoo
AAPL,2023-12-20,196.89999389648438,197.67999267578125,194.8300018310547,194.8300018310547,192.8268280029297,52242800,0.0,0.0,195.77999877929688,10228095320.22705,yahoo
AAPL,2023-12-21,196.10000610351562,197.0800018310547,193.5,194.67999267578125,192.6783447265625,46482500,0.0,0.0,195.08666483561197,9068115898.221333,yahoo
AAPL,2023-12-22,195.17999267578125,195.41000366210938,192.97000122070312,193.60000610351562,191.60948181152344,37149600,0.0,0.0,193.99333699544272,7206774872.045898,yahoo
AAPL,2023-12-26,193.61000061035156,193.88999938964844,192.8300018310547,193.0500030517578,191.0651092529297,28919300,0.0,0.0,193.2566680908203,5588847561.51886,yahoo
AAPL,2023-12-27,192.49000549316406,193.5,191.08999633789062,193.14999389648438,191.16407775878906,48087700,0.0,0.0,192.57999674479166,9260729109.464518,yahoo
AAPL,2023-12-28,194.13999938964844,194.66000366210938,193.1699981689453,193.5800018310547,191.58969116210938,34049900,0.0,0.0,193.80333455403647,6598984161.231486,yahoo
AAPL,2023-12-29,193.89999389648438,194.39999389648438,191.72999572753906,192.52999877929688,190.55044555664062,42672100,0.0,0.0,192.88666280110678,8230878963.715109,yahoo
AAPL,2024-01-02,187.14999389648438,188.44000244140625,183.88999938964844,185.63999938964844,183.73129272460938,82488700,0.0,0.0,185.99000040690103,15342073346.564737,yahoo
AAPL,2024-01-03,184.22000122070312,185.8800048828125,183.42999267578125,184.25,182.3555908203125,58414500,0.0,0.0,184.5199991861979,10778643492.462158,yahoo
AAPL,2024-01-04,182.14999389648438,183.08999633789062,180.8800048828125,181.91000366210938,180.0396728515625,71983600,0.0,0.0,181.96000162760416,13098135973.160807,yahoo
AAPL,2024-01-05,181.99000549316406,182.75999450683594,180.1699981689453,181.17999267578125,179.317138671875,62379700,0.0,0.0,181.3699951171875,11313805884.411621,yahoo
AAPL,2024-01-08,182.08999633789062,185.60000610351562,181.5,185.55999755859375,183.65213012695312,59144500,0.0,0.0,184.22000122070312,10895599862.197876,yahoo
AAPL,2024-01-09,183.9199981689453,185.14999389648438,182.72999572753906,185.13999938964844,183.2364501953125,42841800,0.0,0.0,184.33999633789062,7897457255.108643,yahoo
AAPL,2024-01-10,184.35000610351562,186.39999389648438,183.9199981689453,186.19000244140625,184.27565002441406,46792900,0.0,0.0,185.50333150227866,8680238840.652975,yahoo
AAPL,2024-01-11,186.5399932861328,187.0500030517578,183.6199951171875,185.58999633789062,183.6818084716797,49128400,0.0,0.0,185.4199981689453,9109387838.043213,yahoo
AAPL,2024-01-12,186.05999755859375,186.74000549316406,185.19000244140625,185.9199981689453,184.0084228515625,40477800,0.0,0.0,185.95000203450522,7526846992.352295,yahoo
AAPL,2024-01-16,182.16000366210938,184.25999450683594,180.92999267578125,183.6300048828125,181.74197387695312,65603000,0.0,0.0,182.93999735514322,12001412646.48946,yahoo
AAPL,2024-01-17,181.27000427246094,182.92999267578125,180.3000030517578,182.67999267578125,180.80172729492188,47317400,0.0,0.0,181.9699961344401,8610347095.091755,yahoo
AAPL,2024-01-18,186.08999633789062,189.13999938964844,185.8300018310547,188.6300048828125,186.69056701660156,78005800,0.0,0.0,187.86666870117188,14654689785.369873,yahoo
AAPL,2024-01-19,189.3300018310547,191.9499969482422,188.82000732421875,191.55999755859375,189.59043884277344,68903000,0.0,0.0,190.77666727701822,13145084705.388386,yahoo
AAPL,2024-01-22,192.3000030517578,195.3300018310547,192.25999450683594,193.88999938964844,191.89646911621094,60133900,0.0,0.0,193.82666524251303,11655553305.026754,yahoo
AAPL,2024-01-23,195.02000427246094,195.75,193.8300018310547,195.17999267578125,193.1732177734375,42355600,0.0,0.0,194.9199981689453,8255953474.44458,yahoo
AAPL,2024-01-24,195.4199981689453,196.3800048828125,194.33999633789062,194.5,192.50022888183594,53631300,0.0,0.0,195.07333374023438,10462036483.822632,yahoo
AAPL,2024-01-25,195.22000122070312,196.27000427246094,193.11000061035156,194.1699981689453,192.173583984375,54822100,0.0,0.0,194.51666768391928,10663812207.434591,yahoo
AAPL,2024-01-26,194.27000427246094,194.75999450683594,191.94000244140625,192.4199981689453,190.44158935546875,44594000,0.0,0.0,193.03999837239584,8608425687.418621,yahoo
AAPL,2024-01-29,192.00999450683594,192.1999969482422,189.5800018310547,191.72999572753906,189.75869750976562,47145600,0.0,0.0,191.1699981689453,9012824265.673828,yahoo
AAPL,2024-01-30,190.94000244140625,191.8000030517578,187.47000122070312,188.0399932861328,186.10662841796875,55859400,0.0,0.0,189.10333251953125,10563198692.541504,yahoo
AAPL,2024-01-31,187.0399932861328,187.10000610351562,184.35000610351562,184.39999389648438,182.50405883789062,55467800,0.0,0.0,185.28333536783853,10277258989.516193,yahoo
AAPL,2024-02-01,183.99000549316406,186.9499969482422,183.82000732421875,186.86000061035156,184.93878173828125,64885400,0.0,0.0,185.87666829427084,12060681972.941082,yahoo
AAPL,2024-02-02,179.86000061035156,187.3300018310547,179.25,185.85000610351562,183.9391632080078,102551700,0.0,0.0,184.1433359781901,18884212148.23456,yahoo
AAPL,2024-02-05,188.14999389648438,189.25,185.83999633789062,187.67999267578125,185.75033569335938,69668800,0.0,0.0,187.58999633789062,13069169936.865234,yahoo
AAPL,2024-02-06,186.86000061035156,189.30999755859375,186.77000427246094,189.3000030517578,187.3536834716797,43490800,0.0,0.0,188.46000162760416,8196276238.785807,yahoo
AAPL,2024-02-07,190.63999938964844,191.0500030517578,188.61000061035156,189.41000366210938,187.4625244140625,53439000,0.0,0.0,189.69000244140625,10136844040.466309,yahoo
AAPL,2024-02-08,189.38999938964844,189.5399932861328,187.35000610351562,188.32000732421875,186.3837432861328,40962000,0.0,0.0,188.40333557128906,7717377431.671143,yahoo
AAPL,2024-02-09,188.64999389648438,189.99000549316406,188.0,188.85000610351562,187.14682006835938,45155200,0.24,0.0,188.94667053222656,8531924697.216797,yahoo
AAPL,2024-02-12,188.4199981689453,188.6699981689453,186.7899932861328,187.14999389648438,185.46212768554688,41781900,0.0,0.0,187.53666178385416,7835638048.986816,yahoo
AAPL,2024-02-13,185.77000427246094,186.2100067138672,183.50999450683594,185.0399932861328,183.3711700439453,56529500,0.0,0.0,184.9199981689453,10453435036.491394,yahoo
AAPL,2024-02-14,185.32000732421875,185.52999877929688,182.44000244140625,184.14999389648438,182.48919677734375,54630500,0.0,0.0,184.03999837239584,10054197131.083172,yahoo
AAPL,2024-02-15,183.5500030517578,184.49000549316406,181.35000610351562,183.86000061035156,182.20179748535156,65434500,0.0,0.0,183.23333740234375,11989781816.253662,yahoo
AAPL,2024-02-16,183.4199981689453,184.85000610351562,181.6699981689453,182.30999755859375,180.665771484375,49752500,0.0,0.0,182.9433339436849,9101888222.033184,yahoo
AAPL,2024-02-20,181.7899932861328,182.42999267578125,180.0,181.55999755859375,179.9225616455078,53665600,0.0,0.0,181.32999674479166,9731183073.307291,yahoo
AAPL,2024-02-21,181.94000244140625,182.88999938964844,180.66000366210938,182.32000732421875,180.6757049560547,41371400,0.0,0.0,181.95667012532553,7527802182.422893,yahoo
AAPL,2024-02-22,183.47999572753906,184.9600067138672,182.4600067138672,184.3699951171875,182.7071990966797,52292200,0.0,0.0,183.93000284830728,9618104494.944254,yahoo
AAPL,2024-02-23,185.00999450683594,185.0399932861328,182.22999572753906,182.52000427246094,180.8739013671875,45119700,0.0,0.0,183.2633310953776,8268786520.024109,yahoo
AAPL,2024-02-26,182.24000549316406,182.75999450683594,180.64999389648438,181.16000366210938,179.5261688232422,40867400,0.0,0.0,181.52333068847656,7418386564.578247,yahoo
AAPL,2024-02-27,181.10000610351562,183.9199981689453,179.55999755859375,182.6300048828125,180.98289489746094,54318900,0.0,0.0,182.0366668701172,9888031504.051208,yahoo
AAPL,2024-02-28,182.50999450683594,183.1199951171875,180.1300048828125,181.4199981689453,179.7838134765625,48953900,0.0,0.0,181.5566660563151,8887906874.454243,yahoo
AAPL,2024-02-29,181.27000427246094,182.57000732421875,179.52999877929688,180.75,179.11985778808594,136682600,0.0,0.0,180.95000203450522,24732716748.081463,yahoo
AAPL,2024-03-01,179.5500030517578,180.52999877929688,177.3800048828125,179.66000366210938,178.0396728515625,73563100,0.0,0.0,179.19000244140625,13181772068.597412,yahoo
AAPL,2024-03-04,176.14999389648438,176.89999389648438,173.7899932861328,175.10000610351562,173.5208282470703,81510100,0.0,0.0,175.2633310953776,14285731643.917337,yahoo
AAPL,2024-03-05,170.75999450683594,172.0399932861328,169.6199951171875,170.1199951171875,168.58570861816406,95132400,0.0,0.0,170.59332784016928,16228952701.42212,yahoo
AAPL,2024-03-06,171.05999755859375,171.24000549316406,168.67999267578125,169.1199951171875,167.59475708007812,68587700,0.0,0.0,169.67999776204428,11637960782.503765,yahoo
AAPL,2024-03-07,169.14999389648438,170.72999572753906,168.49000549316406,169.0,167.475830078125,71765100,0.0,0.0,169.40666707356772,12157486403.201294,yahoo
AAPL,2024-03-08,169.0,173.6999969482422,168.94000244140625,170.72999572753906,169.1902313232422,76267000,0.0,0.0,171.12333170572916,13051063139.200846,yahoo
AAPL,2024-03-11,172.94000244140625,174.3800048828125,172.0500030517578,172.75,171.1920166015625,60139500,0.0,0.0,173.06000264485678,10407742029.060364,yahoo
AAPL,2024-03-12,173.14999389648438,174.02999877929688,171.00999450683594,173.22999572753906,171.66766357421875,59825400,0.0,0.0,172.75666300455728,10335236466.912842,yahoo
AAPL,2024-03-13,172.77000427246094,173.19000244140625,170.75999450683594,171.1300048828125,169.58660888671875,52488700,0.0,0.0,171.6933339436849,9011959897.369894,yahoo
AAPL,2024-03-14,172.91000366210938,174.30999755859375,172.0500030517578,173.0,171.4397430419922,72913500,0.0,0.0,173.12000020345053,12622785134.83429,yahoo
AAPL,2024-03-15,171.1699981689453,172.6199951171875,170.2899932861328,172.6199951171875,171.0631866455078,121752700,0.0,0.0,171.84332784016928,20922389141.52578,yahoo
AAPL,2024-03-18,175.57000732421875,177.7100067138672,173.52000427246094,173.72000122070312,172.15325927734375,75604200,0.0,0.0,174.98333740234375,13229475237.634277,yahoo
AAPL,2024-03-19,174.33999633789062,176.61000061035156,173.02999877929688,176.0800018310547,174.49197387695312,55215200,0.0,0.0,175.24000040690103,9675911670.467121,yahoo
AAPL,2024-03-20,175.72000122070312,178.6699981689453,175.08999633789062,178.6699981689453,177.05860900878906,53423100,0.0,0.0,177.4766642252604,9481353580.57251,yahoo
AAPL,2024-03-21,177.0500030517578,177.49000549316406,170.83999633789062,171.3699951171875,169.82444763183594,106181300,0.0,0.0,173.23333231608072,18394140428.65346,yahoo
AAPL,2024-03-22,171.75999450683594,173.0500030517578,170.05999755859375,172.27999877929688,170.7262420654297,71160100,0.0,0.0,171.79666646321616,12225067965.189108,yahoo
AAPL,2024-03-25,170.57000732421875,171.94000244140625,169.4499969482422,170.85000610351562,169.30914306640625,54288300,0.0,0.0,170.74666849772134,9269546363.404846,yahoo
AAPL,2024-03-26,170.0,171.4199981689453,169.5800018310547,169.7100067138672,168.17942810058594,57388400,0.0,0.0,170.2366689046224,9769610049.766033,yahoo
AAPL,2024-03-27,170.41000366210938,173.60000610351562,170.11000061035156,173.30999755859375,171.74693298339844,60273300,0.0,0.0,172.34000142415366,10387500607.83844,yahoo
AAPL,2024-03-28,171.75,172.22999572753906,170.50999450683594,171.47999572753906,169.93345642089844,65672700,0.0,0.0,171.4066619873047,11256738290.693665,yahoo
AAPL,2024-04-01,171.19000244140625,171.25,169.47999572753906,170.02999877929688,168.4965362548828,46240500,0.0,0.0,170.25333150227866,7872599175.331116,yahoo
AAPL,2024-04-02,169.0800018310547,169.33999633789062,168.22999572753906,168.83999633789062,167.3172607421875,49329500,0.0,0.0,168.80332946777344,8326983840.98053,yahoo
AAPL,2024-04-03,168.7899932861328,170.67999267578125,168.5800018310547,169.64999389648438,168.11996459960938,47691700,0.0,0.0,169.63666280110678,8090260831.311544,yahoo
AAPL,2024-04-04,170.2899932861328,171.9199981689453,168.82000732421875,168.82000732421875,167.2974853515625,53704400,0.0,0.0,169.85333760579428,9121871584.11662,yahoo
AAPL,2024-04-05,169.58999633789062,170.38999938964844,168.9499969482422,169.5800018310547,168.0506134033203,42104800,0.0,0.0,169.63999938964844,7142658246.30127,yahoo
AAPL,2024-04-08,169.02999877929688,169.1999969482422,168.24000549316406,168.4499969482422,166.9307861328125,37425500,0.0,0.0,168.62999979654947,6311062057.385762,yahoo
AAPL,2024-04-09,168.6999969482422,170.0800018310547,168.35000610351562,169.6699981689453,168.13978576660156,42373800,0.0,0.0,169.36666870117188,7176709346.209717,yahoo
AAPL,2024-04-10,168.8000030517578,169.08999633789062,167.11000061035156,167.77999877929688,166.26683044433594,49709300,0.0,0.0,167.9933319091797,8350830933.872986,yahoo
AAPL,2024-04-11,168.33999633789062,175.4600067138672,168.16000366210938,175.0399932861328,173.46133422851562,91070300,0.0,0.0,172.88666788736978,15744840710.503132,yahoo
AAPL,2024-04-12,174.25999450683594,178.36000061035156,174.2100067138672,176.5500030517578,174.95774841308594,101670900,0.0,0.0,176.3733367919922,17932035887.64496,yahoo
AAPL,2024-04-15,175.36000061035156,176.6300048828125,172.5,172.69000244140625,171.13255310058594,73531800,0.0,0.0,173.94000244140625,12790121471.520996,yahoo
AAPL,2024-04-16,171.75,173.75999450683594,168.27000427246094,169.3800048828125,167.8524169921875,73711200,0.0,0.0,170.47000122070312,12565548353.979492,yahoo
AAPL,2024-04-17,169.61000061035156,170.64999389648438,168.0,168.0,166.48484802246094,50901200,0.0,0.0,168.88333129882812,8596364223.10791,yahoo
AAPL,2024-04-18,168.02999877929688,168.63999938964844,166.5500030517578,167.0399932861328,165.53347778320312,43122900,0.0,0.0,167.40999857584634,7219204627.586365,yahoo
AAPL,2024-04-19,166.2100067138672,166.39999389648438,164.0800018310547,165.0,163.51190185546875,68149400,0.0,0.0,165.15999857584634,11255554806.944782,yahoo
AAPL,2024-04-22,165.52000427246094,167.25999450683594,164.77000427246094,165.83999633789062,164.34429931640625,48116400,0.0,0.0,165.9566650390625,7985237277.685547,yahoo
AAPL,2024-04-23,165.35000610351562,167.0500030517578,164.9199981689453,166.89999389648438,165.39476013183594,49537800,0.0,0.0,166.28999837239584,8237640681.37207,yahoo
AAPL,2024-04-24,166.5399932861328,169.3000030517578,166.2100067138672,169.02000427246094,167.49563598632812,48251800,0.0,0.0,168.17667134602866,8114827110.454306,yahoo
AAPL,2024-04-25,169.52999877929688,170.61000061035156,168.14999389648438,169.88999938964844,168.35781860351562,50558300,0.0,0.0,169.54999796549478,8572159662.138875,yahoo
AAPL,2024-04-26,169.8800048828125,171.33999633789062,169.17999267578125,169.3000030517578,167.77313232421875,44838400,0.0,0.0,169.93999735514322,7619837577.408854,yahoo
AAPL,2024-04-29,173.3699951171875,176.02999877929688,173.10000610351562,173.5,171.9352569580078,68169400,0.0,0.0,174.21000162760416,11875791284.952799,yahoo
AAPL,2024-04-30,173.3300018310547,174.99000549316406,170.0,170.3300018310547,168.7938232421875,65934800,0.0,0.0,171.7733357747396,11325840539.6403,yahoo
AAPL,2024-05-01,169.5800018310547,172.7100067138672,169.11000061035156,169.3000030517578,167.77313232421875,50383100,0.0,0.0,170.3733367919922,8583936864.924622,yahoo
AAPL,2024-05-02,172.50999450683594,173.4199981689453,170.88999938964844,173.02999877929688,171.469482421875,94214900,0.0,0.0,172.44666544596353,16247045340.32491,yahoo
AAPL,2024-05-03,186.64999389648438,187.0,182.66000366210938,183.3800048828125,181.72613525390625,163224100,0.0,0.0,184.34666951497397,30089819219.579063,yahoo
AAPL,2024-05-06,182.35000610351562,184.1999969482422,180.4199981689453,181.7100067138672,180.07119750976562,78569700,0.0,0.0,182.11000061035156,14308328114.95514,yahoo
AAPL,2024-05-07,183.4499969482422,184.89999389648438,181.32000732421875,182.39999389648438,180.7550048828125,77305800,0.0,0.0,182.87333170572916,14137169206.176758,yahoo
AAPL,2024-05-08,182.85000610351562,183.07000732421875,181.4499969482422,182.74000549316406,181.09190368652344,45057100,0.0,0.0,182.42000325520834,8219316328.670248,yahoo
AAPL,2024-05-09,182.55999755859375,184.66000366210938,182.11000061035156,184.57000732421875,182.90541076660156,48983000,0.0,0.0,183.7800038655599,9002095929.346722,yahoo
AAPL,2024-05-10,184.89999389648438,185.08999633789062,182.1300048828125,183.0500030517578,181.64515686035156,50759500,0.25,0.0,183.42333475748697,9310476760.62266,yahoo
AAPL,2024-05-13,185.44000244140625,187.10000610351562,184.6199951171875,186.27999877929688,184.85035705566406,72044800,0.0,0.0,186.0,13400332800.0,yahoo
AAPL,2024-05-14,187.50999450683594,188.3000030517578,186.2899932861328,187.42999267578125,185.9915313720703,52393600,0.0,0.0,187.33999633789062,9815416832.128906,yahoo
AAPL,2024-05-15,187.91000366210938,190.64999389648438,187.3699951171875,189.72000122070312,188.2639617919922,70400000,0.0,0.0,189.24666341145834,13322965104.166668,yahoo
AAPL,2024-05-16,190.47000122070312,191.10000610351562,189.66000366210938,189.83999633789062,188.383056640625,52845200,0.0,0.0,190.20000203450522,10051157147.513836,yahoo
AAPL,2024-05-17,189.50999450683594,190.80999755859375,189.17999267578125,189.8699951171875,188.41281127929688,41282900,0.0,0.0,189.95332845052084,7841824263.090007,yahoo
AAPL,2024-05-20,189.3300018310547,191.9199981689453,189.00999450683594,191.0399932861328,189.57382202148438,44361300,0.0,0.0,190.6566619873047,8457777379.417419,yahoo
AAPL,2024-05-21,191.08999633789062,192.72999572753906,190.9199981689453,192.35000610351562,190.87379455566406,42309400,0.0,0.0,192.0,8123404800.0,yahoo
AAPL,2024-05-22,192.27000427246094,192.82000732421875,190.27000427246094,190.89999389648438,189.43490600585938,34648500,0.0,0.0,191.3300018310547,6629297568.443298,yahoo
AAPL,2024-05-23,190.97999572753906,191.0,186.6300048828125,186.8800048828125,185.4457550048828,51005900,0.0,0.0,188.17000325520834,9597780369.034832,yahoo
AAPL,2024-05-24,188.82000732421875,190.5800018310547,188.0399932861328,189.97999572753906,188.52195739746094,36327000,0.0,0.0,189.53333028157553,6885177289.138794,yahoo
AAPL,2024-05-28,191.50999450683594,193.0,189.10000610351562,189.99000549316406,188.53189086914062,52280100,0.0,0.0,190.69667053222656,9969641005.091858,yahoo
AAPL,2024-05-29,189.61000061035156,192.25,189.50999450683594,190.2899932861328,188.82957458496094,53068000,0.0,0.0,190.6833292643229,10119182917.399088,yahoo
AAPL,2024-05-30,190.75999450683594,192.17999267578125,190.6300048828125,191.2899932861328,189.8218994140625,49889100,0.0,0.0,191.36666361490884,9547110617.75055,yahoo
AAPL,2024-05-31,191.44000244140625,192.57000732421875,189.91000366210938,192.25,190.77455139160156,75158300,0.0,0.0,191.57667032877603,14398576861.571247,yahoo
AAPL,2024-06-03,192.89999389648438,194.99000549316406,192.52000427246094,194.02999877929688,192.54087829589844,50080500,0.0,0.0,193.84666951497397,9707938132.644653,yahoo
AAPL,2024-06-04,194.63999938964844,195.32000732421875,193.02999877929688,194.35000610351562,192.85842895507812,47471400,0.0,0.0,194.23333740234375,9220528453.161621,yahoo
AAPL,2024-06-05,195.39999389648438,196.89999389648438,194.8699951171875,195.8699951171875,194.3667755126953,54156800,0.0,0.0,195.87999471028647,10608233697.526043,yahoo
AAPL,2024-06-06,195.69000244140625,196.5,194.1699981689453,194.47999572753906,192.98741149902344,41181800,0.0,0.0,195.04999796549478,8032510006.215413,yahoo
AAPL,2024-06-07,194.64999389648438,196.94000244140625,194.13999938964844,196.88999938964844,195.37893676757812,53103900,0.0,0.0,195.99000040690103,10407833382.608032,yahoo
AAPL,2024-06-10,196.89999389648438,197.3000030517578,192.14999389648438,193.1199951171875,191.63784790039062,97010200,0.0,0.0,194.18999735514322,18838410481.421913,yahoo
AAPL,2024-06-11,193.64999389648438,207.16000366210938,193.6300048828125,207.14999389648438,205.5601806640625,172373300,0.0,0.0,202.64666748046875,34930874807.611084,yahoo
AAPL,2024-06-12,207.3699951171875,220.1999969482422,206.89999389648438,213.07000732421875,211.43478393554688,198134300,0.0,0.0,213.38999938964844,42279878156.06842,yahoo
AAPL,2024-06-13,214.74000549316406,216.75,211.60000610351562,214.24000549316406,212.59579467773438,97862700,0.0,0.0,214.19667053222656,20961864509.29413,yahoo
AAPL,2024-06-14,213.85000610351562,215.1699981689453,211.3000030517578,212.49000549316406,210.85922241210938,70122700,0.0,0.0,212.9866689046224,14935200287.598166,yahoo
AAPL,2024-06-17,213.3699951171875,218.9499969482422,212.72000122070312,216.6699981689453,215.00714111328125,93728300,0.0,0.0,216.11333211263022,20255935226.25224,yahoo
AAPL,2024-06-18,217.58999633789062,218.6300048828125,213.0,214.2899932861328,212.64537048339844,79943300,0.0,0.0,215.3066660563151,17212325396.539814,yahoo
AAPL,2024-06-20,213.92999267578125,214.24000549316406,208.85000610351562,209.67999267578125,208.0707550048828,86172500,0.0,0.0,210.92333475748697,18175791064.389545,yahoo
AAPL,2024-06-21,210.38999938964844,211.88999938964844,207.11000061035156,207.49000549316406,205.89759826660156,241805100,0.0,0.0,208.8300018310547,50496159475.75836,yahoo
AAPL,2024-06-24,207.72000122070312,212.6999969482422,206.58999633789062,208.13999938964844,206.5426025390625,80727000,0.0,0.0,209.1433308919271,16883513672.912598,yahoo
AAPL,2024-06-25,209.14999389648438,211.3800048828125,208.61000061035156,209.07000732421875,207.46548461914062,55549700,0.0,0.0,209.6866709391276,11648031664.667255,yahoo
AAPL,2024-06-26,211.5,214.86000061035156,210.63999938964844,213.25,211.61337280273438,66213200,0.0,0.0,212.91666666666666,14097893833.333332,yahoo
AAPL,2024-06-27,214.69000244140625,215.74000549316406,212.35000610351562,214.10000610351562,212.4568634033203,49772700,0.0,0.0,214.06333923339844,10654510364.66217,yahoo
AAPL,2024-06-28,215.77000427246094,216.07000732421875,210.3000030517578,210.6199951171875,209.00357055664062,82542700,0.0,0.0,212.3300018310547,17526291642.140198,yahoo
AAPL,2024-07-01,212.08999633789062,217.50999450683594,211.9199981689453,216.75,215.08653259277344,60402900,0.0,0.0,215.3933308919271,13010381826.531982,yahoo
AAPL,2024-07-02,216.14999389648438,220.3800048828125,215.10000610351562,220.27000427246094,218.57949829101562,58046200,0.0,0.0,218.58333841959634,12687932178.571573,yahoo
AAPL,2024-07-03,220.0,221.5500030517578,219.02999877929688,221.5500030517578,219.84967041015625,37369800,0.0,0.0,220.71000162760416,8247888618.823242,yahoo
AAPL,2024-07-05,221.64999389648438,226.4499969482422,221.64999389648438,226.33999633789062,224.6029052734375,60412400,0.0,0.0,224.8133290608724,13581512760.557049,yahoo
AAPL,2024-07-08,227.08999633789062,227.85000610351562,223.25,227.82000732421875,226.0715789794922,59085900,0.0,0.0,226.30667114257812,13371533340.463257,yahoo
AAPL,2024-07-09,227.92999267578125,229.39999389648438,226.3699951171875,228.67999267578125,226.9249267578125,48076100,0.0,0.0,228.14999389648438,10968561921.566772,yahoo
AAPL,2024-07-10,229.3000030517578,233.0800018310547,229.25,232.97999572753906,231.1919708251953,62627700,0.0,0.0,231.7699991861979,14515221978.033447,yahoo
AAPL,2024-07-11,231.38999938964844,232.38999938964844,225.77000427246094,227.57000732421875,225.823486328125,64710600,0.0,0.0,228.57667032877603,14791333482.977295,yahoo
AAPL,2024-07-12,228.9199981689453,232.63999938964844,228.67999267578125,230.5399932861328,228.77066040039062,53046500,0.0,0.0,230.6199951171875,12233583570.983887,yahoo
AAPL,2024-07-15,236.47999572753906,237.22999572753906,233.08999633789062,234.39999389648438,232.60105895996094,62631300,0.0,0.0,234.9066619873047,14712509618.925476,yahoo
AAPL,2024-07-16,235.0,236.27000427246094,232.3300018310547,234.82000732421875,233.0178680419922,43234300,0.0,0.0,234.47333780924478,10137290628.846231,yahoo
AAPL,2024-07-17,229.4499969482422,231.4600067138672,226.63999938964844,228.8800048828125,227.12342834472656,57345900,0.0,0.0,228.99333699544272,13131829004.006958,yahoo
AAPL,2024-07-18,230.27999877929688,230.44000244140625,222.27000427246094,224.17999267578125,222.45948791503906,66034600,0.0,0.0,225.62999979654947,14899386784.565226,yahoo
AAPL,2024-07-19,224.82000732421875,226.8000030517578,223.27999877929688,224.30999755859375,222.5885009765625,49151500,0.0,0.0,224.79666646321616,11049093351.666769,yahoo
AAPL,2024-07-22,227.00999450683594,227.77999877929688,223.08999633789062,223.9600067138672,222.2412109375,48201800,0.0,0.0,224.9433339436849,10842673594.086712,yahoo
AAPL,2024-07-23,224.3699951171875,226.94000244140625,222.67999267578125,225.00999450683594,223.28314208984375,39960300,0.0,0.0,224.8766632080078,8986138924.790955,yahoo
AAPL,2024-07-24,224.0,224.8000030517578,217.1300048828125,218.5399932861328,216.86276245117188,61777600,0.0,0.0,220.15666707356772,13600750515.804037,yahoo
AAPL,2024-07-25,218.92999267578125,220.85000610351562,214.6199951171875,217.49000549316406,215.8208465576172,51391200,0.0,0.0,217.65333557128906,11185466099.01123,yahoo
AAPL,2024-07-26,218.6999969482422,219.49000549316406,216.00999450683594,217.9600067138672,216.28724670410156,41601300,0.0,0.0,217.82000223795572,9061595259.101868,yahoo
AAPL,2024-07-29,216.9600067138672,219.3000030517578,215.75,218.24000549316406,216.56509399414062,36311800,0.0,0.0,217.76333618164062,7907378710.760498,yahoo
AAPL,2024-07-30,219.19000244140625,220.3300018310547,216.1199951171875,218.8000030517578,217.1208038330078,41643800,0.0,0.0,218.41666666666666,9095699983.333332,yahoo
AAPL,2024-07-31,221.44000244140625,223.82000732421875,220.6300048828125,222.0800018310547,220.3756103515625,50036300,0.0,0.0,222.17667134602866,11116898580.471294,yahoo
AAPL,2024-08-01,224.3699951171875,224.47999572753906,217.02000427246094,218.36000061035156,216.6841583251953,62501000,0.0,0.0,219.95333353678384,13747303299.382526,yahoo
AAPL,2024-08-02,219.14999389648438,225.60000610351562,217.7100067138672,219.86000061035156,218.1726531982422,105568600,0.0,0.0,221.05667114257812,23336643293.182373,yahoo
AAPL,2024-08-05,199.08999633789062,213.5,196.0,209.27000427246094,207.6639404296875,119548600,0.0,0.0,206.2566680908203,24657695910.92224,yahoo
AAPL,2024-08-06,205.3000030517578,209.99000549316406,201.07000732421875,207.22999572753906,205.6395721435547,69660500,0.0,0.0,206.09666951497397,14356797046.747845,yahoo
AAPL,2024-08-07,206.89999389648438,213.63999938964844,206.38999938964844,209.82000732421875,208.20970153808594,63516400,0.0,0.0,209.95000203450522,13335268309.224447,yahoo
AAPL,2024-08-08,213.11000061035156,214.1999969482422,208.8300018310547,213.30999755859375,211.6729278564453,47161100,0.0,0.0,212.11333211263022,10003498067.096966,yahoo
AAPL,2024-08-09,212.10000610351562,216.77999877929688,211.97000122070312,216.24000549316406,214.58042907714844,42201600,0.0,0.0,214.99666849772134,9073203405.273438,yahoo
AAPL,2024-08-12,216.07000732421875,219.50999450683594,215.60000610351562,217.52999877929688,216.11038208007812,38028100,0.25,0.0,217.54666646321616,8272886386.929831,yahoo
AAPL,2024-08-13,219.00999450683594,221.88999938964844,219.00999450683594,221.27000427246094,219.82598876953125,44155300,0.0,0.0,220.72333272298178,9746104973.383078,yahoo
AAPL,2024-08-14,220.57000732421875,223.02999877929688,219.6999969482422,221.72000122070312,220.27305603027344,41960600,0.0,0.0,221.48333231608072,9293573513.982136,yahoo
AAPL,2024-08-15,224.60000610351562,225.35000610351562,222.75999450683594,224.72000122070312,223.25344848632812,46414000,0.0,0.0,224.27666727701822,10409577234.995523,yahoo
AAPL,2024-08-16,223.9199981689453,226.8300018310547,223.64999389648438,226.0500030517578,224.5747833251953,44340200,0.0,0.0,225.50999959309897,9999158483.957928,yahoo
AAPL,2024-08-19,225.72000122070312,225.99000549316406,223.0399932861328,225.88999938964844,224.4158172607422,40687800,0.0,0.0,224.97333272298178,9153669967.166138,yahoo
AAPL,2024-08-20,225.77000427246094,227.1699981689453,225.4499969482422,226.50999450683594,225.03176879882812,30299000,0.0,0.0,226.3766632080078,6858986518.539429,yahoo
AAPL,2024-08-21,226.52000427246094,227.97999572753906,225.0500030517578,226.39999389648438,224.92250061035156,34765500,0.0,0.0,226.4766642252604,7873574470.123291,yahoo
AAPL,2024-08-22,227.7899932861328,228.33999633789062,223.89999389648438,224.52999877929688,223.06472778320312,43695300,0.0,0.0,225.58999633789062,9857222566.983032,yahoo
AAPL,2024-08-23,225.66000366210938,228.22000122070312,224.3300018310547,226.83999633789062,225.359619140625,38677300,0.0,0.0,226.4633331298828,8758990274.464417,yahoo
AAPL,2024-08-26,226.75999450683594,227.27999877929688,223.88999938964844,227.17999267578125,225.69741821289062,30602200,0.0,0.0,226.11666361490884,6919667363.276163,yahoo
AAPL,2024-08-27,226.0,228.85000610351562,224.88999938964844,228.02999877929688,226.5418701171875,35934600,0.0,0.0,227.2566680908203,8166377465.176392,yahoo
AAPL,2024-08-28,227.9199981689453,229.86000061035156,225.67999267578125,226.49000549316406,225.0119171142578,38052200,0.0,0.0,227.34333292643228,8650913973.183186,yahoo
AAPL,2024-08-29,230.10000610351562,232.9199981689453,228.8800048828125,229.7899932861328,228.29039001464844,51906300,0.0,0.0,230.52999877929688,11965959275.637817,yahoo
AAPL,2024-08-30,230.19000244140625,230.39999389648438,227.47999572753906,229.0,227.5055389404297,52990800,0.0,0.0,228.95999654134116,12132773384.7229,yahoo
AAPL,2024-09-03,228.5500030517578,229.0,221.1699981689453,222.77000427246094,221.31619262695312,50190600,0.0,0.0,224.3133341471354,11258420828.845215,yahoo
AAPL,2024-09-04,221.66000366210938,221.77999877929688,217.47999572753906,220.85000610351562,219.40872192382812,43840200,0.0,0.0,220.0366668701172,9646451482.919312,yahoo
AAPL,2024-09-05,221.6300048828125,225.47999572753906,221.52000427246094,222.3800048828125,220.9287567138672,36615400,0.0,0.0,223.12666829427084,8169872210.262045,yahoo
AAPL,2024-09-06,223.9499969482422,225.24000549316406,219.77000427246094,220.82000732421875,219.37893676757812,48423000,0.0,0.0,221.9433390299479,10747162305.847168,yahoo
AAPL,2024-09-09,220.82000732421875,221.27000427246094,216.7100067138672,220.91000366210938,219.4683380126953,67180000,0.0,0.0,219.6300048828125,14754743728.027344,yahoo
AAPL,2024-09-10,218.9199981689453,221.47999572753906,216.72999572753906,220.11000061035156,218.67355346679688,51591000,0.0,0.0,219.43999735514322,11321128903.549194,yahoo
AAPL,2024-09-11,221.4600067138672,223.08999633789062,217.88999938964844,222.66000366210938,221.20692443847656,44587100,0.0,0.0,221.2133331298828,9863261005.595398,yahoo
AAPL,2024-09-12,222.5,223.5500030517578,219.82000732421875,222.77000427246094,221.31619262695312,37455600,0.0,0.0,222.04667154947916,8316891310.888672,yahoo
AAPL,2024-09-13,223.5800018310547,224.0399932861328,221.91000366210938,222.5,221.04794311523438,36766600,0.0,0.0,222.81666564941406,8192211219.265747,yahoo
AAPL,2024-09-16,216.5399932861328,217.22000122070312,213.9199981689453,216.32000732421875,214.90829467773438,59357400,0.0,0.0,215.82000223795572,12810514200.839233,yahoo
AAPL,2024-09-17,215.75,216.89999389648438,214.5,216.7899932861328,215.37521362304688,45519300,0.0,0.0,216.0633290608724,9835051494.520569,yahoo
AAPL,2024-09-18,217.5500030517578,222.7100067138672,217.5399932861328,220.69000244140625,219.24977111816406,59894900,0.0,0.0,220.3133341471354,13195645117.40926,yahoo
AAPL,2024-09-19,224.99000549316406,229.82000732421875,224.6300048828125,228.8699951171875,227.3763885498047,66781300,0.0,0.0,227.7733357747396,15210999468.373617,yahoo
AAPL,2024-09-20,229.97000122070312,233.08999633789062,227.6199951171875,228.1999969482422,226.71075439453125,318679900,0.0,0.0,229.63666280110678,73180588737.79044,yahoo
AAPL,2024-09-23,227.33999633789062,229.4499969482422,225.80999755859375,226.47000122070312,224.9920654296875,54146000,0.0,0.0,227.2433319091797,12304317449.554443,yahoo
AAPL,2024-09-24,228.64999389648438,229.35000610351562,225.72999572753906,227.3699951171875,225.8861541748047,43556100,0.0,0.0,227.48333231608072,9908286770.692444,yahoo
AAPL,2024-09-25,224.92999267578125,227.2899932861328,224.02000427246094,226.3699951171875,224.89268493652344,42308700,0.0,0.0,225.8933308919271,9557253168.707275,yahoo
AAPL,2024-09-26,227.3000030517578,228.5,225.41000366210938,227.52000427246094,226.03521728515625,36636700,0.0,0.0,227.1433359781901,8321782257.232157,yahoo
AAPL,2024-09-27,228.4600067138672,229.52000427246094,227.3000030517578,227.7899932861328,226.3034210205078,34026000,0.0,0.0,228.20333353678384,7764846626.922607,yahoo
AAPL,2024-09-30,230.0399932861328,233.0,229.64999389648438,233.0,231.4794464111328,54541900,0.0,0.0,231.88333129882812,12647357467.367554,yahoo
AAPL,2024-10-01,229.52000427246094,229.64999389648438,223.74000549316406,226.2100067138672,224.73374938964844,63285000,0.0,0.0,226.53333536783853,14336162128.753662,yahoo
AAPL,2024-10-02,225.88999938964844,227.3699951171875,223.02000427246094,226.77999877929688,225.30003356933594,32880600,0.0,0.0,225.72333272298178,7421918613.931274,yahoo
AAPL,2024-10-03,225.13999938964844,226.80999755859375,223.32000732421875,225.6699981689453,224.197265625,34044200,0.0,0.0,225.26666768391928,7669023487.964885,yahoo
AAPL,2024-10-04,227.89999389648438,228.0,224.1300048828125,226.8000030517578,225.31988525390625,37245100,0.0,0.0,226.31000264485678,8428938679.507956,yahoo
AAPL,2024-10-07,224.5,225.69000244140625,221.3300018310547,221.69000244140625,220.24325561523438,39505400,0.0,0.0,222.90333557128906,8805885433.078003,yahoo
AAPL,2024-10-08,224.3000030517578,225.97999572753906,223.25,225.77000427246094,224.29661560058594,31855700,0.0,0.0,225.0,7167532500.0,yahoo
AAPL,2024-10-09,225.22999572753906,229.75,224.8300018310547,229.5399932861328,228.04200744628906,33591100,0.0,0.0,228.03999837239584,7660114389.326986,yahoo
AAPL,2024-10-10,227.77999877929688,229.5,227.1699981689453,229.0399932861328,227.54527282714844,28183500,0.0,0.0,228.56999715169272,6441902514.724731,yahoo
AAPL,2024-10-11,229.3000030517578,229.41000366210938,227.33999633789062,227.5500030517578,226.0649871826172,31759200,0.0,0.0,228.1000010172526,7244273552.307129,yahoo
AAPL,2024-10-14,228.6999969482422,231.72999572753906,228.60000610351562,231.3000030517578,229.79052734375,39882100,0.0,0.0,230.5433349609375,9194552339.245605,yahoo
AAPL,2024-10-15,233.61000061035156,237.49000549316406,232.3699951171875,233.85000610351562,232.3238983154297,64751400,0.0,0.0,234.57000223795572,15188736042.910767,yahoo
AAPL,2024-10-16,231.60000610351562,232.1199951171875,229.83999633789062,231.77999877929688,230.26736450195312,34082200,0.0,0.0,231.24666341145834,7881395031.722006,yahoo
AAPL,2024-10-17,233.42999267578125,233.85000610351562,230.52000427246094,232.14999389648438,230.63497924804688,32993800,0.0,0.0,232.17333475748697,7660280572.321573,yahoo
AAPL,2024-10-18,236.17999267578125,236.17999267578125,234.00999450683594,235.0,233.4663848876953,46431500,0.0,0.0,235.0633290608724,10914342963.289898,yahoo
AAPL,2024-10-21,234.4499969482422,236.85000610351562,234.4499969482422,236.47999572753906,234.9367218017578,36254500,0.0,0.0,235.92666625976562,8553403321.914673,yahoo
AAPL,2024-10-22,233.88999938964844,236.22000122070312,232.60000610351562,235.86000061035156,234.3207550048828,38846600,0.0,0.0,234.8933359781901,9124807465.410358,yahoo
AAPL,2024-10-23,234.0800018310547,235.13999938964844,227.75999450683594,230.75999450683594,229.25404357910156,52287000,0.0,0.0,231.2199961344401,12089799937.88147,yahoo
AAPL,2024-10-24,229.97999572753906,230.82000732421875,228.41000366210938,230.57000732421875,229.06529235839844,31109500,0.0,0.0,229.93333943684897,7153111223.210653,yahoo
AAPL,2024-10-25,229.74000549316406,233.22000122070312,229.57000732421875,231.41000366210938,229.89981079101562,38802300,0.0,0.0,231.4000040690104,8978852377.886963,yahoo
AAPL,2024-10-28,233.32000732421875,234.72999572753906,232.5500030517578,233.39999389648438,231.87681579589844,36087100,0.0,0.0,233.55999755859375,8428502987.8967285,yahoo
AAPL,2024-10-29,233.10000610351562,234.3300018310547,232.32000732421875,233.6699981689453,232.1450653076172,35417200,0.0,0.0,233.44000244140625,8267791254.467773,yahoo
AAPL,2024-10-30,232.61000061035156,233.47000122070312,229.5500030517578,230.10000610351562,228.59835815429688,47070900,0.0,0.0,231.04000345865884,10875260898.802185,yahoo
AAPL,2024-10-31,229.33999633789062,229.8300018310547,225.3699951171875,225.91000366210938,224.43569946289062,64370100,0.0,0.0,227.0366668701172,14614372950.09613,yahoo
AAPL,2024-11-01,220.97000122070312,225.35000610351562,220.27000427246094,222.91000366210938,221.4552764892578,65276700,0.0,0.0,222.8433380126953,14546477722.453308,yahoo
AAPL,2024-11-04,220.99000549316406,222.7899932861328,219.7100067138672,222.00999450683594,220.56114196777344,44944500,0.0,0.0,221.50333150227866,9955356482.704163,yahoo
AAPL,2024-11-05,221.8000030517578,223.9499969482422,221.13999938964844,223.4499969482422,221.9917449951172,28111300,0.0,0.0,222.84666442871094,6264509437.754822,yahoo
AAPL,2024-11-06,222.61000061035156,226.07000732421875,221.19000244140625,222.72000122070312,221.26651000976562,54561100,0.0,0.0,223.32667032877603,12184948792.475382,yahoo
AAPL,2024-11-07,224.6300048828125,227.8800048828125,224.57000732421875,227.47999572753906,225.99545288085938,42137700,0.0,0.0,226.6433359781901,9550228898.448181,yahoo
AAPL,2024-11-08,227.1699981689453,228.66000366210938,226.41000366210938,226.9600067138672,225.72691345214844,38328800,0.25,0.0,227.3433380126953,8713797334.020996,yahoo
AAPL,2024-11-11,225.0,225.6999969482422,221.5,224.22999572753906,223.01174926757812,42005600,0.0,0.0,223.80999755859375,9401273233.447266,yahoo
AAPL,2024-11-12,224.5500030517578,225.58999633789062,223.36000061035156,224.22999572753906,223.01174926757812,40398300,0.0,0.0,224.3933308919271,9065109099.371338,yahoo
AAPL,2024-11-13,224.00999450683594,226.64999389648438,222.75999450683594,225.1199951171875,223.89691162109375,48566200,0.0,0.0,224.84332784016928,10919786028.55123,yahoo
AAPL,2024-11-14,225.02000427246094,228.8699951171875,225.0,228.22000122070312,226.98007202148438,44923900,0.0,0.0,227.36333211263022,10214047595.494589,yahoo
AAPL,2024-11-15,226.39999389648438,226.9199981689453,224.27000427246094,225.0,223.77755737304688,47923700,0.0,0.0,225.39666748046875,10801842273.33374,yahoo
AAPL,2024-11-18,225.25,229.74000549316406,225.1699981689453,228.02000427246094,226.7811737060547,44633700,0.0,0.0,227.6433359781901,10160564365.049744,yahoo
AAPL,2024-11-19,226.97999572753906,230.16000366210938,226.66000366210938,228.27999877929688,227.03973388671875,36211800,0.0,0.0,228.36666870117188,8269568133.673096,yahoo
AAPL,2024-11-20,228.05999755859375,229.92999267578125,225.88999938964844,229.0,227.75584411621094,35169600,0.0,0.0,228.27333068847656,8028281730.981445,yahoo
AAPL,2024-11-21,228.8800048828125,230.16000366210938,225.7100067138672,228.52000427246094,227.27847290039062,42108300,0.0,0.0,228.1300048828125,9606166684.606934,yahoo
AAPL,2024-11-22,228.05999755859375,230.72000122070312,228.05999755859375,229.8699951171875,228.62109375,38168300,0.0,0.0,229.54999796549478,8761533187.346394,yahoo
AAPL,2024-11-25,231.4600067138672,233.25,229.74000549316406,232.8699951171875,231.60479736328125,90152800,0.0,0.0,231.95333353678384,20911242487.674965,yahoo
AAPL,2024-11-26,233.3300018310547,235.57000732421875,233.3300018310547,235.05999755859375,233.78292846679688,45986200,0.0,0.0,234.65333557128906,10790815220.248413,yahoo
AAPL,2024-11-27,234.47000122070312,235.69000244140625,233.80999755859375,234.92999267578125,233.6536102294922,33498400,0.0,0.0,234.80999755859375,7865759222.216797,yahoo
AAPL,2024-11-29,234.80999755859375,237.80999755859375,233.97000122070312,237.3300018310547,236.0405731201172,28481400,0.0,0.0,236.37000020345053,6732148523.794556,yahoo
AAPL,2024-12-02,237.27000427246094,240.7899932861328,237.16000366210938,239.58999633789062,238.28829956054688,48137100,0.0,0.0,239.17999776204428,11513431470.271301,yahoo
AAPL,2024-12-03,239.80999755859375,242.75999450683594,238.89999389648438,242.64999389648438,241.33168029785156,38861000,0.0,0.0,241.43666076660156,9382470074.050903,yahoo
AAPL,2024-12-04,242.8699951171875,244.11000061035156,241.25,243.00999450683594,241.68972778320312,44383900,0.0,0.0,242.78999837239584,10775967008.76058,yahoo
AAPL,2024-12-05,243.99000549316406,244.5399932861328,242.1300048828125,243.0399932861328,241.71954345703125,40033900,0.0,0.0,243.23666381835938,9737712275.637817,yahoo
AAPL,2024-12-06,242.91000366210938,244.6300048828125,242.0800018310547,242.83999633789062,241.52064514160156,36870600,0.0,0.0,243.18333435058594,8966315447.506714,yahoo
AAPL,2024-12-09,241.8300018310547,247.24000549316406,241.75,246.75,245.40939331054688,44649200,0.0,0.0,245.24666849772134,10950067551.088459,yahoo
AAPL,2024-12-10,246.88999938964844,248.2100067138672,245.33999633789062,247.77000427246094,246.42385864257812,36914800,0.0,0.0,247.1066691080729,9121893268.79069,yahoo
AAPL,2024-12-11,247.9600067138672,250.8000030517578,246.25999450683594,246.49000549316406,245.1508331298828,45205800,0.0,0.0,247.8500010172526,11204257575.985718,yahoo
AAPL,2024-12-12,246.88999938964844,248.74000549316406,245.67999267578125,247.9600067138672,246.6128387451172,32777500,0.0,0.0,247.46000162760416,8111120203.348795,yahoo
AAPL,2024-12-13,247.82000732421875,249.2899932861328,246.24000549316406,248.1300048828125,246.7819061279297,33155300,0.0,0.0,247.88666788736978,8218756839.806111,yahoo
AAPL,2024-12-16,247.99000549316406,251.3800048828125,247.64999389648438,251.0399932861328,249.67608642578125,51694800,0.0,0.0,250.02333068847656,12924906075.274658,yahoo
AAPL,2024-12-17,250.0800018310547,253.8300018310547,249.77999877929688,253.47999572753906,252.1028289794922,51356400,0.0,0.0,252.36333211263022,12960472229.309082,yahoo
AAPL,2024-12-18,252.16000366210938,254.27999877929688,247.74000549316406,248.0500030517578,246.70233154296875,56774100,0.0,0.0,250.0233357747396,14194849867.608643,yahoo
AAPL,2024-12-19,247.5,252.0,247.08999633789062,249.7899932861328,248.432861328125,60882300,0.0,0.0,249.6266632080078,15197845397.428894,yahoo
AAPL,2024-12-20,248.0399932861328,255.0,245.69000244140625,254.49000549316406,253.1073455810547,147495300,0.0,0.0,251.72666931152344,37128500608.10394,yahoo
AAPL,2024-12-23,254.77000427246094,255.64999389648438,253.4499969482422,255.27000427246094,253.88311767578125,40858800,0.0,0.0,254.78999837239584,10410413585.498047,yahoo
AAPL,2024-12-24,255.49000549316406,258.2099914550781,255.2899932861328,258.20001220703125,256.79718017578125,23234700,0.0,0.0,257.23333231608075,5976739306.364441,yahoo
AAPL,2024-12-26,258.19000244140625,260.1000061035156,257.6300048828125,259.0199890136719,257.6127014160156,27237100,0.0,0.0,258.9166666666667,7052139141.666667,yahoo
AAPL,2024-12-27,257.8299865722656,258.70001220703125,253.05999755859375,255.58999633789062,254.20135498046875,42355300,0.0,0.0,255.78333536783853,10833779904.505411,yahoo
AAPL,2024-12-30,252.22999572753906,253.5,250.75,252.1999969482422,250.82977294921875,35557500,0.0,0.0,252.1499989827474,8965823588.82904,yahoo
AAPL,2024-12-31,252.44000244140625,253.27999877929688,249.42999267578125,250.4199981689453,249.05946350097656,39480700,0.0,0.0,251.04332987467447,9911366393.78306,yahoo
AAPL,2025-01-02,248.92999267578125,249.10000610351562,241.82000732421875,243.85000610351562,242.52517700195312,55740700,0.0,0.0,244.92333984375,13652198409.228516,yahoo
AAPL,2025-01-03,243.36000061035156,244.17999267578125,241.88999938964844,243.36000061035156,242.03782653808594,40244100,0.0,0.0,243.1433308919271,9785084522.747803,yahoo
AAPL,2025-01-06,244.30999755859375,247.3300018310547,243.1999969482422,245.0,243.66891479492188,45045600,0.0,0.0,245.17666625976562,11044130037.670898,yahoo
AAPL,2025-01-07,242.97999572753906,245.5500030517578,241.35000610351562,242.2100067138672,240.89407348632812,40856000,0.0,0.0,243.03667195638022,9929506269.449871,yahoo
AAPL,2025-01-08,241.9199981689453,243.7100067138672,240.0500030517578,242.6999969482422,241.38140869140625,37628900,0.0,0.0,242.15333557128906,9111963648.878479,yahoo
AAPL,2025-01-10,240.00999450683594,240.16000366210938,233.0,236.85000610351562,235.5631866455078,61710900,0.0,0.0,236.67000325520834,14605118903.881836,yahoo
AAPL,2025-01-13,233.52999877929688,234.6699981689453,229.72000122070312,234.39999389648438,233.12649536132812,49630700,0.0,0.0,232.92999776204428,11560478839.928692,yahoo
AAPL,2025-01-14,234.75,236.1199951171875,232.47000122070312,233.27999877929688,232.01258850097656,39435300,0.0,0.0,233.9566650390625,9226151272.814941,yahoo
AAPL,2025-01-15,234.63999938964844,238.9600067138672,234.42999267578125,237.8699951171875,236.57763671875,39832000,0.0,0.0,237.08666483561197,9443636033.732096,yahoo
AAPL,2025-01-16,237.35000610351562,238.00999450683594,228.02999877929688,228.25999450683594,227.0198516845703,71759100,0.0,0.0,231.4333292643229,16607447418.011475,yahoo
AAPL,2025-01-17,232.1199951171875,232.2899932861328,228.47999572753906,229.97999572753906,228.7305145263672,68488300,0.0,0.0,230.24999491373697,15769430726.650492,yahoo
AAPL,2025-01-21,224.0,224.4199981689453,219.3800048828125,222.63999938964844,221.4303741455078,98070400,0.0,0.0,222.14666748046875,21786012538.476562,yahoo
AAPL,2025-01-22,219.7899932861328,224.1199951171875,219.7899932861328,223.8300018310547,222.61392211914062,64126500,0.0,0.0,222.57999674479166,14273276161.254883,yahoo
AAPL,2025-01-23,224.74000549316406,227.02999877929688,222.3000030517578,223.66000366210938,222.4448699951172,60234800,0.0,0.0,224.3300018310547,13512472794.293213,yahoo
AAPL,2025-01-24,224.77999877929688,225.6300048828125,221.41000366210938,222.77999877929688,221.5696258544922,54697900,0.0,0.0,223.2733357747396,12212582592.873129,yahoo
AAPL,2025-01-27,224.02000427246094,232.14999389648438,223.97999572753906,229.86000061035156,228.61117553710938,94863400,0.0,0.0,228.663330078125,21691780946.533203,yahoo
AAPL,2025-01-28,230.85000610351562,240.19000244140625,230.80999755859375,238.25999450683594,236.9655303955078,75707600,0.0,0.0,236.4199981689453,17898790653.375244,yahoo
AAPL,2025-01-29,234.1199951171875,239.86000061035156,234.00999450683594,239.36000061035156,238.0595245361328,45486100,0.0,0.0,237.7433319091797,10814016969.554138,yahoo
AAPL,2025-01-30,238.6699981689453,240.7899932861328,237.2100067138672,237.58999633789062,236.29916381835938,55658300,0.0,0.0,238.52999877929688,13276174231.05774,yahoo
AAPL,2025-01-31,247.19000244140625,247.19000244140625,233.44000244140625,236.0,234.71778869628906,100959800,0.0,0.0,238.87666829427084,24116940655.655926,yahoo
AAPL,2025-02-03,229.99000549316406,231.8300018310547,225.6999969482422,228.00999450683594,226.77120971679688,73063300,0.0,0.0,228.5133310953776,16695938063.820902,yahoo
AAPL,2025-02-04,227.25,233.1300048828125,226.64999389648438,232.8000030517578,231.5352020263672,45067300,0.0,0.0,230.86000061035156,10404236905.506897,yahoo
AAPL,2025-02-05,228.52999877929688,232.6699981689453,228.27000427246094,232.47000122070312,231.2069854736328,39620300,0.0,0.0,231.13666788736978,9157704122.697956,yahoo
AAPL,2025-02-06,231.2899932861328,233.8000030517578,230.42999267578125,233.22000122070312,231.95291137695312,29925300,0.0,0.0,232.48333231608072,6957133464.558411,yahoo
AAPL,2025-02-07,232.60000610351562,234.0,227.25999450683594,227.6300048828125,226.39329528808594,39707200,0.0,0.0,229.62999979654947,9117964327.921549,yahoo
AAPL,2025-02-10,229.57000732421875,230.58999633789062,227.1999969482422,227.64999389648438,226.66209411621094,33115600,0.25,0.0,228.47999572753906,7566252146.514893,yahoo
AAPL,2025-02-11,228.1999969482422,235.22999572753906,228.1300048828125,232.6199951171875,231.6105499267578,53718400,0.0,0.0,231.9933319091797,12462310600.830078,yahoo
AAPL,2025-02-12,231.1999969482422,236.9600067138672,230.67999267578125,236.8699951171875,235.8420867919922,45243300,0.0,0.0,234.83666483561197,10624785678.157043,yahoo
AAPL,2025-02-13,236.91000366210938,242.33999633789062,235.57000732421875,241.52999877929688,240.48187255859375,53614100,0.0,0.0,239.8133341471354,12857376078.297932,yahoo
AAPL,2025-02-14,241.25,245.5500030517578,240.99000549316406,244.60000610351562,243.53855895996094,40896200,0.0,0.0,243.71333821614584,9966949422.355145,yahoo
AAPL,2025-02-18,244.14999389648438,245.17999267578125,241.83999633789062,244.47000122070312,243.40911865234375,48822500,0.0,0.0,243.82999674479166,11904390016.07259,yahoo
AAPL,2025-02-19,244.66000366210938,246.00999450683594,243.16000366210938,244.8699951171875,243.807373046875,32204200,0.0,0.0,244.67999776204428,7879723583.928427,yahoo
AAPL,2025-02-20,244.94000244140625,246.77999877929688,244.2899932861328,245.8300018310547,244.76321411132812,32316900,0.0,0.0,245.63333129882812,7938107804.251099,yahoo
AAPL,2025-02-21,245.9499969482422,248.69000244140625,245.22000122070312,245.5500030517578,244.4844207763672,53197400,0.0,0.0,246.4866689046224,13112449920.38676,yahoo
AAPL,2025-02-24,244.92999267578125,248.86000061035156,244.4199981689453,247.10000610351562,246.0277099609375,51326400,0.0,0.0,246.7933349609375,12667013427.539062,yahoo
AAPL,2025-02-25,248.0,250.0,244.91000366210938,247.0399932861328,245.9679718017578,48013300,0.0,0.0,247.31666564941406,11874489262.825012,yahoo
AAPL,2025-02-26,244.3300018310547,244.97999572753906,239.1300048828125,240.36000061035156,239.31695556640625,44433600,0.0,0.0,241.49000040690103,10730270082.080078,yahoo
AAPL,2025-02-27,239.41000366210938,242.4600067138672,237.05999755859375,237.3000030517578,236.27023315429688,41153600,0.0,0.0,238.94000244140625,9833241284.472656,yahoo
AAPL,2025-02-28,236.9499969482422,242.08999633789062,230.1999969482422,241.83999633789062,240.79052734375,56833400,0.0,0.0,238.04332987467447,13528811784.099323,yahoo
AAPL,2025-03-03,241.7899932861328,244.02999877929688,236.11000061035156,238.02999877929688,236.9970703125,47184000,0.0,0.0,239.38999938964844,11295377731.201172,yahoo
AAPL,2025-03-04,237.7100067138672,240.07000732421875,234.67999267578125,235.92999267578125,234.9061737060547,53798100,0.0,0.0,236.8933308919271,12744411104.656982,yahoo
AAPL,2025-03-05,235.4199981689453,236.5500030517578,229.22999572753906,235.74000549316406,234.7169952392578,47227600,0.0,0.0,233.84000142415366,11043702051.25936,yahoo
AAPL,2025-03-06,234.44000244140625,237.86000061035156,233.16000366210938,235.3300018310547,234.3087921142578,45170400,0.0,0.0,235.45000203450522,10635370771.899414,yahoo
AAPL,2025-03-07,235.11000061035156,241.3699951171875,234.75999450683594,239.07000732421875,238.03256225585938,46273600,0.0,0.0,238.3999989827474,11031626192.92806,yahoo
AAPL,2025-03-10,235.5399932861328,236.16000366210938,224.22000122070312,227.47999572753906,226.4928436279297,72071200,0.0,0.0,229.2866668701172,16524965225.32959,yahoo
AAPL,2025-03-11,223.80999755859375,225.83999633789062,217.4499969482422,220.83999633789062,219.88165283203125,76137400,0.0,0.0,221.3766632080078,16855043557.333374,yahoo
AAPL,2025-03-12,220.13999938964844,221.75,214.91000366210938,216.97999572753906,216.0384063720703,62547500,0.0,0.0,217.87999979654947,13627849287.274677,yahoo
AAPL,2025-03-13,215.9499969482422,216.83999633789062,208.4199981689453,209.67999267578125,208.77008056640625,61368300,0.0,0.0,211.64666239420572,12988395871.806335,yahoo
AAPL,2025-03-14,211.25,213.9499969482422,209.5800018310547,213.49000549316406,212.5635528564453,60107600,0.0,0.0,212.34000142415366,12763247869.602459,yahoo
AAPL,2025-03-17,213.30999755859375,215.22000122070312,209.97000122070312,214.0,213.0713348388672,48073400,0.0,0.0,213.0633341471354,10242678887.788898,yahoo
AAPL,2025-03-18,214.16000366210938,215.14999389648438,211.49000549316406,212.69000244140625,211.7670440673828,42432400,0.0,0.0,213.11000061035156,9042768789.898682,yahoo
AAPL,2025-03-19,214.22000122070312,218.75999450683594,213.75,215.24000549316406,214.3059539794922,54385400,0.0,0.0,215.91666666666666,11742714283.333332,yahoo
AAPL,2025-03-20,213.99000549316406,217.49000549316406,212.22000122070312,214.10000610351562,213.17092895507812,48862900,0.0,0.0,214.60333760579428,10486141425.098166,yahoo
AAPL,2025-03-21,211.55999755859375,218.83999633789062,211.27999877929688,218.27000427246094,217.32281494140625,94127800,0.0,0.0,216.12999979654947,20343841394.849648,yahoo
AAPL,2025-03-24,221.0,221.47999572753906,218.5800018310547,220.72999572753906,219.77212524414062,44299500,0.0,0.0,220.2633310953776,9757555435.85968,yahoo
AAPL,2025-03-25,220.77000427246094,224.10000610351562,220.0800018310547,223.75,222.77903747558594,34493600,0.0,0.0,222.6433359781901,7679770173.897298,yahoo
AAPL,2025-03-26,223.50999450683594,225.02000427246094,220.47000122070312,221.52999877929688,220.56866455078125,34466100,0.0,0.0,222.34000142415366,7663192723.085022,yahoo
AAPL,2025-03-27,221.38999938964844,224.99000549316406,220.55999755859375,223.85000610351562,222.8786163330078,37094800,0.0,0.0,223.13333638509116,8277086486.53768,yahoo
AAPL,2025-03-28,221.6699981689453,223.80999755859375,217.67999267578125,217.89999389648438,216.9544219970703,39818600,0.0,0.0,219.79666137695312,8751995340.704346,yahoo
AAPL,2025-03-31,217.00999450683594,225.6199951171875,216.22999572753906,222.1300048828125,221.1660614013672,65299300,0.0,0.0,221.32666524251303,14452476311.670431,yahoo
AAPL,2025-04-01,219.80999755859375,223.67999267578125,218.89999389648438,223.19000244140625,222.22146606445312,36412700,0.0,0.0,221.92332967122397,8080827626.319377,yahoo
AAPL,2025-04-02,221.32000732421875,225.19000244140625,221.02000427246094,223.88999938964844,222.91842651367188,35905900,0.0,0.0,223.36666870117188,8020181269.717407,yahoo
AAPL,2025-04-03,205.5399932861328,207.49000549316406,201.25,203.19000244140625,202.30824279785156,103419000,0.0,0.0,203.97666931152344,21095063163.528442,yahoo
AAPL,2025-04-04,193.88999938964844,199.8800048828125,187.33999633789062,188.3800048828125,187.56253051757812,125910900,0.0,0.0,191.86666870117188,24158104936.16638,yahoo
AAPL,2025-04-07,177.1999969482422,194.14999389648438,174.6199951171875,181.4600067138672,180.6725616455078,160466300,0.0,0.0,183.40999857584634,29431123854.471333,yahoo
AAPL,2025-04-08,186.6999969482422,190.33999633789062,169.2100067138672,172.4199981689453,171.67178344726562,120859500,0.0,0.0,177.32333374023438,21431209454.177856,yahoo
AAPL,2025-04-09,171.9499969482422,200.61000061035156,171.88999938964844,198.85000610351562,197.9871063232422,184395900,0.0,0.0,190.45000203450522,35118199530.15442,yahoo
AAPL,2025-04-10,189.07000732421875,194.77999877929688,183.0,190.4199981689453,189.5936737060547,121880000,0.0,0.0,189.3999989827474,23084071876.017254,yahoo
AAPL,2025-04-11,186.10000610351562,199.5399932861328,186.05999755859375,198.14999389648438,197.29013061523438,87435900,0.0,0.0,194.5833282470703,17013568430.278015,yahoo
AAPL,2025-04-14,211.44000244140625,212.94000244140625,201.16000366210938,202.52000427246094,201.64117431640625,101352900,0.0,0.0,205.54000345865884,20832075416.545105,yahoo
AAPL,2025-04-15,201.86000061035156,203.50999450683594,199.8000030517578,202.13999938964844,201.26280212402344,51343900,0.0,0.0,201.81666564941406,10362054699.43695,yahoo
AAPL,2025-04-16,198.36000061035156,200.6999969482422,192.3699951171875,194.27000427246094,193.4269561767578,59732400,0.0,0.0,195.77999877929688,11694409199.084473,yahoo
AAPL,2025-04-17,197.1999969482422,198.8300018310547,194.4199981689453,196.97999572753906,196.1251983642578,52164700,0.0,0.0,196.7433319091797,10263056886.042786,yahoo
AAPL,2025-04-21,193.27000427246094,193.8000030517578,189.80999755859375,193.16000366210938,192.32177734375,46742500,0.0,0.0,192.2566680908203,8986557308.235168,yahoo
AAPL,2025-04-22,196.1199951171875,201.58999633789062,195.97000122070312,199.74000549316406,198.8732452392578,52976400,0.0,0.0,199.1000010172526,10547601293.89038,yahoo
AAPL,2025-04-23,206.0,208.0,202.8000030517578,204.60000610351562,203.71214294433594,52929200,0.0,0.0,205.13333638509116,10857543388.193768,yahoo
AAPL,2025-04-24,204.88999938964844,208.8300018310547,202.94000244140625,208.3699951171875,207.46578979492188,47311000,0.0,0.0,206.7133331298828,9779814503.707886,yahoo
AAPL,2025-04-25,206.3699951171875,209.75,206.1999969482422,209.27999877929688,208.371826171875,38222300,0.0,0.0,208.40999857584634,7965909488.565572,yahoo
AAPL,2025-04-28,210.0,211.5,207.4600067138672,210.13999938964844,209.2281036376953,38743100,0.0,0.0,209.70000203450522,8124428148.823039,yahoo
AAPL,2025-04-29,208.69000244140625,212.24000549316406,208.3699951171875,211.2100067138672,210.29345703125,36827600,0.0,0.0,210.6066691080729,7756138167.244466,yahoo
AAPL,2025-04-30,209.3000030517578,213.5800018310547,206.6699981689453,212.5,211.57785034179688,52286500,0.0,0.0,210.91666666666666,11028094291.666666,yahoo
AAPL,2025-05-01,209.0800018310547,214.55999755859375,208.89999389648438,213.32000732421875,212.39430236816406,57365700,0.0,0.0,212.25999959309897,12176443458.657837,yahoo
AAPL,2025-05-02,206.08999633789062,206.99000549316406,202.16000366210938,205.35000610351562,204.45887756347656,101010600,0.0,0.0,204.83333841959634,20690338413.76648,yahoo
AAPL,2025-05-05,203.10000610351562,204.10000610351562,198.2100067138672,198.88999938964844,198.02691650390625,69018500,0.0,0.0,200.4000040690104,13831307680.836994,yahoo
AAPL,2025-05-06,198.2100067138672,200.64999389648438,197.02000427246094,198.50999450683594,197.6485595703125,51216500,0.0,0.0,198.7266642252604,10178084198.293049,yahoo
AAPL,2025-05-07,199.1699981689453,199.44000244140625,193.25,196.25,195.39837646484375,68536700,0.0,0.0,196.3133341471354,13454668088.441975,yahoo
AAPL,2025-05-08,197.72000122070312,200.0500030517578,194.67999267578125,197.49000549316406,196.63299560546875,50478900,0.0,0.0,197.40666707356772,9964871406.539917,yahoo
AAPL,2025-05-09,199.0,200.5399932861328,197.5399932861328,198.52999877929688,197.66847229003906,36453900,0.0,0.0,198.8699951171875,7249586915.002441,yahoo
AAPL,2025-05-12,210.97000122070312,211.27000427246094,206.75,210.7899932861328,210.15049743652344,63775800,0.26,0.0,209.60333251953125,13367620214.099121,yahoo
AAPL,2025-05-13,210.42999267578125,213.39999389648438,209.0,212.92999267578125,212.28399658203125,51909300,0.0,0.0,211.77666219075522,10993178290.65857,yahoo
AAPL,2025-05-14,212.42999267578125,213.94000244140625,210.5800018310547,212.3300018310547,211.68582153320312,49325800,0.0,0.0,212.28333536783853,10471045343.68693,yahoo
AAPL,2025-05-15,210.9499969482422,212.9600067138672,209.5399932861328,211.4499969482422,210.80850219726562,45029500,0.0,0.0,211.31666564941406,9515483795.86029,yahoo
AAPL,2025-05-16,212.36000061035156,212.57000732421875,209.77000427246094,211.25999450683594,210.6190643310547,54737900,0.0,0.0,211.20000203450522,11560644591.364544,yahoo
AAPL,2025-05-19,207.91000366210938,209.47999572753906,204.25999450683594,208.77999877929688,208.14659118652344,46140500,0.0,0.0,207.50666300455728,9574461184.361774,yahoo
AAPL,2025-05-20,207.6699981689453,208.47000122070312,205.02999877929688,206.86000061035156,206.232421875,42496600,0.0,0.0,206.7866668701172,8787730267.312622,yahoo
AAPL,2025-05-21,205.1699981689453,207.0399932861328,200.7100067138672,202.08999633789062,201.4768829345703,59211800,0.0,0.0,203.27999877929688,12036574631.71997,yahoo
AAPL,2025-05-22,200.7100067138672,202.75,199.6999969482422,201.36000061035156,200.74908447265625,46742400,0.0,0.0,201.2699991861979,9407842809.960938,yahoo
AAPL,2025-05-23,193.6699981689453,197.6999969482422,193.4600067138672,195.27000427246094,194.67759704589844,78432900,0.0,0.0,195.47666931152344,15331802056.443787,yahoo
AAPL,2025-05-27,198.3000030517578,200.74000549316406,197.42999267578125,200.2100067138672,199.60260009765625,56288500,0.0,0.0,199.46000162760416,11227304301.615396,yahoo
AAPL,2025-05-28,200.58999633789062,202.72999572753906,199.89999389648438,200.4199981689453,199.81195068359375,45339700,0.0,0.0,201.01666259765625,9114035177.178955,yahoo
AAPL,2025-05-29,203.5800018310547,203.80999755859375,198.50999450683594,199.9499969482422,199.3433837890625,51396800,0.0,0.0,200.75666300455728,10318250057.112629,yahoo
AAPL,2025-05-30,199.3699951171875,201.9600067138672,196.77999877929688,200.85000610351562,200.24066162109375,70819900,0.0,0.0,199.86333719889322,14154301554.091898,yahoo
AAPL,2025-06-02,200.27999877929688,202.1300048828125,200.1199951171875,201.6999969482422,201.08807373046875,35423300,0.0,0.0,201.31666564941406,7131300642.298889,yahoo
AAPL,2025-06-03,201.35000610351562,203.77000427246094,200.9600067138672,203.27000427246094,202.65330505371094,46381600,0.0,0.0,202.6666717529297,9400004502.575684,yahoo
AAPL,2025-06-04,202.91000366210938,206.24000549316406,202.10000610351562,202.82000732421875,202.20468139648438,43604000,0.0,0.0,203.72000630696616,8883007155.008953,yahoo
AAPL,2025-06-05,203.5,204.75,200.14999389648438,200.6300048828125,200.02133178710938,55126100,0.0,0.0,201.84333292643228,11126835755.235798,yahoo
AAPL,2025-06-06,203.0,205.6999969482422,202.0500030517578,203.9199981689453,203.30133056640625,46607700,0.0,0.0,203.88999938964844,9502843924.552917,yahoo
AAPL,2025-06-09,204.38999938964844,206.0,200.02000427246094,201.4499969482422,200.83883666992188,72862600,0.0,0.0,202.49000040690103,14753947903.647867,yahoo
AAPL,2025-06-10,200.60000610351562,204.35000610351562,200.57000732421875,202.6699981689453,202.05511474609375,54672600,0.0,0.0,202.5300038655599,11072841889.34021,yahoo
AAPL,2025-06-11,203.5,204.5,198.41000366210938,198.77999877929688,198.1769256591797,60989900,0.0,0.0,200.5633341471354,12232337693.300373,yahoo
AAPL,2025-06-12,199.0800018310547,199.67999267578125,197.36000061035156,199.1999969482422,198.5956573486328,43904600,0.0,0.0,198.74666341145834,8725892758.414715,yahoo
AAPL,2025-06-13,199.72999572753906,200.3699951171875,195.6999969482422,196.4499969482422,195.85400390625,51447300,0.0,0.0,197.50666300455728,10161184543.59436,yahoo
AAPL,2025-06-16,197.3000030517578,198.69000244140625,196.55999755859375,198.4199981689453,197.81802368164062,43020700,0.0,0.0,197.88999938964844,8513366296.742249,yahoo
AAPL,2025-06-17,197.1999969482422,198.38999938964844,195.2100067138672,195.63999938964844,195.04644775390625,38856200,0.0,0.0,196.41333516438803,7631875833.814494,yahoo
AAPL,2025-06-18,195.94000244140625,197.57000732421875,195.07000732421875,196.5800018310547,195.9835968017578,45394700,0.0,0.0,196.40667215983072,8915821960.693867,yahoo
AAPL,2025-06-20,198.24000549316406,201.6999969482422,196.86000061035156,201.0,200.3901824951172,96813500,0.0,0.0,199.85333251953125,19348500607.87964,yahoo
AAPL,2025-06-23,201.6300048828125,202.3000030517578,198.9600067138672,201.5,200.88868713378906,55814300,0.0,0.0,200.92000325520834,11214209337.687176,yahoo
AAPL,2025-06-24,202.58999633789062,203.44000244140625,200.1999969482422,200.3000030517578,199.69232177734375,54064000,0.0,0.0,201.3133341471354,10883804097.330729,yahoo
AAPL,2025-06-25,201.4499969482422,203.6699981689453,200.6199951171875,201.55999755859375,200.94850158691406,39525700,0.0,0.0,201.9499969482422,7982214994.377136,yahoo
AAPL,2025-06-26,201.42999267578125,202.63999938964844,199.4600067138672,201.0,200.3901824951172,50799100,0.0,0.0,201.03333536783853,10212312506.684366,yahoo
AAPL,2025-06-27,201.88999938964844,203.22000122070312,200.0,201.0800018310547,200.46995544433594,73188600,0.0,0.0,201.43333435058594,14742623734.451294,yahoo
AAPL,2025-06-30,202.00999450683594,207.38999938964844,199.25999450683594,205.1699981689453,204.54754638671875,91912800,0.0,0.0,203.93999735514322,18744696188.90381,yahoo
AAPL,2025-07-01,206.6699981689453,210.19000244140625,206.13999938964844,207.82000732421875,207.18951416015625,78788900,0.0,0.0,208.0500030517578,16392030885.444641,yahoo
AAPL,2025-07-02,208.91000366210938,213.33999633789062,208.13999938964844,212.44000244140625,211.7954864501953,67941800,0.0,0.0,211.3066660563151,14356555243.864948,yahoo
AAPL,2025-07-03,212.14999389648438,214.64999389648438,211.80999755859375,213.5500030517578,212.90213012695312,34955800,0.0,0.0,213.33666483561197,7457353788.660685,yahoo
AAPL,2025-07-07,212.67999267578125,216.22999572753906,208.8000030517578,209.9499969482422,209.3130340576172,50229000,0.0,0.0,211.65999857584634,10631470068.466187,yahoo
AAPL,2025-07-08,210.10000610351562,211.42999267578125,208.4499969482422,210.00999450683594,209.37286376953125,42848900,0.0,0.0,209.96332804361978,8996697647.008259,yahoo
AAPL,2025-07-09,209.52999877929688,211.3300018310547,207.22000122070312,211.13999938964844,210.4994354248047,48749400,0.0,0.0,209.89666748046875,10232336601.672363,yahoo
AAPL,2025-07-10,210.50999450683594,213.47999572753906,210.02999877929688,212.41000366210938,211.7655792236328,44443600,0.0,0.0,211.97333272298178,9420858010.207113,yahoo
AAPL,2025-07-11,210.57000732421875,212.1300048828125,209.86000061035156,211.16000366210938,210.5193634033203,39765800,0.0,0.0,211.0500030517578,8392572211.355591,yahoo
AAPL,2025-07-14,209.92999267578125,210.91000366210938,207.5399932861328,208.6199951171875,207.98707580566406,38840100,0.0,0.0,209.02333068847656,8118487066.273499,yahoo
AAPL,2025-07-15,209.22000122070312,211.88999938964844,208.9199981689453,209.11000061035156,208.47560119628906,42296300,0.0,0.0,209.97333272298178,8881095072.851055,yahoo
AAPL,2025-07-16,210.3000030517578,212.39999389648438,208.63999938964844,210.16000366210938,209.5224151611328,47490500,0.0,0.0,210.3999989827474,9992001151.690166,yahoo
AAPL,2025-07-17,210.57000732421875,211.8000030517578,209.58999633789062,210.02000427246094,209.38282775878906,48068100,0.0,0.0,210.47000122070312,10116893065.67688,yahoo
AAPL,2025-07-18,210.8699951171875,211.7899932861328,209.6999969482422,211.17999267578125,210.539306640625,48974600,0.0,0.0,210.8899943033854,10328253115.010578,yahoo
AAPL,2025-07-21,212.10000610351562,215.77999877929688,211.6300048828125,212.47999572753906,211.83535766601562,51377400,0.0,0.0,213.29666646321616,10958628151.547241,yahoo
AAPL,2025-07-22,213.13999938964844,214.9499969482422,212.22999572753906,214.39999389648438,213.74954223632812,46404100,0.0,0.0,213.85999552408853,9923980618.299356,yahoo
AAPL,2025-07-23,215.0,215.14999389648438,212.41000366210938,214.14999389648438,213.50030517578125,46989300,0.0,0.0,213.90333048502603,10051167767.160034,yahoo
AAPL,2025-07-24,213.89999389648438,215.69000244140625,213.52999877929688,213.75999450683594,213.11146545410156,46022600,0.0,0.0,214.32666524251303,9863870383.790081,yahoo
AAPL,2025-07-25,214.6999969482422,215.24000549316406,213.39999389648438,213.8800048828125,213.2311248779297,40268800,0.0,0.0,214.17333475748697,8624503182.682291,yahoo
AAPL,2025-07-28,214.02999877929688,214.85000610351562,213.05999755859375,214.0500030517578,213.40061950683594,37858000,0.0,0.0,213.9866689046224,8101107311.391195,yahoo
AAPL,2025-07-29,214.17999267578125,214.80999755859375,210.82000732421875,211.27000427246094,210.62904357910156,51411700,0.0,0.0,212.3000030517578,10914704066.896057,yahoo
AAPL,2025-07-30,211.89999389648438,212.38999938964844,207.72000122070312,209.0500030517578,208.415771484375,45512500,0.0,0.0,209.72000122070312,9544881555.557251,yahoo
AAPL,2025-07-31,208.49000549316406,209.83999633789062,207.16000366210938,207.57000732421875,206.94027709960938,80698400,0.0,0.0,208.19000244140625,16800600093.017578,yahoo
AAPL,2025-08-01,210.8699951171875,213.5800018310547,201.5,202.3800048828125,201.76602172851562,104434500,0.0,0.0,205.82000223795572,21494709023.719788,yahoo
AAPL,2025-08-04,204.50999450683594,207.8800048828125,201.67999267578125,203.35000610351562,202.7330780029297,75109300,0.0,0.0,204.30333455403647,15345080446.019491,yahoo
AAPL,2025-08-05,203.39999389648438,205.33999633789062,202.16000366210938,202.9199981689453,202.3043670654297,44155100,0.0,0.0,203.47333272298178,8984385353.716534,yahoo
AAPL,2025-08-06,205.6300048828125,215.3800048828125,205.58999633789062,213.25,212.60304260253906,108483100,0.0,0.0,211.40666707356772,22934050604.808556,yahoo
AAPL,2025-08-07,218.8800048828125,220.85000610351562,216.5800018310547,220.02999877929688,219.36245727539062,90224800,0.0,0.0,219.15333557128906,19773065871.25244,yahoo
AAPL,2025-08-08,220.8300018310547,231.0,219.25,229.35000610351562,228.65419006347656,113854000,0.0,0.0,226.53333536783853,25791726364.969887,yahoo
AAPL,2025-08-11,227.9199981689453,229.55999755859375,224.75999450683594,227.17999267578125,226.747802734375,61806100,0.26,0.0,227.16666158040366,14040285402.304586,yahoo
AAPL,2025-08-12,228.00999450683594,230.8000030517578,227.07000732421875,229.64999389648438,229.21310424804688,55626200,0.0,0.0,229.17333475748697,12748041753.88692,yahoo
AAPL,2025-08-13,231.07000732421875,235.0,230.42999267578125,233.3300018310547,232.88612365722656,69878500,0.0,0.0,232.9199981689453,16276100092.048645,yahoo
AAPL,2025-08-14,234.05999755859375,235.1199951171875,230.85000610351562,232.77999877929688,232.337158203125,51916300,0.0,0.0,232.91666666666666,12092171541.666666,yahoo
AAPL,2025-08-15,234.0,234.27999877929688,229.33999633789062,231.58999633789062,231.1494140625,56038700,0.0,0.0,231.73666381835938,12986221382.717896,yahoo
AAPL,2025-08-18,231.6999969482422,233.1199951171875,230.11000061035156,230.88999938964844,230.4507598876953,37476200,0.0,0.0,231.37333170572916,8670993253.670246,yahoo
AAPL,2025-08-19,231.27999877929688,232.8699951171875,229.35000610351562,230.55999755859375,230.1213836669922,39402600,0.0,0.0,230.92666625976562,9099111059.967041,yahoo
AAPL,2025-08-20,229.97999572753906,230.47000122070312,225.77000427246094,226.00999450683594,225.5800323486328,42263900,0.0,0.0,227.41666666666666,9611515258.333332,yahoo
AAPL,2025-08-21,226.27000427246094,226.52000427246094,223.77999877929688,224.89999389648438,224.47215270996094,30621200,0.0,0.0,225.06666564941406,6891811382.183838,yahoo
AAPL,2025-08-22,226.1699981689453,229.08999633789062,225.41000366210938,227.75999450683594,227.3267059326172,42477800,0.0,0.0,227.4199981689453,9660301198.220825,yahoo
AAPL,2025-08-25,226.47999572753906,229.3000030517578,226.22999572753906,227.16000366210938,226.72784423828125,30983100,0.0,0.0,227.5633341471354,7050617538.214111,yahoo
AAPL,2025-08-26,226.8699951171875,229.49000549316406,224.69000244140625,229.30999755859375,228.87376403808594,54575100,0.0,0.0,227.8300018310547,12433845132.929993,yahoo
AAPL,2025-08-27,228.61000061035156,230.89999389648438,228.25999450683594,230.49000549316406,230.05152893066406,31259500,0.0,0.0,229.88333129882812,7186037994.735718,yahoo
AAPL,2025-08-28,230.82000732421875,233.41000366210938,229.33999633789062,232.55999755859375,232.11758422851562,38074700,0.0,0.0,231.7699991861979,8824573188.014729,yahoo
AAPL,2025-08-29,232.50999450683594,233.3800048828125,231.3699951171875,232.13999938964844,231.69837951660156,39418400,0.0,0.0,232.29666646321616,9156762917.31364,yahoo
AAPL,2025-09-02,229.25,230.85000610351562,226.97000122070312,229.72000122070312,229.28298950195312,44075600,0.0,0.0,229.18000284830728,10101246133.540852,yahoo
AAPL,2025-09-03,237.2100067138672,238.85000610351562,234.36000061035156,238.47000122070312,238.01634216308594,66427800,0.0,0.0,237.22666931152344,15758445743.692017,yahoo
AAPL,2025-09-04,238.4499969482422,239.89999389648438,236.74000549316406,239.77999877929688,239.32383728027344,47549400,0.0,0.0,238.8066660563151,11355113686.97815,yahoo
AAPL,2025-09-05,240.0,241.32000732421875,238.49000549316406,239.69000244140625,239.2340087890625,54870400,0.0,0.0,239.83333841959634,13159751212.41862,yahoo
AAPL,2025-09-08,239.3000030517578,240.14999389648438,236.33999633789062,237.8800048828125,237.42745971679688,48999500,0.0,0.0,238.12333170572916,11667924191.914875,yahoo
AAPL,2025-09-09,237.0,238.77999877929688,233.36000061035156,234.35000610351562,233.9041748046875,66313900,0.0,0.0,235.49666849772134,15616702525.091043,yahoo
AAPL,2025-09-10,232.19000244140625,232.4199981689453,225.9499969482422,226.7899932861328,226.35855102539062,83440800,0.0,0.0,228.38666280110678,19056765853.45459,yahoo
AAPL,2025-09-11,226.8800048828125,230.4499969482422,226.64999389648438,230.02999877929688,229.59239196777344,50208600,0.0,0.0,229.04332987467447,11499944932.345581,yahoo
AAPL,2025-09-12,229.22000122070312,234.50999450683594,229.02000427246094,234.07000732421875,233.6247100830078,55824200,0.0,0.0,232.53333536783853,12980987420.241291,yahoo
AAPL,2025-09-15,237.0,238.19000244140625,235.02999877929688,236.6999969482422,236.24969482421875,42699500,0.0,0.0,236.63999938964844,10104409653.938293,yahoo
AAPL,2025-09-16,237.17999267578125,241.22000122070312,236.32000732421875,238.14999389648438,237.6969451904297,63421100,0.0,0.0,238.5633341471354,15129949071.278889,yahoo
AAPL,2025-09-17,238.97000122070312,240.10000610351562,237.72999572753906,238.99000549316406,238.5353546142578,46508000,0.0,0.0,238.94000244140625,11112621633.544922,yahoo
AAPL,2025-09-18,239.97000122070312,241.1999969482422,236.64999389648438,237.8800048828125,237.42745971679688,44249600,0.0,0.0,238.57666524251303,10556922006.315105,yahoo
AAPL,2025-09-19,241.22999572753906,246.3000030517578,240.2100067138672,245.5,245.032958984375,163741300,0.0,0.0,244.00333658854166,39953423537.345375,yahoo
AAPL,2025-09-22,248.3000030517578,256.6400146484375,248.1199951171875,256.0799865722656,255.5928192138672,105517400,0.0,0.0,253.61333211263022,26760619409.861248,yahoo
AAPL,2025-09-23,255.8800048828125,257.3399963378906,253.5800018310547,254.42999267578125,253.9459686279297,60275200,0.0,0.0,255.11666361490884,15377207922.721354,yahoo
AAPL,2025-09-24,255.22000122070312,255.74000549316406,251.0399932861328,252.30999755859375,251.8300018310547,42303700,0.0,0.0,253.02999877929688,10704105159.359741,yahoo
AAPL,2025-09-25,253.2100067138672,257.1700134277344,251.7100067138672,256.8699951171875,256.3813171386719,55202100,0.0,0.0,255.25000508626303,14090336305.7724,yahoo
AAPL,2025-09-26,254.10000610351562,257.6000061035156,253.77999877929688,255.4600067138672,254.97401428222656,46076300,0.0,0.0,255.61333719889322,11777716808.777363,yahoo
AAPL,2025-09-29,254.55999755859375,255.0,253.00999450683594,254.42999267578125,253.9459686279297,40127700,0.0,0.0,254.14666239420572,10198321024.55597,yahoo
AAPL,2025-09-30,254.86000061035156,255.9199981689453,253.11000061035156,254.6300048828125,254.14559936523438,37704300,0.0,0.0,254.55333455403647,9597755292.025757,yahoo
AAPL,2025-10-01,255.0399932861328,258.7900085449219,254.92999267578125,255.4499969482422,254.9640350341797,48713900,0.0,0.0,256.38999938964844,12489756791.267395,yahoo
AAPL,2025-10-02,256.5799865722656,258.17999267578125,254.14999389648438,257.1300048828125,256.6408386230469,42630200,0.0,0.0,256.4866638183594,10934077775.909424,yahoo
AAPL,2025-10-03,254.6699981689453,259.239990234375,253.9499969482422,258.0199890136719,257.5291442871094,49155600,0.0,0.0,257.0699920654297,12636429701.971436,yahoo
AAPL,2025-10-06,257.989990234375,259.07000732421875,255.0500030517578,256.69000244140625,256.20166015625,44664100,0.0,0.0,256.9366709391276,11475845164.49229,yahoo
AAPL,2025-10-07,256.80999755859375,257.3999938964844,255.42999267578125,256.4800109863281,255.99209594726562,31955800,0.0,0.0,256.43666585286456,8194638806.66097,yahoo
AAPL,2025-10-08,256.5199890136719,258.5199890136719,256.1099853515625,258.05999755859375,257.569091796875,36496900,0.0,0.0,257.5633239746094,9400262878.76892,yahoo
AAPL,2025-10-09,257.80999755859375,258.0,253.13999938964844,254.0399932861328,253.55670166015625,38322000,0.0,0.0,255.05999755859375,9774409226.44043,yahoo
AAPL,2025-10-10,254.94000244140625,256.3800048828125,244.0,245.27000427246094,244.80340576171875,61999100,0.0,0.0,248.5500030517578,15409876494.206238,yahoo
AAPL,2025-10-13,249.3800048828125,249.69000244140625,245.55999755859375,247.66000366210938,247.18885803222656,38142900,0.0,0.0,247.63666788736978,9445580659.561157,yahoo
AAPL,2025-10-14,246.60000610351562,248.85000610351562,244.6999969482422,247.77000427246094,247.29864501953125,35478000,0.0,0.0,247.1066691080729,8766850406.61621,yahoo
AAPL,2025-10-15,249.49000549316406,251.82000732421875,247.47000122070312,249.33999633789062,248.86566162109375,33893600,0.0,0.0,249.5433349609375,8457921977.832031,yahoo
AAPL,2025-10-16,248.25,249.0399932861328,245.1300048828125,247.4499969482422,246.97926330566406,39777000,0.0,0.0,247.2066650390625,9833139515.25879,yahoo
AAPL,2025-10-17,248.02000427246094,253.3800048828125,247.27000427246094,252.2899932861328,251.81002807617188,49147000,0.0,0.0,250.9800008138021,12334914099.995932,yahoo
AAPL,2025-10-20,255.88999938964844,264.3800048828125,255.6300048828125,262.239990234375,261.7411193847656,90483000,0.0,0.0,260.75,23593442250.0,yahoo
AAPL,2025-10-21,261.8800048828125,265.2900085449219,261.8299865722656,262.7699890136719,262.27008056640625,46695900,0.0,0.0,263.2966613769531,12294874569.992065,yahoo
AAPL,2025-10-22,262.6499938964844,262.8500061035156,255.42999267578125,258.45001220703125,257.9583435058594,45015300,0.0,0.0,258.9100036621094,11654911487.850952,yahoo
AAPL,2025-10-23,259.94000244140625,260.6199951171875,258.010009765625,259.5799865722656,259.0861511230469,32754900,0.0,0.0,259.40333048502606,8496730149.70398,yahoo
AAPL,2025-10-24,261.19000244140625,264.1300048828125,259.17999267578125,262.82000732421875,262.3200378417969,38253700,0.0,0.0,262.0433349609375,10024127122.595215,yahoo
AAPL,2025-10-27,264.8800048828125,269.1199951171875,264.6499938964844,268.80999755859375,268.2986145019531,44888200,0.0,0.0,267.5266621907552,12008790317.751057,yahoo
AAPL,2025-10-28,268.989990234375,269.8900146484375,268.1499938964844,269.0,268.4882507324219,41534800,0.0,0.0,269.0133361816406,11173415115.637207,yahoo
AAPL,2025-10-29,269.2799987792969,271.4100036621094,267.1099853515625,269.70001220703125,269.1869201660156,51086700,0.0,0.0,269.4066670735677,13763097578.78723,yahoo
AAPL,2025-10-30,271.989990234375,274.1400146484375,268.4800109863281,271.3999938964844,270.8836669921875,69886500,0.0,0.0,271.3400065104167,18963003364.990234,yahoo
AAPL,2025-10-31,276.989990234375,277.32000732421875,269.1600036621094,270.3699951171875,269.85565185546875,86167100,0.0,0.0,272.28333536783856,23461865386.974083,yahoo
AAPL,2025-11-03,270.4200134277344,270.8500061035156,266.25,269.04998779296875,268.53814697265625,50194600,0.0,0.0,268.71666463216144,13488125494.54549,yahoo
AAPL,2025-11-04,268.3299865722656,271.489990234375,267.6199951171875,270.0400085449219,269.5262756347656,49274800,0.0,0.0,269.71666463216144,13290234706.416828,yahoo
AAPL,2025-11-05,268.6099853515625,271.70001220703125,266.92999267578125,270.1400146484375,269.6260986328125,43683100,0.0,0.0,269.5900065104167,11776527213.395184,yahoo
AAPL,2025-11-06,267.8900146484375,273.3999938964844,267.8900146484375,269.7699890136719,269.25677490234375,51204000,0.0,0.0,270.35333251953125,13843172038.330078,yahoo
AAPL,2025-11-07,269.79998779296875,272.2900085449219,266.7699890136719,268.4700012207031,267.9592590332031,48227400,0.0,0.0,269.1766662597656,12981690754.37622,yahoo
AAPL,2025-11-10,268.9599914550781,273.7300109863281,267.4599914550781,269.42999267578125,269.1781311035156,41312400,0.26,0.0,270.2066650390625,11162885828.759766,yahoo
AAPL,2025-11-11,269.80999755859375,275.9100036621094,269.79998779296875,275.25,274.99267578125,46208300,0.0,0.0,273.65333048502606,12645055191.05123,yahoo
AAPL,2025-11-12,275.0,275.7300109863281,271.70001220703125,273.4700012207031,273.21435546875,48398000,0.0,0.0,273.6333414713542,13243306460.5306,yahoo
AAPL,2025-11-13,274.1099853515625,276.70001220703125,272.0899963378906,272.95001220703125,272.6948547363281,49602800,0.0,0.0,273.91334025065106,13586868633.784994,yahoo
AAPL,2025-11-14,271.04998779296875,275.9599914550781,269.6000061035156,272.4100036621094,272.15533447265625,47431300,0.0,0.0,272.6566670735677,12932460172.96651,yahoo
AAPL,2025-11-17,268.82000732421875,270.489990234375,265.7300109863281,267.4599914550781,267.2099609375,45018300,0.0,0.0,267.89333089192706,12060102338.092041,yahoo
AAPL,2025-11-18,269.989990234375,270.7099914550781,265.32000732421875,267.44000244140625,267.19000244140625,45677300,0.0,0.0,267.8233337402344,12233446762.252808,yahoo
AAPL,2025-11-19,265.5299987792969,272.2099914550781,265.5,268.55999755859375,268.3089294433594,40424500,0.0,0.0,268.7566630045573,10864353723.627728,yahoo
AAPL,2025-11-20,270.8299865722656,275.42999267578125,265.9200134277344,266.25,266.0010986328125,45823600,0.0,0.0,269.2000020345052,12335713213.228352,yahoo
AAPL,2025-11-21,265.95001220703125,273.3299865722656,265.6700134277344,271.489990234375,271.2361755371094,59030800,0.0,0.0,270.163330078125,15947957505.175781,yahoo
AAPL,2025-11-24,270.8999938964844,277.0,270.8999938964844,275.9200134277344,275.6620788574219,65585800,0.0,0.0,274.60666910807294,18010298078.78825,yahoo
AAPL,2025-11-25,275.2699890136719,280.3800048828125,275.25,276.9700012207031,276.7110900878906,46914200,0.0,0.0,277.53333536783856,13020254402.113852,yahoo
AAPL,2025-11-26,276.9599914550781,279.5299987792969,276.6300048828125,277.54998779296875,277.29052734375,33431400,0.0,0.0,277.90333048502606,9290697402.7771,yahoo
AAPL,2025-11-28,277.260009765625,279.0,275.989990234375,278.8500061035156,278.5893249511719,20135600,0.0,0.0,277.94666544596356,5596622876.753744,yahoo
AAPL,2025-12-01,278.010009765625,283.4200134277344,276.1400146484375,283.1000061035156,282.8353576660156,46587700,0.0,0.0,280.8866780598958,13085864291.451008,yahoo
AAPL,2025-12-02,283.0,287.3999938964844,282.6300048828125,286.19000244140625,285.9224548339844,53669500,0.0,0.0,285.4066670735677,15317633118.50484,yahoo
AAPL,2025-12-03,286.20001220703125,288.6199951171875,283.29998779296875,284.1499938964844,283.8843688964844,43538700,0.0,0.0,285.3566589355469,12424057966.397095,yahoo
AAPL,2025-12-04,284.1000061035156,284.7300109863281,278.5899963378906,280.70001220703125,280.4375915527344,43989100,0.0,0.0,281.3400065104167,12375893680.387371,yahoo
AAPL,2025-12-05,280.5400085449219,281.1400146484375,278.04998779296875,278.7799987792969,278.5193786621094,47265800,0.0,0.0,279.3233337402344,13202440827.89917,yahoo
AAPL,2025-12-08,278.1300048828125,279.6700134277344,276.1499938964844,277.8900146484375,277.6302185058594,38211800,0.0,0.0,277.90334065755206,10619186872.538248,yahoo
AAPL,2025-12-09,278.1600036621094,280.0299987792969,276.9200134277344,277.17999267578125,276.9208679199219,32193300,0.0,0.0,278.0433349609375,8951132495.39795,yahoo
AAPL,2025-12-10,277.75,279.75,276.44000244140625,278.7799987792969,278.5193786621094,33038300,0.0,0.0,278.3233337402344,9195329797.109985,yahoo
AAPL,2025-12-11,279.1000061035156,279.5899963378906,273.80999755859375,278.0299987792969,277.77008056640625,33248000,0.0,0.0,277.14333089192706,9214461465.494791,yahoo
AAPL,2025-12-12,277.8999938964844,279.2200012207031,276.82000732421875,278.2799987792969,278.0198669433594,39532900,0.0,0.0,278.10666910807294,10994363139.182537,yahoo
AAPL,2025-12-15,280.1499938964844,280.1499938964844,272.8399963378906,274.1099853515625,273.8537292480469,50409100,0.0,0.0,275.6999918619792,13897788459.769695,yahoo
AAPL,2025-12-16,272.82000732421875,275.5,271.7900085449219,274.6099853515625,274.353271484375,37648600,0.0,0.0,273.96666463216144,10314461370.070393,yahoo
AAPL,2025-12-17,275.010009765625,276.1600036621094,271.6400146484375,271.8399963378906,271.58587646484375,50138700,0.0,0.0,273.2133382161458,13698561600.817871,yahoo
AAPL,2025-12-18,273.6099853515625,273.6300048828125,266.95001220703125,272.19000244140625,271.935546875,51630700,0.0,0.0,270.92333984375,13987961682.470703,yahoo
AAPL,2025-12-19,272.1499938964844,274.6000061035156,269.8999938964844,273.6700134277344,273.4141845703125,144632000,0.0,0.0,272.7233378092448,39444521794.026695,yahoo
AAPL,2025-12-22,272.8599853515625,273.8800048828125,270.510009765625,270.9700012207031,270.7166748046875,36571800,0.0,0.0,271.7866719563802,9939727809.454346,yahoo
AAPL,2025-12-23,270.8399963378906,272.5,269.55999755859375,272.3599853515625,272.1053771972656,29642000,0.0,0.0,271.47332763671875,8047012377.807617,yahoo
AAPL,2025-12-24,272.3399963378906,275.42999267578125,272.20001220703125,273.80999755859375,273.55401611328125,17910600,0.0,0.0,273.81333414713544,4904161102.575684,yahoo
AAPL,2025-12-26,274.1600036621094,275.3699951171875,272.8599853515625,273.3999938964844,273.1444091796875,21521800,0.0,0.0,273.8766581217448,5894318660.764567,yahoo
AAPL,2025-12-29,272.69000244140625,274.3599853515625,272.3500061035156,273.760009765625,273.50408935546875,23715200,0.0,0.0,273.49000040690106,6485870057.64974,yahoo
AAPL,2025-12-30,272.80999755859375,274.0799865722656,272.2799987792969,273.0799865722656,272.82470703125,22139600,0.0,0.0,273.1466573079427,6047357734.134928,yahoo
AAPL,2025-12-31,273.05999755859375,273.67999267578125,271.75,271.8599853515625,271.6058349609375,27293600,0.0,0.0,272.42999267578125,7435595248.095703,yahoo
AAPL,2026-01-02,272.260009765625,277.8399963378906,269.0,271.010009765625,270.75665283203125,37838100,0.0,0.0,272.6166687011719,10315296771.981812,yahoo
AAPL,2026-01-05,270.6400146484375,271.510009765625,266.1400146484375,267.260009765625,267.0101623535156,45647200,0.0,0.0,268.3033447265625,12247296437.402344,yahoo
AAPL,2026-01-06,267.0,267.54998779296875,262.1199951171875,262.3599853515625,262.1147155761719,52352100,0.0,0.0,264.00998942057294,13821477367.144777,yahoo
AAPL,2026-01-07,263.20001220703125,263.67999267578125,259.80999755859375,260.3299865722656,260.08660888671875,48309800,0.0,0.0,261.27332560221356,12622062105.177816,yahoo
AAPL,2026-01-08,257.0199890136719,259.2900085449219,255.6999969482422,259.0400085449219,258.7978515625,50419300,0.0,0.0,258.010004679362,13008683828.930157,yahoo
AAPL,2026-01-09,259.0799865722656,260.2099914550781,256.2200012207031,259.3699951171875,259.1275329589844,39997000,0.0,0.0,258.59999593098956,10343224037.25179,yahoo
AAPL,2026-01-12,259.1600036621094,261.29998779296875,256.79998779296875,260.25,260.0067138671875,45263800,0.0,0.0,259.4499918619792,11743692541.642254,yahoo
AAPL,2026-01-13,258.7200012207031,261.80999755859375,258.3900146484375,261.04998779296875,260.8059387207031,45730800,0.0,0.0,260.4166666666667,11909062500.0,yahoo
AAPL,2026-01-14,259.489990234375,261.82000732421875,256.7099914550781,259.9599914550781,259.71697998046875,40019400,0.0,0.0,259.4966634114583,10384900771.728516,yahoo
AAPL,2026-01-15,260.6499938964844,261.0400085449219,257.04998779296875,258.2099914550781,257.9685974121094,39388600,0.0,0.0,258.76666259765625,10192456566.394043,yahoo
AAPL,2026-01-16,257.8999938964844,258.8999938964844,254.92999267578125,255.52999877929688,255.29112243652344,72142800,0.0,0.0,256.4533284505208,18501261183.740234,yahoo
AAPL,2026-01-20,252.72999572753906,254.7899932861328,243.4199981689453,246.6999969482422,246.46937561035156,80267500,0.0,0.0,248.30332946777344,19930687498.054504,yahoo
AAPL,2026-01-21,248.6999969482422,251.55999755859375,245.17999267578125,247.64999389648438,247.41848754882812,54641700,0.0,0.0,248.12999471028647,13558244731.96106,yahoo
AAPL,2026-01-22,249.1999969482422,251.0,248.14999389648438,248.35000610351562,248.1178436279297,39708300,0.0,0.0,249.16666666666666,9893984750.0,yahoo
AAPL,2026-01-23,247.32000732421875,249.41000366210938,244.67999267578125,248.0399932861328,247.80812072753906,41689000,0.0,0.0,247.3766632080078,10312885712.478638,yahoo
AAPL,2026-01-26,251.47999572753906,256.55999755859375,249.8000030517578,255.41000366210938,255.17123413085938,55969200,0.0,0.0,253.92333475748697,14211885907.70874,yahoo
AAPL,2026-01-27,259.1700134277344,261.95001220703125,258.2099914550781,258.2699890136719,258.0285339355469,49648300,0.0,0.0,259.47666422526044,12882575268.454998,yahoo
AAPL,2026-01-28,257.6499938964844,258.8599853515625,254.50999450683594,256.44000244140625,256.2002868652344,41288000,0.0,0.0,256.60332743326825,10594638183.06478,yahoo
AAPL,2026-01-29,258.0,259.6499938964844,254.41000366210938,258.2799987792969,258.0385437011719,67253000,0.0,0.0,257.44666544596356,17314060591.23739,yahoo
AAPL,2026-01-30,255.1699981689453,261.8999938964844,252.17999267578125,259.4800109863281,259.2374267578125,92443400,0.0,0.0,257.85333251953125,23836838759.436035,yahoo
AAPL,2026-02-02,260.0299987792969,270.489990234375,259.2099914550781,270.010009765625,269.7575988769531,73913400,0.0,0.0,266.5699971516927,19703094827.471924,yahoo
AAPL,2026-02-03,269.20001220703125,271.8800048828125,267.6099853515625,269.4800109863281,269.22808837890625,64394700,0.0,0.0,269.6566670735677,17364460179.20227,yahoo
AAPL,2026-02-04,272.2900085449219,278.95001220703125,272.2900085449219,276.489990234375,276.23150634765625,90545700,0.0,0.0,275.9100036621094,24982464418.588257,yahoo
AAPL,2026-02-05,278.1300048828125,279.5,273.2300109863281,275.9100036621094,275.6520690917969,52977400,0.0,0.0,276.2133382161458,14633064504.012043,yahoo
AAPL,2026-02-06,277.1199951171875,280.9100036621094,276.92999267578125,278.1199951171875,277.8599853515625,50453400,0.0,0.0,278.65333048502606,14059007944.293215,yahoo
AAPL,2026-02-09,277.9100036621094,278.20001220703125,271.70001220703125,274.6199951171875,274.6199951171875,44623400,0.26,0.0,274.8400065104167,12264295546.516928,yahoo
AAPL,2026-02-10,274.8900146484375,275.3699951171875,272.94000244140625,273.67999267578125,273.67999267578125,34376900,0.0,0.0,273.9966634114583,9419155898.429361,yahoo
AAPL,2026-02-11,274.70001220703125,280.17999267578125,274.45001220703125,275.5,275.5,51931300,0.0,0.0,276.7100016276042,14369910107.523602,yahoo
AAPL,2026-02-12,275.5899963378906,275.7200012207031,260.17999267578125,261.7300109863281,261.7300109863281,81077200,0.0,0.0,265.8766682942708,21556535810.628254,yahoo
AAPL,2026-02-13,262.010009765625,262.2300109863281,255.4499969482422,255.77999877929688,255.77999877929688,56229900,0.0,0.0,257.82000223795575,14497192943.840029,yahoo
