symbol,date,open,high,low,close,adjusted_close,volume,dividends,stock_splits,typical_price,traded_value,source
AMZN,2023-02-17,97.80000305175781,97.94000244140625,95.6500015258789,97.19999694824219,97.19999694824219,60029400,0.0,0.0,96.93000030517578,5818649760.319519,yahoo
AMZN,2023-02-21,95.33999633789062,95.61000061035156,94.2699966430664,94.58000183105469,94.58000183105469,56580400,0.0,0.0,94.81999969482422,5364953510.733032,yahoo
AMZN,2023-02-22,95.0999984741211,97.01000213623047,94.80000305175781,95.79000091552734,95.79000091552734,59534100,0.0,0.0,95.86666870117188,5707335841.122437,yahoo
AMZN,2023-02-23,96.12000274658203,96.43000030517578,93.66999816894531,95.81999969482422,95.81999969482422,48467000,0.0,0.0,95.30666605631511,4619228183.751425,yahoo
AMZN,2023-02-24,93.52999877929688,94.13999938964844,92.31999969482422,93.5,93.5,57053800,0.0,0.0,93.31999969482422,5324260598.588562,yahoo
AMZN,2023-02-27,94.27999877929688,94.77999877929688,93.13999938964844,93.76000213623047,93.76000213623047,47470300,0.0,0.0,93.8933334350586,4457144706.162262,yahoo
AMZN,2023-02-28,93.13999938964844,94.69000244140625,92.91999816894531,94.2300033569336,94.2300033569336,43959300,0.0,0.0,93.94666798909505,4129829762.133026,yahoo
AMZN,2023-03-01,93.87000274658203,94.68000030517578,91.58999633789062,92.16999816894531,92.16999816894531,52299500,0.0,0.0,92.8133316040039,4854090836.223602,yahoo
AMZN,2023-03-02,91.41000366210938,92.2300033569336,90.38999938964844,92.12999725341797,92.12999725341797,55509400,0.0,0.0,91.58333333333333,5083735883.333333,yahoo
AMZN,2023-03-03,92.73999786376953,94.94000244140625,92.66000366210938,94.9000015258789,94.9000015258789,55759600,0.0,0.0,94.16666920979817,5250695808.470662,yahoo
AMZN,2023-03-06,95.19000244140625,96.55000305175781,93.73999786376953,93.75,93.75,52112400,0.0,0.0,94.68000030517578,4934002047.903442,yahoo
AMZN,2023-03-07,94.05999755859375,95.08999633789062,92.77999877929688,93.55000305175781,93.55000305175781,49100700,0.0,0.0,93.80666605631511,4605972968.031311,yahoo
AMZN,2023-03-08,93.5999984741211,94.16999816894531,92.18000030517578,93.91999816894531,93.91999816894531,44899100,0.0,0.0,93.42333221435547,4194623535.4255676,yahoo
AMZN,2023-03-09,93.68000030517578,96.20999908447266,92.18000030517578,92.25,92.25,56218700,0.0,0.0,93.54666646321614,5259071977.895609,yahoo
AMZN,2023-03-10,92.66999816894531,93.56999969482422,90.25,90.7300033569336,90.7300033569336,69827500,0.0,0.0,91.51666768391927,6390380112.698873,yahoo
AMZN,2023-03-13,89.97000122070312,94.0199966430664,88.12000274658203,92.43000030517578,92.43000030517578,72397100,0.0,0.0,91.52333323160808,6626023908.302053,yahoo
AMZN,2023-03-14,93.83000183105469,95.06999969482422,92.70999908447266,94.87999725341797,94.87999725341797,60912700,0.0,0.0,94.21999867757161,5739194513.447316,yahoo
AMZN,2023-03-15,93.22000122070312,96.66999816894531,93.06999969482422,96.19999694824219,96.19999694824219,70731800,0.0,0.0,95.3133316040039,6741683508.3480835,yahoo
AMZN,2023-03-16,95.75,100.98999786376953,95.61000061035156,100.04000091552734,100.04000091552734,84446900,0.0,0.0,98.87999979654948,8350109454.819235,yahoo
AMZN,2023-03-17,99.79000091552734,100.66000366210938,97.45999908447266,98.94999694824219,98.94999694824219,87300200,0.0,0.0,99.02333323160808,8644756795.786032,yahoo
AMZN,2023-03-20,98.41000366210938,98.4800033569336,95.69999694824219,97.70999908447266,97.70999908447266,62388900,0.0,0.0,97.29666646321614,6070231994.306946,yahoo
AMZN,2023-03-21,98.13999938964844,100.8499984741211,98.0,100.61000061035156,100.61000061035156,58597300,0.0,0.0,99.81999969482422,5849182468.117523,yahoo
AMZN,2023-03-22,100.44999694824219,102.0999984741211,98.61000061035156,98.69999694824219,98.69999694824219,57475400,0.0,0.0,99.80333201090495,5736236428.659567,yahoo
AMZN,2023-03-23,100.43000030517578,101.05999755859375,97.62000274658203,98.70999908447266,98.70999908447266,57559300,0.0,0.0,99.12999979654948,5705853397.289531,yahoo
AMZN,2023-03-24,98.06999969482422,98.30000305175781,96.4000015258789,98.12999725341797,98.12999725341797,56095400,0.0,0.0,97.61000061035156,5475472028.237915,yahoo
AMZN,2023-03-27,99.06999969482422,99.33999633789062,97.08000183105469,98.04000091552734,98.04000091552734,46721300,0.0,0.0,98.15333302815755,4585851318.408457,yahoo
AMZN,2023-03-28,98.11000061035156,98.44000244140625,96.29000091552734,97.23999786376953,97.23999786376953,38720100,0.0,0.0,97.32333374023438,3768369214.755249,yahoo
AMZN,2023-03-29,98.69000244140625,100.41999816894531,98.55999755859375,100.25,100.25,49783300,0.0,0.0,99.74333190917969,4965552215.434265,yahoo
AMZN,2023-03-30,101.55000305175781,103.04000091552734,101.01000213623047,102.0,102.0,53633400,0.0,0.0,102.01666768391927,5471500744.558716,yahoo
AMZN,2023-03-31,102.16000366210938,103.48999786376953,101.94999694824219,103.29000091552734,103.29000091552734,56750300,0.0,0.0,102.90999857584636,5840173292.178854,yahoo
AMZN,2023-04-03,102.30000305175781,103.29000091552734,101.43000030517578,102.41000366210938,102.41000366210938,41135700,0.0,0.0,102.37666829427083,4211335913.9526367,yahoo
AMZN,2023-04-04,102.75,104.19999694824219,102.11000061035156,103.94999694824219,103.94999694824219,48662500,0.0,0.0,103.41999816894531,5032675660.896301,yahoo
AMZN,2023-04-05,103.91000366210938,103.91000366210938,100.75,101.0999984741211,101.0999984741211,45175400,0.0,0.0,101.92000071207683,4604276800.168356,yahoo
AMZN,2023-04-06,100.75,102.37999725341797,99.80000305175781,102.05999755859375,102.05999755859375,43808000,0.0,0.0,101.41333262125652,4442715275.472006,yahoo
AMZN,2023-04-10,100.95999908447266,102.19999694824219,99.56999969482422,102.16999816894531,102.16999816894531,37261200,0.0,0.0,101.3133316040039,3775056311.5631104,yahoo
AMZN,2023-04-11,100.80000305175781,101.0,99.01000213623047,99.91999816894531,99.91999816894531,60417800,0.0,0.0,99.97666676839192,6040370257.479349,yahoo
AMZN,2023-04-12,100.4000015258789,100.51000213623047,97.70999908447266,97.83000183105469,97.83000183105469,56735000,0.0,0.0,98.68333435058594,5598798974.380493,yahoo
AMZN,2023-04-13,98.94999694824219,102.56999969482422,98.70999908447266,102.4000015258789,102.4000015258789,67925100,0.0,0.0,101.22666676839192,6875831462.9096985,yahoo
AMZN,2023-04-14,102.06999969482422,103.19999694824219,101.11000061035156,102.51000213623047,102.51000213623047,51450500,0.0,0.0,102.27333323160808,5262014131.432852,yahoo
AMZN,2023-04-17,103.16000366210938,103.7300033569336,101.58999633789062,102.73999786376953,102.73999786376953,39919500,0.0,0.0,102.68666585286458,4099200357.5134277,yahoo
AMZN,2023-04-18,103.94999694824219,104.19999694824219,101.5199966430664,102.30000305175781,102.30000305175781,39790500,0.0,0.0,102.67333221435547,4085423225.4753113,yahoo
AMZN,2023-04-19,101.58000183105469,105.12000274658203,101.38999938964844,104.30000305175781,104.30000305175781,58398900,0.0,0.0,103.60333506266277,6050320803.990936,yahoo
AMZN,2023-04-20,103.52999877929688,105.25,103.20999908447266,103.80999755859375,103.80999755859375,57696900,0.0,0.0,104.08999888102214,6005670256.438446,yahoo
AMZN,2023-04-21,106.0999984741211,108.1500015258789,105.08000183105469,106.95999908447266,106.95999908447266,86774200,0.0,0.0,106.73000081380208,9261410436.617023,yahoo
AMZN,2023-04-24,107.66000366210938,109.2300033569336,105.06999969482422,106.20999908447266,106.20999908447266,69575600,0.0,0.0,106.83666737874348,7433225234.876505,yahoo
AMZN,2023-04-25,104.91000366210938,105.44999694824219,102.44999694824219,102.56999969482422,102.56999969482422,65026800,0.0,0.0,103.48999786376953,6729623393.087769,yahoo
AMZN,2023-04-26,105.04000091552734,106.62000274658203,104.0999984741211,104.9800033569336,104.9800033569336,73803800,0.0,0.0,105.23333485921223,7766619999.282328,yahoo
AMZN,2023-04-27,108.16000366210938,110.86000061035156,106.80000305175781,109.81999969482422,109.81999969482422,149961200,0.0,0.0,109.16000111897786,16369764759.803263,yahoo
AMZN,2023-04-28,107.7300033569336,109.4800033569336,104.33000183105469,105.44999694824219,105.44999694824219,130715900,0.0,0.0,106.42000071207683,13910786171.079763,yahoo
AMZN,2023-05-01,104.94999694824219,105.2300033569336,101.81999969482422,102.05000305175781,102.05000305175781,74728100,0.0,0.0,103.03333536783855,7699485388.701376,yahoo
AMZN,2023-05-02,101.47000122070312,103.9000015258789,101.1500015258789,103.62999725341797,103.62999725341797,73469400,0.0,0.0,102.8933334350586,7559511471.473694,yahoo
AMZN,2023-05-03,103.73999786376953,105.95999908447266,103.27999877929688,103.6500015258789,103.6500015258789,65051900,0.0,0.0,104.29666646321614,6784696317.09849,yahoo
AMZN,2023-05-04,104.04000091552734,105.38999938964844,103.30999755859375,104.0,104.0,45345500,0.0,0.0,104.23333231608073,4726512570.538839,yahoo
AMZN,2023-05-05,104.2699966430664,105.76000213623047,103.55000305175781,105.66000366210938,105.66000366210938,56951700,0.0,0.0,104.99000295003255,5979359151.009369,yahoo
AMZN,2023-05-08,105.04000091552734,106.0999984741211,104.69999694824219,105.83000183105469,105.83000183105469,49430900,0.0,0.0,105.54333241780598,5217101910.411325,yahoo
AMZN,2023-05-09,105.4800033569336,106.79000091552734,105.16000366210938,106.62000274658203,106.62000274658203,44089400,0.0,0.0,106.19000244140625,4681853493.640137,yahoo
AMZN,2023-05-10,108.0999984741211,110.66999816894531,108.05000305175781,110.19000244140625,110.19000244140625,78627600,0.0,0.0,109.6366678873698,8620468067.980957,yahoo
AMZN,2023-05-11,111.02999877929688,113.27999877929688,110.48999786376953,112.18000030517578,112.18000030517578,74924800,0.0,0.0,111.98333231608073,8390328777.115886,yahoo
AMZN,2023-05-12,112.16000366210938,112.63999938964844,109.31999969482422,110.26000213623047,110.26000213623047,49852700,0.0,0.0,110.74000040690105,5520688018.285116,yahoo
AMZN,2023-05-15,111.1500015258789,112.29000091552734,109.25,111.19999694824219,111.19999694824219,53011100,0.0,0.0,110.91333262125652,5879637766.918692,yahoo
AMZN,2023-05-16,111.05000305175781,114.79000091552734,111.05000305175781,113.4000015258789,113.4000015258789,71472900,0.0,0.0,113.08000183105469,8082155662.870789,yahoo
AMZN,2023-05-17,114.88999938964844,115.83000183105469,114.22000122070312,115.5,115.5,65655200,0.0,0.0,115.18333435058594,7562384853.45459,yahoo
AMZN,2023-05-18,116.69000244140625,118.5999984741211,116.33999633789062,118.1500015258789,118.1500015258789,73174100,0.0,0.0,117.69666544596355,8612347567.009481,yahoo
AMZN,2023-05-19,118.16000366210938,118.30999755859375,115.69999694824219,116.25,116.25,55056300,0.0,0.0,116.75333150227864,6428006445.188904,yahoo
AMZN,2023-05-22,116.7699966430664,116.7699966430664,114.25,115.01000213623047,115.01000213623047,70741100,0.0,0.0,115.3433329264323,8159514248.88204,yahoo
AMZN,2023-05-23,114.2699966430664,117.13999938964844,113.77999877929688,114.98999786376953,114.98999786376953,67576300,0.0,0.0,115.30333201090495,7791772554.968516,yahoo
AMZN,2023-05-24,115.3499984741211,117.33999633789062,115.0199966430664,116.75,116.75,63487900,0.0,0.0,116.36999766031902,7388086774.458568,yahoo
AMZN,2023-05-25,116.62999725341797,116.87000274658203,114.30999755859375,115.0,115.0,66496700,0.0,0.0,115.3933334350586,7673275875.431061,yahoo
AMZN,2023-05-26,116.04000091552734,121.5,116.0199966430664,120.11000061035156,120.11000061035156,96779900,0.0,0.0,119.20999908447266,11537131790.395355,yahoo
AMZN,2023-05-30,122.37000274658203,122.91999816894531,119.86000061035156,121.66000366210938,121.66000366210938,64314800,0.0,0.0,121.48000081380208,7812961956.339518,yahoo
AMZN,2023-05-31,121.44999694824219,122.04000091552734,119.16999816894531,120.58000183105469,120.58000183105469,72800800,0.0,0.0,120.59666697184245,8779533832.883709,yahoo
AMZN,2023-06-01,120.69000244140625,123.48999786376953,119.93000030517578,122.7699966430664,122.7699966430664,54375100,0.0,0.0,122.0633316040039,6637205862.300873,yahoo
AMZN,2023-06-02,124.91999816894531,126.38999938964844,124.0199966430664,124.25,124.25,61264400,0.0,0.0,124.88666534423828,7651106620.315552,yahoo
AMZN,2023-06-05,123.36000061035156,125.80000305175781,123.02999877929688,125.30000305175781,125.30000305175781,47950100,0.0,0.0,124.71000162760417,5979857049.043783,yahoo
AMZN,2023-06-06,125.06999969482422,127.4000015258789,125.0,126.61000061035156,126.61000061035156,45695200,0.0,0.0,126.33666737874348,5772979283.205159,yahoo
AMZN,2023-06-07,127.01000213623047,127.37000274658203,120.62999725341797,121.2300033569336,121.2300033569336,95663300,0.0,0.0,123.07666778564453,11773920193.378448,yahoo
AMZN,2023-06-08,123.01000213623047,125.62999725341797,122.26000213623047,124.25,124.25,62159300,0.0,0.0,124.04666646321614,7710653954.686991,yahoo
AMZN,2023-06-09,124.08000183105469,125.80000305175781,123.19000244140625,123.43000030517578,123.43000030517578,51396000,0.0,0.0,124.14000193277995,6380299539.337158,yahoo
AMZN,2023-06-12,124.0199966430664,126.77999877929688,123.52999877929688,126.56999969482422,126.56999969482422,51338000,0.0,0.0,125.62666575113933,6449421766.331991,yahoo
AMZN,2023-06-13,128.1199951171875,128.41000366210938,125.18000030517578,126.66000366210938,126.66000366210938,50564800,0.0,0.0,126.75000254313152,6409088528.5929365,yahoo
AMZN,2023-06-14,126.69999694824219,126.94999694824219,124.12000274658203,126.41999816894531,126.41999816894531,52422500,0.0,0.0,125.82999928792317,6596323137.671152,yahoo
AMZN,2023-06-15,125.20999908447266,127.69000244140625,124.31999969482422,127.11000061035156,127.11000061035156,60458500,0.0,0.0,126.37333424886067,7640342228.684743,yahoo
AMZN,2023-06-16,127.70999908447266,127.9000015258789,125.30000305175781,125.48999786376953,125.48999786376953,84247100,0.0,0.0,126.23000081380208,10634511501.560465,yahoo
AMZN,2023-06-20,124.97000122070312,127.25,124.5,125.77999877929688,125.77999877929688,56930100,0.0,0.0,125.8433329264323,7164273527.835083,yahoo
AMZN,2023-06-21,125.63999938964844,126.7300033569336,123.8499984741211,124.83000183105469,124.83000183105469,52137700,0.0,0.0,125.1366678873698,6524338049.31132,yahoo
AMZN,2023-06-22,125.30999755859375,130.3300018310547,125.13999938964844,130.14999389648438,130.14999389648438,90354600,0.0,0.0,128.53999837239584,11614180136.938477,yahoo
AMZN,2023-06-23,129.11000061035156,130.83999633789062,128.27999877929688,129.3300018310547,129.3300018310547,71927800,0.0,0.0,129.48333231608072,9313451230.16459,yahoo
AMZN,2023-06-26,129.3300018310547,131.49000549316406,127.0999984741211,127.33000183105469,127.33000183105469,59989300,0.0,0.0,128.64000193277994,7717023667.9461155,yahoo
AMZN,2023-06-27,128.6300048828125,130.08999633789062,127.55000305175781,129.17999267578125,129.17999267578125,46801000,0.0,0.0,128.93999735514322,6034520816.218058,yahoo
AMZN,2023-06-28,128.94000244140625,131.47999572753906,128.44000244140625,129.0399932861328,129.0399932861328,52149500,0.0,0.0,129.65333048502603,6761356358.128865,yahoo
AMZN,2023-06-29,128.77000427246094,129.25999450683594,127.26000213623047,127.9000015258789,127.9000015258789,40761000,0.0,0.0,128.13999938964844,5223114515.12146,yahoo
AMZN,2023-06-30,129.47000122070312,131.25,128.9499969482422,130.36000061035156,130.36000061035156,54350700,0.0,0.0,130.1866658528646,7075736419.769288,yahoo
AMZN,2023-07-03,130.82000732421875,131.85000610351562,130.07000732421875,130.22000122070312,130.22000122070312,28264800,0.0,0.0,130.71333821614584,3694586362.011719,yahoo
AMZN,2023-07-05,130.24000549316406,131.39999389648438,129.63999938964844,130.3800048828125,130.3800048828125,35895400,0.0,0.0,130.47333272298178,4683392467.4245205,yahoo
AMZN,2023-07-06,128.25,128.72999572753906,127.37000274658203,128.36000061035156,128.36000061035156,40639900,0.0,0.0,128.15333302815756,5208138638.931021,yahoo
AMZN,2023-07-07,128.58999633789062,130.97000122070312,128.1300048828125,129.77999877929688,129.77999877929688,41992300,0.0,0.0,129.62666829427084,5443321943.01351,yahoo
AMZN,2023-07-10,129.07000732421875,129.27999877929688,125.91999816894531,127.12999725341797,127.12999725341797,61889300,0.0,0.0,127.44333140055339,7887378570.048269,yahoo
AMZN,2023-07-11,127.75,129.77000427246094,127.3499984741211,128.77999877929688,128.77999877929688,49951500,0.0,0.0,128.63333384195963,6425427975.406647,yahoo
AMZN,2023-07-12,130.30999755859375,131.25999450683594,128.8300018310547,130.8000030517578,130.8000030517578,54022800,0.0,0.0,130.29666646321616,7038990753.009034,yahoo
AMZN,2023-07-13,134.0399932861328,134.6699981689453,132.7100067138672,134.3000030517578,134.3000030517578,61170900,0.0,0.0,133.8933359781901,8190375865.788268,yahoo
AMZN,2023-07-14,134.05999755859375,136.64999389648438,134.05999755859375,134.67999267578125,134.67999267578125,54487100,0.0,0.0,135.12999471028647,7362841534.77885,yahoo
AMZN,2023-07-17,134.55999755859375,135.6199951171875,133.2100067138672,133.55999755859375,133.55999755859375,48450200,0.0,0.0,134.12999979654947,6498625316.142781,yahoo
AMZN,2023-07-18,132.7100067138672,133.86000061035156,131.35000610351562,132.8300018310547,132.8300018310547,54882900,0.0,0.0,132.68000284830728,7281863328.323363,yahoo
AMZN,2023-07-19,133.38999938964844,135.99000549316406,132.52999877929688,135.36000061035156,135.36000061035156,54531000,0.0,0.0,134.62666829427084,7341326848.754884,yahoo
AMZN,2023-07-20,134.07000732421875,134.7899932861328,129.3300018310547,129.9600067138672,129.9600067138672,59820600,0.0,0.0,131.36000061035156,7858034052.511597,yahoo
AMZN,2023-07-21,131.33999633789062,131.3699951171875,128.4199981689453,130.0,130.0,133307300,0.0,0.0,129.92999776204428,17320617190.664165,yahoo
AMZN,2023-07-24,130.30999755859375,131.66000366210938,128.35000610351562,128.8000030517578,128.8000030517578,45591100,0.0,0.0,129.60333760579428,5908758725.119528,yahoo
AMZN,2023-07-25,129.30999755859375,129.5800018310547,128.52999877929688,129.1300048828125,129.1300048828125,39236700,0.0,0.0,129.0800018310547,5064673307.844543,yahoo
AMZN,2023-07-26,126.51000213623047,129.0800018310547,126.11000061035156,128.14999389648438,128.14999389648438,53910100,0.0,0.0,127.77999877929688,6888632512.191772,yahoo
AMZN,2023-07-27,131.0,132.6300048828125,127.79000091552734,128.25,128.25,52610700,0.0,0.0,129.55666859944662,6816067024.684907,yahoo
AMZN,2023-07-28,129.69000244140625,133.00999450683594,129.3300018310547,132.2100067138672,132.2100067138672,46317400,0.0,0.0,131.51666768391928,6091510103.783163,yahoo
AMZN,2023-07-31,133.1999969482422,133.8699951171875,132.3800048828125,133.67999267578125,133.67999267578125,41901500,0.0,0.0,133.30999755859375,5585888862.701416,yahoo
AMZN,2023-08-01,133.5500030517578,133.69000244140625,131.6199951171875,131.69000244140625,131.69000244140625,42098500,0.0,0.0,132.33333333333334,5571034833.333334,yahoo
AMZN,2023-08-02,130.14999389648438,130.22999572753906,126.81999969482422,128.2100067138672,128.2100067138672,51027600,0.0,0.0,128.4200007120768,6552964428.33557,yahoo
AMZN,2023-08-03,127.4800033569336,129.83999633789062,126.41000366210938,128.91000366210938,128.91000366210938,88585200,0.0,0.0,128.38666788736978,11373158652.13623,yahoo
AMZN,2023-08-04,141.05999755859375,143.6300048828125,139.32000732421875,139.57000732421875,139.57000732421875,153128500,0.0,0.0,140.84000651041666,21566618936.930336,yahoo
AMZN,2023-08-07,140.99000549316406,142.5399932861328,138.9499969482422,142.22000122070312,142.22000122070312,71213100,0.0,0.0,141.23666381835938,10057900664.163208,yahoo
AMZN,2023-08-08,140.6199951171875,140.83999633789062,138.4199981689453,139.94000244140625,139.94000244140625,51710500,0.0,0.0,139.73333231608072,7225680480.730692,yahoo
AMZN,2023-08-09,139.97000122070312,140.32000732421875,137.10000610351562,137.85000610351562,137.85000610351562,50017300,0.0,0.0,138.42333984375,6923561715.966797,yahoo
AMZN,2023-08-10,139.07000732421875,140.41000366210938,137.49000549316406,138.55999755859375,138.55999755859375,58928400,0.0,0.0,138.82000223795572,8180440619.879149,yahoo
AMZN,2023-08-11,137.39999389648438,139.3300018310547,137.0,138.41000366210938,138.41000366210938,42905800,0.0,0.0,138.24666849772134,5931583909.229532,yahoo
AMZN,2023-08-14,138.3000030517578,140.58999633789062,137.75,140.57000732421875,140.57000732421875,47148700,0.0,0.0,139.63666788736978,6583687363.221231,yahoo
AMZN,2023-08-15,140.0500030517578,141.27999877929688,137.22999572753906,137.6699981689453,137.6699981689453,42781500,0.0,0.0,138.7266642252604,5934934785.5529785,yahoo
AMZN,2023-08-16,137.19000244140625,137.27000427246094,135.00999450683594,135.07000732421875,135.07000732421875,41675900,0.0,0.0,135.78333536783853,5658892706.456502,yahoo
AMZN,2023-08-17,135.4600067138672,136.08999633789062,133.52999877929688,133.97999572753906,133.97999572753906,48354100,0.0,0.0,134.53333028157553,6505238105.768332,yahoo
AMZN,2023-08-18,131.6199951171875,134.07000732421875,131.14999389648438,133.22000122070312,133.22000122070312,48497700,0.0,0.0,132.8133341471354,6441141235.467529,yahoo
AMZN,2023-08-21,133.74000549316406,135.19000244140625,132.7100067138672,134.67999267578125,134.67999267578125,41442500,0.0,0.0,134.1933339436849,5561307241.961162,yahoo
AMZN,2023-08-22,135.0800018310547,135.64999389648438,133.72999572753906,134.25,134.25,32905400,0.0,0.0,134.54332987467447,4427202086.858113,yahoo
AMZN,2023-08-23,134.5,135.9499969482422,133.22000122070312,135.52000427246094,135.52000427246094,42801000,0.0,0.0,134.89666748046875,5773712264.831543,yahoo
AMZN,2023-08-24,136.39999389648438,136.77999877929688,131.8300018310547,131.83999633789062,131.83999633789062,43646300,0.0,0.0,133.48333231608072,5826053567.267354,yahoo
AMZN,2023-08-25,132.47000122070312,133.8699951171875,130.5800018310547,133.25999450683594,133.25999450683594,44147500,0.0,0.0,132.56999715169272,5852633949.2543545,yahoo
AMZN,2023-08-28,133.77999877929688,133.9499969482422,131.85000610351562,133.13999938964844,133.13999938964844,34108400,0.0,0.0,132.9800008138021,4535735059.757487,yahoo
AMZN,2023-08-29,133.3800048828125,135.13999938964844,133.25,134.91000366210938,134.91000366210938,38646100,0.0,0.0,134.43333435058594,5195324082.646179,yahoo
AMZN,2023-08-30,134.92999267578125,135.67999267578125,133.9199981689453,135.07000732421875,135.07000732421875,36137000,0.0,0.0,134.88999938964844,4874519907.943726,yahoo
AMZN,2023-08-31,135.05999755859375,138.7899932861328,135.0,138.00999450683594,138.00999450683594,58781300,0.0,0.0,137.26666259765625,8068712874.151611,yahoo
AMZN,2023-09-01,139.4600067138672,139.9600067138672,136.8800048828125,138.1199951171875,138.1199951171875,40991500,0.0,0.0,138.32000223795572,5669944371.737162,yahoo
AMZN,2023-09-05,137.72999572753906,137.8000030517578,135.82000732421875,137.27000427246094,137.27000427246094,40636700,0.0,0.0,136.96333821614584,5565738086.088054,yahoo
AMZN,2023-09-06,136.32000732421875,137.4499969482422,134.61000061035156,135.36000061035156,135.36000061035156,41785500,0.0,0.0,135.8066660563151,5674749444.496155,yahoo
AMZN,2023-09-07,133.89999389648438,138.02999877929688,133.16000366210938,137.85000610351562,137.85000610351562,48498900,0.0,0.0,136.34666951497397,6612663490.1397705,yahoo
AMZN,2023-09-08,136.86000061035156,138.85000610351562,136.75,138.22999572753906,138.22999572753906,38348200,0.0,0.0,137.9433339436849,5289878558.739218,yahoo
AMZN,2023-09-11,138.75,143.6199951171875,138.63999938964844,143.10000610351562,143.10000610351562,56764500,0.0,0.0,141.7866668701172,8048449251.548767,yahoo
AMZN,2023-09-12,142.32000732421875,143.0,140.61000061035156,141.22999572753906,141.22999572753906,42668500,0.0,0.0,141.61333211263022,6042428461.247763,yahoo
AMZN,2023-09-13,140.9499969482422,144.97999572753906,140.8699951171875,144.85000610351562,144.85000610351562,60465200,0.0,0.0,143.56666564941406,8680787151.824951,yahoo
AMZN,2023-09-14,145.0800018310547,145.86000061035156,142.9499969482422,144.72000122070312,144.72000122070312,64033600,0.0,0.0,144.50999959309897,9253495509.944662,yahoo
AMZN,2023-09-15,142.69000244140625,143.57000732421875,140.08999633789062,140.38999938964844,140.38999938964844,102909300,0.0,0.0,141.3500010172526,14546229659.684752,yahoo
AMZN,2023-09-18,140.47999572753906,141.75,139.22000122070312,139.97999572753906,139.97999572753906,42823500,0.0,0.0,140.31666564941406,6008850731.437683,yahoo
AMZN,2023-09-19,138.6999969482422,138.83999633789062,135.55999755859375,137.6300048828125,137.6300048828125,61482500,0.0,0.0,137.34333292643228,8444211466.649373,yahoo
AMZN,2023-09-20,138.5500030517578,139.3699951171875,135.1999969482422,135.2899932861328,135.2899932861328,46263700,0.0,0.0,136.6199951171875,6320546468.103027,yahoo
AMZN,2023-09-21,131.94000244140625,132.24000549316406,129.30999755859375,129.3300018310547,129.3300018310547,70343300,0.0,0.0,130.2933349609375,9165263149.157715,yahoo
AMZN,2023-09-22,131.11000061035156,132.02999877929688,128.52000427246094,129.1199951171875,129.1199951171875,59904300,0.0,0.0,129.88999938964844,7780969490.437317,yahoo
AMZN,2023-09-25,129.36000061035156,131.77999877929688,128.77000427246094,131.27000427246094,131.27000427246094,46017800,0.0,0.0,130.6066691080729,6010231577.681478,yahoo
AMZN,2023-09-26,130.1199951171875,130.38999938964844,125.27999877929688,125.9800033569336,125.9800033569336,73048200,0.0,0.0,127.21666717529297,9292948547.154236,yahoo
AMZN,2023-09-27,125.76000213623047,127.4800033569336,124.12999725341797,125.9800033569336,125.9800033569336,66553400,0.0,0.0,125.86333465576172,8376632856.678772,yahoo
AMZN,2023-09-28,124.04000091552734,126.58000183105469,123.04000091552734,125.9800033569336,125.9800033569336,54555000,0.0,0.0,125.2000020345052,6830286110.992432,yahoo
AMZN,2023-09-29,128.1999969482422,129.14999389648438,126.31999969482422,127.12000274658203,127.12000274658203,62411700,0.0,0.0,127.52999877929688,7959364024.813843,yahoo
AMZN,2023-10-02,127.27999877929688,130.47000122070312,126.54000091552734,129.4600067138672,129.4600067138672,48029700,0.0,0.0,128.82333628336588,6187346194.689178,yahoo
AMZN,2023-10-03,128.05999755859375,128.52000427246094,124.25,124.72000122070312,124.72000122070312,51565000,0.0,0.0,125.83000183105469,6488424044.418335,yahoo
AMZN,2023-10-04,126.05999755859375,127.36000061035156,125.68000030517578,127.0,127.0,44203900,0.0,0.0,126.68000030517578,5599750065.48996,yahoo
AMZN,2023-10-05,126.70999908447266,126.7300033569336,124.33000183105469,125.95999908447266,125.95999908447266,39660600,0.0,0.0,125.67333475748698,4984279860.482788,yahoo
AMZN,2023-10-06,124.16000366210938,128.4499969482422,124.12999725341797,127.95999908447266,127.95999908447266,46836700,0.0,0.0,126.84666442871094,5941079167.848206,yahoo
AMZN,2023-10-09,126.22000122070312,128.7899932861328,124.76000213623047,128.25999450683594,128.25999450683594,38773700,0.0,0.0,127.2699966430664,4934728668.839264,yahoo
AMZN,2023-10-10,128.82000732421875,130.74000549316406,128.0500030517578,129.47999572753906,129.47999572753906,42178600,0.0,0.0,129.42333475748697,5458895067.40214,yahoo
AMZN,2023-10-11,129.74000549316406,132.0500030517578,129.61000061035156,131.8300018310547,131.8300018310547,40741800,0.0,0.0,131.16333516438803,5343830368.600464,yahoo
AMZN,2023-10-12,132.1699981689453,134.47999572753906,131.22999572753906,132.3300018310547,132.3300018310547,55528600,0.0,0.0,132.67999776204428,7367534523.729452,yahoo
AMZN,2023-10-13,132.97999572753906,133.30999755859375,128.9499969482422,129.7899932861328,129.7899932861328,45786600,0.0,0.0,130.6833292643229,5983545323.693848,yahoo
AMZN,2023-10-16,130.69000244140625,133.07000732421875,130.42999267578125,132.5500030517578,132.5500030517578,42832900,0.0,0.0,132.01666768391928,5654656725.238546,yahoo
AMZN,2023-10-17,130.38999938964844,132.5800018310547,128.7100067138672,131.47000122070312,131.47000122070312,49344600,0.0,0.0,130.92000325520834,6460195192.626953,yahoo
AMZN,2023-10-18,129.89999389648438,130.6699981689453,127.51000213623047,128.1300048828125,128.1300048828125,42699500,0.0,0.0,128.77000172932944,5498414688.841502,yahoo
AMZN,2023-10-19,130.57000732421875,132.24000549316406,127.47000122070312,128.39999389648438,128.39999389648438,60961400,0.0,0.0,129.37000020345053,7886576330.402629,yahoo
AMZN,2023-10-20,128.0500030517578,128.1699981689453,124.97000122070312,125.16999816894531,125.16999816894531,56406400,0.0,0.0,126.10333251953125,7113035015.4296875,yahoo
AMZN,2023-10-23,124.62999725341797,127.87999725341797,123.9800033569336,126.55999755859375,126.55999755859375,48260000,0.0,0.0,126.13999938964844,6087516370.544434,yahoo
AMZN,2023-10-24,127.73999786376953,128.8000030517578,126.33999633789062,128.55999755859375,128.55999755859375,46477400,0.0,0.0,127.89999898274739,5944459412.720743,yahoo
AMZN,2023-10-25,126.04000091552734,126.33999633789062,120.79000091552734,121.38999938964844,121.38999938964844,74577500,0.0,0.0,122.83999888102214,9161100016.549429,yahoo
AMZN,2023-10-26,120.62999725341797,121.63999938964844,118.3499984741211,119.56999969482422,119.56999969482422,100419500,0.0,0.0,119.85333251953125,12035611724.945068,yahoo
AMZN,2023-10-27,126.19999694824219,130.02000427246094,125.5199966430664,127.73999786376953,127.73999786376953,125309300,0.0,0.0,127.75999959309895,16009516117.011515,yahoo
AMZN,2023-10-30,129.72000122070312,133.0,128.55999755859375,132.7100067138672,132.7100067138672,72485500,0.0,0.0,131.42333475748697,9526286131.563822,yahoo
AMZN,2023-10-31,132.75,133.57000732421875,131.7100067138672,133.08999633789062,133.08999633789062,51589400,0.0,0.0,132.79000345865884,6850556604.430135,yahoo
AMZN,2023-11-01,133.9600067138672,137.35000610351562,133.7100067138672,137.0,137.0,61529400,0.0,0.0,136.02000427246094,8369229250.881958,yahoo
AMZN,2023-11-02,138.72999572753906,138.80999755859375,136.47000122070312,138.07000732421875,138.07000732421875,52236700,0.0,0.0,137.78333536783853,7197346754.609171,yahoo
AMZN,2023-11-03,138.99000549316406,139.49000549316406,137.4499969482422,138.60000610351562,138.60000610351562,44059800,0.0,0.0,138.51333618164062,6102869889.49585,yahoo
AMZN,2023-11-06,138.75999450683594,140.72999572753906,138.36000061035156,139.74000549316406,139.74000549316406,44970400,0.0,0.0,139.61000061035156,6278317571.447754,yahoo
AMZN,2023-11-07,140.5500030517578,143.3699951171875,140.5,142.7100067138672,142.7100067138672,53553500,0.0,0.0,142.1933339436849,7614950709.353129,yahoo
AMZN,2023-11-08,142.97000122070312,143.1199951171875,141.22000122070312,142.0800018310547,142.0800018310547,44521700,0.0,0.0,142.13999938964844,6328314410.826111,yahoo
AMZN,2023-11-09,142.02000427246094,142.64999389648438,139.83999633789062,140.60000610351562,140.60000610351562,36235400,0.0,0.0,141.02999877929688,5110278417.767334,yahoo
AMZN,2023-11-10,140.4600067138672,143.64999389648438,139.91000366210938,143.55999755859375,143.55999755859375,49287800,0.0,0.0,142.37333170572916,7017268298.445638,yahoo
AMZN,2023-11-13,142.0800018310547,143.22999572753906,140.6699981689453,142.58999633789062,142.58999633789062,35680600,0.0,0.0,142.163330078125,5072472915.185547,yahoo
AMZN,2023-11-14,145.0,147.25999450683594,144.67999267578125,145.8000030517578,145.8000030517578,56674600,0.0,0.0,145.913330078125,8269579616.845703,yahoo
AMZN,2023-11-15,147.05999755859375,147.2899932861328,142.58999633789062,143.1999969482422,143.1999969482422,63875700,0.0,0.0,144.35999552408853,9221095766.098022,yahoo
AMZN,2023-11-16,140.91000366210938,143.32000732421875,139.52000427246094,142.8300018310547,142.8300018310547,49653500,0.0,0.0,141.89000447591147,7045335337.24467,yahoo
AMZN,2023-11-17,142.66000366210938,145.22999572753906,142.5399932861328,145.17999267578125,145.17999267578125,49636700,0.0,0.0,144.31666056315103,7163402785.374959,yahoo
AMZN,2023-11-20,145.1300048828125,146.6300048828125,144.72999572753906,146.1300048828125,146.1300048828125,41951200,0.0,0.0,145.8300018310547,6117743572.814941,yahoo
AMZN,2023-11-21,143.91000366210938,144.0500030517578,141.5,143.89999389648438,143.89999389648438,71226000,0.0,0.0,143.1499989827474,10196001827.545166,yahoo
AMZN,2023-11-22,144.57000732421875,147.74000549316406,144.57000732421875,146.7100067138672,146.7100067138672,45669100,0.0,0.0,146.34000651041666,6683216391.324869,yahoo
AMZN,2023-11-24,146.6999969482422,147.1999969482422,145.32000732421875,146.74000549316406,146.74000549316406,22378400,0.0,0.0,146.42000325520834,3276645400.8463545,yahoo
AMZN,2023-11-27,147.52999877929688,149.25999450683594,146.8800048828125,147.72999572753906,147.72999572753906,53762400,0.0,0.0,147.9566650390625,7954505408.496094,yahoo
AMZN,2023-11-28,146.97999572753906,147.60000610351562,145.52999877929688,147.02999877929688,147.02999877929688,42711700,0.0,0.0,146.72000122070312,6266660676.138306,yahoo
AMZN,2023-11-29,147.85000610351562,148.5399932861328,145.97000122070312,146.32000732421875,146.32000732421875,40610900,0.0,0.0,146.9433339436849,5967501040.453593,yahoo
AMZN,2023-11-30,144.75999450683594,146.92999267578125,144.3300018310547,146.08999633789062,146.08999633789062,65814000,0.0,0.0,145.78333028157553,9594584099.151611,yahoo
AMZN,2023-12-01,146.0,147.25,145.5500030517578,147.02999877929688,147.02999877929688,39951800,0.0,0.0,146.61000061035156,5857333422.384644,yahoo
AMZN,2023-12-04,145.25,145.35000610351562,142.80999755859375,144.83999633789062,144.83999633789062,48294200,0.0,0.0,144.33333333333334,6970462866.666667,yahoo
AMZN,2023-12-05,143.5500030517578,148.57000732421875,143.1300048828125,146.8800048828125,146.8800048828125,46822400,0.0,0.0,146.1933390299479,6845122997.395833,yahoo
AMZN,2023-12-06,147.5800018310547,147.85000610351562,144.27999877929688,144.52000427246094,144.52000427246094,39679000,0.0,0.0,145.5500030517578,5775278571.090698,yahoo
AMZN,2023-12-07,146.14999389648438,147.9199981689453,145.33999633789062,146.8800048828125,146.8800048828125,52352800,0.0,0.0,146.7133331298828,7680853786.682129,yahoo
AMZN,2023-12-08,145.47999572753906,147.83999633789062,145.39999389648438,147.4199981689453,147.4199981689453,41906000,0.0,0.0,146.88666280110678,6155432491.343181,yahoo
AMZN,2023-12-11,145.66000366210938,146.19000244140625,143.63999938964844,145.88999938964844,145.88999938964844,50907300,0.0,0.0,145.24000040690103,7393776272.714232,yahoo
AMZN,2023-12-12,145.52000427246094,147.5,145.3000030517578,147.47999572753906,147.47999572753906,44944300,0.0,0.0,146.75999959309897,6596025449.712118,yahoo
AMZN,2023-12-13,148.1199951171875,149.4600067138672,146.82000732421875,148.83999633789062,148.83999633789062,52766200,0.0,0.0,148.3733367919922,7829097163.833618,yahoo
AMZN,2023-12-14,149.92999267578125,150.5399932861328,145.52000427246094,147.4199981689453,147.4199981689453,58400800,0.0,0.0,147.82666524251303,8633195511.494955,yahoo
AMZN,2023-12-15,148.3800048828125,150.57000732421875,147.8800048828125,149.97000122070312,149.97000122070312,110089300,0.0,0.0,149.47333780924478,16455415128.083292,yahoo
AMZN,2023-12-18,150.55999755859375,154.85000610351562,150.0500030517578,154.07000732421875,154.07000732421875,62512800,0.0,0.0,152.99000549316406,9563833615.393066,yahoo
AMZN,2023-12-19,154.39999389648438,155.1199951171875,152.69000244140625,153.7899932861328,153.7899932861328,43171300,0.0,0.0,153.86666361490884,6642623894.918314,yahoo
AMZN,2023-12-20,152.89999389648438,155.6300048828125,151.55999755859375,152.1199951171875,152.1199951171875,50322100,0.0,0.0,153.10333251953125,7704481209.3811035,yahoo
AMZN,2023-12-21,153.3000030517578,153.97000122070312,152.10000610351562,153.83999633789062,153.83999633789062,36305700,0.0,0.0,153.30333455403647,5565784873.318481,yahoo
AMZN,2023-12-22,153.77000427246094,154.35000610351562,152.7100067138672,153.4199981689453,153.4199981689453,29514100,0.0,0.0,153.49333699544272,4530217697.417196,yahoo
AMZN,2023-12-26,153.55999755859375,153.97999572753906,153.02999877929688,153.41000366210938,153.41000366210938,25067200,0.0,0.0,153.47333272298178,3847146726.033529,yahoo
AMZN,2023-12-27,153.55999755859375,154.77999877929688,153.1199951171875,153.33999633789062,153.33999633789062,31434700,0.0,0.0,153.74666341145834,4832980240.34017,yahoo
AMZN,2023-12-28,153.72000122070312,154.0800018310547,152.9499969482422,153.3800048828125,153.3800048828125,27057000,0.0,0.0,153.47000122070312,4152437823.0285645,yahoo
AMZN,2023-12-29,153.10000610351562,153.88999938964844,151.02999877929688,151.94000244140625,151.94000244140625,39823200,0.0,0.0,152.2866668701172,6064542392.102051,yahoo
AMZN,2024-01-02,151.5399932861328,152.3800048828125,148.38999938964844,149.92999267578125,149.92999267578125,47339400,0.0,0.0,150.23333231608072,7111955811.843872,yahoo
AMZN,2024-01-03,149.1999969482422,151.0500030517578,148.3300018310547,148.47000122070312,148.47000122070312,49425500,0.0,0.0,149.28333536783853,7378403492.223104,yahoo
AMZN,2024-01-04,145.58999633789062,147.3800048828125,144.0500030517578,144.57000732421875,144.57000732421875,56039800,0.0,0.0,145.33333841959634,8144451218.366495,yahoo
AMZN,2024-01-05,144.69000244140625,146.58999633789062,144.52999877929688,145.24000549316406,145.24000549316406,45153100,0.0,0.0,145.45333353678384,6567668914.519754,yahoo
AMZN,2024-01-08,146.74000549316406,149.39999389648438,146.14999389648438,149.10000610351562,149.10000610351562,46757100,0.0,0.0,148.21666463216147,6930181409.872437,yahoo
AMZN,2024-01-09,148.3300018310547,151.7100067138672,148.2100067138672,151.3699951171875,151.3699951171875,43812600,0.0,0.0,150.43000284830728,6590729542.791748,yahoo
AMZN,2024-01-10,152.05999755859375,154.4199981689453,151.8800048828125,153.72999572753906,153.72999572753906,44421800,0.0,0.0,153.34333292643228,6811786866.59139,yahoo
AMZN,2024-01-11,155.0399932861328,157.1699981689453,153.1199951171875,155.17999267578125,155.17999267578125,49072700,0.0,0.0,155.1566619873047,7613956326.704407,yahoo
AMZN,2024-01-12,155.38999938964844,156.1999969482422,154.00999450683594,154.6199951171875,154.6199951171875,40484200,0.0,0.0,154.94332885742188,6272756714.129639,yahoo
AMZN,2024-01-16,153.52999877929688,154.99000549316406,152.14999389648438,153.16000366210938,153.16000366210938,41384600,0.0,0.0,153.43333435058594,6349777168.765259,yahoo
AMZN,2024-01-17,151.49000549316406,152.14999389648438,149.91000366210938,151.7100067138672,151.7100067138672,34953400,0.0,0.0,151.2566680908203,5286934822.445679,yahoo
AMZN,2024-01-18,152.77000427246094,153.77999877929688,151.82000732421875,153.5,153.5,37850200,0.0,0.0,153.03333536783853,5792342350.339762,yahoo
AMZN,2024-01-19,153.8300018310547,155.75999450683594,152.74000549316406,155.33999633789062,155.33999633789062,51651600,0.0,0.0,154.61333211263022,7986025984.948731,yahoo
AMZN,2024-01-22,156.88999938964844,157.0500030517578,153.89999389648438,154.77999877929688,154.77999877929688,43687500,0.0,0.0,155.2433319091797,6782193062.782288,yahoo
AMZN,2024-01-23,154.85000610351562,156.2100067138672,153.92999267578125,156.02000427246094,156.02000427246094,37986000,0.0,0.0,155.38666788736978,5902517966.369629,yahoo
AMZN,2024-01-24,157.8000030517578,158.50999450683594,156.47999572753906,156.8699951171875,156.8699951171875,48547300,0.0,0.0,157.28666178385416,7635842755.619303,yahoo
AMZN,2024-01-25,156.9499969482422,158.50999450683594,154.5500030517578,157.75,157.75,43638600,0.0,0.0,156.9366658528646,6848496386.486816,yahoo
AMZN,2024-01-26,158.4199981689453,160.72000122070312,157.91000366210938,159.1199951171875,159.1199951171875,51047400,0.0,0.0,159.25,8129298450.0,yahoo
AMZN,2024-01-29,159.33999633789062,161.2899932861328,158.89999389648438,161.25999450683594,161.25999450683594,45270400,0.0,0.0,160.48332722981772,7265144417.02474,yahoo
AMZN,2024-01-30,160.6999969482422,161.72999572753906,158.49000549316406,159.0,159.0,45207400,0.0,0.0,159.74000040690103,7221430094.3949375,yahoo
AMZN,2024-01-31,157.0,159.00999450683594,154.80999755859375,155.1999969482422,155.1999969482422,50284400,0.0,0.0,156.33999633789062,7861462911.853027,yahoo
AMZN,2024-02-01,155.8699951171875,159.75999450683594,155.6199951171875,159.27999877929688,159.27999877929688,76542400,0.0,0.0,158.2199961344401,12110538232.120768,yahoo
AMZN,2024-02-02,169.19000244140625,172.5,167.3300018310547,171.80999755859375,171.80999755859375,117218300,0.0,0.0,170.54666646321616,19991190313.48521,yahoo
AMZN,2024-02-05,170.1999969482422,170.5500030517578,167.6999969482422,170.30999755859375,170.30999755859375,55081300,0.0,0.0,169.5199991861979,9337381931.174723,yahoo
AMZN,2024-02-06,169.38999938964844,170.7100067138672,167.64999389648438,169.14999389648438,169.14999389648438,42505500,0.0,0.0,169.1699981689453,7190655357.170105,yahoo
AMZN,2024-02-07,169.47999572753906,170.8800048828125,168.94000244140625,170.52999877929688,170.52999877929688,47174100,0.0,0.0,170.11666870117188,8025100740.975952,yahoo
AMZN,2024-02-08,169.64999389648438,171.42999267578125,168.8800048828125,169.83999633789062,169.83999633789062,42316500,0.0,0.0,170.04999796549478,7195920738.90686,yahoo
AMZN,2024-02-09,170.89999389648438,175.0,170.5800018310547,174.4499969482422,174.4499969482422,56986000,0.0,0.0,173.34333292643228,9878143170.14567,yahoo
AMZN,2024-02-12,174.8000030517578,175.38999938964844,171.5399932861328,172.33999633789062,172.33999633789062,51050400,0.0,0.0,173.08999633789062,8836313549.047852,yahoo
AMZN,2024-02-13,167.72999572753906,170.9499969482422,165.75,168.63999938964844,168.63999938964844,56345100,0.0,0.0,168.44666544596353,9491144209.21936,yahoo
AMZN,2024-02-14,169.2100067138672,171.2100067138672,168.27999877929688,170.97999572753906,170.97999572753906,42815500,0.0,0.0,170.15666707356772,7285342779.088339,yahoo
AMZN,2024-02-15,170.5800018310547,171.1699981689453,167.58999633789062,169.8000030517578,169.8000030517578,49855200,0.0,0.0,169.5199991861979,8451453463.427734,yahoo
AMZN,2024-02-16,168.74000549316406,170.4199981689453,167.1699981689453,169.50999450683594,169.50999450683594,48107700,0.0,0.0,169.03333028157553,8131804743.186951,yahoo
AMZN,2024-02-20,167.8300018310547,168.7100067138672,165.74000549316406,167.0800018310547,167.0800018310547,41980300,0.0,0.0,167.17667134602866,7018126816.107687,yahoo
AMZN,2024-02-21,168.94000244140625,170.22999572753906,167.13999938964844,168.58999633789062,168.58999633789062,44420100,0.0,0.0,168.65333048502603,7491597805.477905,yahoo
AMZN,2024-02-22,173.10000610351562,174.8000030517578,171.77000427246094,174.5800018310547,174.5800018310547,55392400,0.0,0.0,173.71666971842447,9622583255.710855,yahoo
AMZN,2024-02-23,174.27999877929688,175.75,173.6999969482422,174.99000549316406,174.99000549316406,59715200,0.0,0.0,174.8133341471354,10439013211.26302,yahoo
AMZN,2024-02-26,175.6999969482422,176.3699951171875,174.25999450683594,174.72999572753906,174.72999572753906,44368600,0.0,0.0,175.1199951171875,7769829015.356445,yahoo
AMZN,2024-02-27,174.0800018310547,174.6199951171875,172.86000061035156,173.5399932861328,173.5399932861328,31141700,0.0,0.0,173.67332967122397,5408482730.622355,yahoo
AMZN,2024-02-28,172.44000244140625,174.0500030517578,172.27000427246094,173.16000366210938,173.16000366210938,28180500,0.0,0.0,173.16000366210938,4879735483.200073,yahoo
AMZN,2024-02-29,173.00999450683594,177.22000122070312,172.85000610351562,176.75999450683594,176.75999450683594,53805400,0.0,0.0,175.61000061035156,9448766326.84021,yahoo
AMZN,2024-03-01,176.75,178.72999572753906,176.07000732421875,178.22000122070312,178.22000122070312,31981200,0.0,0.0,177.67333475748697,5682206453.546143,yahoo
AMZN,2024-03-04,177.52999877929688,180.13999938964844,177.49000549316406,177.5800018310547,177.5800018310547,37381500,0.0,0.0,178.40333557128906,6668984288.658142,yahoo
AMZN,2024-03-05,176.92999267578125,176.92999267578125,173.3000030517578,174.1199951171875,174.1199951171875,37228300,0.0,0.0,174.78333028157553,6506886254.721579,yahoo
AMZN,2024-03-06,175.5399932861328,176.4600067138672,173.25999450683594,173.50999450683594,173.50999450683594,32090900,0.0,0.0,174.40999857584634,5596973823.297627,yahoo
AMZN,2024-03-07,174.8300018310547,177.99000549316406,173.72000122070312,176.82000732421875,176.82000732421875,34063300,0.0,0.0,176.17667134602866,6001158809.061178,yahoo
AMZN,2024-03-08,176.44000244140625,178.7899932861328,174.3300018310547,175.35000610351562,175.35000610351562,37893200,0.0,0.0,176.15666707356772,6675139816.752116,yahoo
AMZN,2024-03-11,174.30999755859375,174.47000122070312,171.47000122070312,171.9600067138672,171.9600067138672,28484800,0.0,0.0,172.63333638509116,4917426060.262045,yahoo
AMZN,2024-03-12,173.5,176.75999450683594,171.97999572753906,175.38999938964844,175.38999938964844,36610600,0.0,0.0,174.70999654134116,6396237799.376425,yahoo
AMZN,2024-03-13,175.89999389648438,177.6199951171875,175.5500030517578,176.55999755859375,176.55999755859375,30772600,0.0,0.0,176.57666524251303,5433723088.841757,yahoo
AMZN,2024-03-14,177.69000244140625,179.52999877929688,176.47000122070312,178.75,178.75,43705800,0.0,0.0,178.25,7790558850.0,yahoo
AMZN,2024-03-15,176.63999938964844,177.92999267578125,173.89999389648438,174.4199981689453,174.4199981689453,72147400,0.0,0.0,175.41666158040366,12655856049.706015,yahoo
AMZN,2024-03-18,175.8000030517578,176.69000244140625,174.27999877929688,174.47999572753906,174.47999572753906,31250700,0.0,0.0,175.1499989827474,5473560073.210144,yahoo
AMZN,2024-03-19,174.22000122070312,176.08999633789062,173.52000427246094,175.89999389648438,175.89999389648438,26880900,0.0,0.0,175.1699981689453,4708727203.779602,yahoo
AMZN,2024-03-20,176.13999938964844,178.52999877929688,174.63999938964844,178.14999389648438,178.14999389648438,29947200,0.0,0.0,177.1066640218099,5303848688.793945,yahoo
AMZN,2024-03-21,179.99000549316406,181.4199981689453,178.14999389648438,178.14999389648438,178.14999389648438,32824300,0.0,0.0,179.23999532063803,5883427378.403219,yahoo
AMZN,2024-03-22,177.75,179.25999450683594,176.75,178.8699951171875,178.8699951171875,27995400,0.0,0.0,178.29332987467447,4991393087.173462,yahoo
AMZN,2024-03-25,178.00999450683594,180.99000549316406,177.24000549316406,179.7100067138672,179.7100067138672,29815500,0.0,0.0,179.31333923339844,5346316865.913391,yahoo
AMZN,2024-03-26,180.14999389648438,180.4499969482422,177.9499969482422,178.3000030517578,178.3000030517578,29659000,0.0,0.0,178.8999989827474,5305995069.829306,yahoo
AMZN,2024-03-27,179.8800048828125,180.0,177.30999755859375,179.8300018310547,179.8300018310547,33272600,0.0,0.0,179.04666646321616,5957348114.564006,yahoo
AMZN,2024-03-28,180.1699981689453,181.6999969482422,179.25999450683594,180.3800048828125,180.3800048828125,38051600,0.0,0.0,180.44666544596353,6866284334.883626,yahoo
AMZN,2024-04-01,180.7899932861328,183.0,179.9499969482422,180.97000122070312,180.97000122070312,29174500,0.0,0.0,181.3066660563151,5289531328.859964,yahoo
AMZN,2024-04-02,179.07000732421875,180.7899932861328,178.3800048828125,180.69000244140625,180.69000244140625,32611500,0.0,0.0,179.95333353678384,5868548136.634827,yahoo
AMZN,2024-04-03,179.89999389648438,182.8699951171875,179.8000030517578,182.41000366210938,182.41000366210938,31046600,0.0,0.0,181.6933339436849,5640960261.616008,yahoo
AMZN,2024-04-04,184.0,185.10000610351562,180.0,180.0,180.0,41624300,0.0,0.0,181.70000203450522,7563135394.684855,yahoo
AMZN,2024-04-05,182.3800048828125,186.27000427246094,181.97000122070312,185.07000732421875,185.07000732421875,42374000,0.0,0.0,184.4366709391276,7815319494.374593,yahoo
AMZN,2024-04-08,186.89999389648438,187.2899932861328,184.80999755859375,185.19000244140625,185.19000244140625,39221300,0.0,0.0,185.7633310953776,7285879337.891133,yahoo
AMZN,2024-04-09,187.24000549316406,187.33999633789062,184.1999969482422,185.6699981689453,185.6699981689453,36520100,0.0,0.0,185.73666381835938,6783121536.312866,yahoo
AMZN,2024-04-10,182.77000427246094,186.27000427246094,182.6699981689453,185.9499969482422,185.9499969482422,35879200,0.0,0.0,184.9633331298828,6636336422.033691,yahoo
AMZN,2024-04-11,186.74000549316406,189.77000427246094,185.50999450683594,189.0500030517578,189.0500030517578,40020700,0.0,0.0,188.11000061035156,7528293901.426697,yahoo
AMZN,2024-04-12,187.72000122070312,188.3800048828125,185.0800018310547,186.1300048828125,186.1300048828125,38608800,0.0,0.0,186.5300038655599,7201699613.244629,yahoo
AMZN,2024-04-15,187.42999267578125,188.69000244140625,183.0,183.6199951171875,183.6199951171875,48052400,0.0,0.0,185.10333251953125,8894659375.561523,yahoo
AMZN,2024-04-16,183.27000427246094,184.8300018310547,182.25999450683594,183.32000732421875,183.32000732421875,32891300,0.0,0.0,183.47000122070312,6034566851.150513,yahoo
AMZN,2024-04-17,184.30999755859375,184.57000732421875,179.82000732421875,181.27999877929688,181.27999877929688,31359700,0.0,0.0,181.89000447591147,5704015973.363241,yahoo
AMZN,2024-04-18,181.47000122070312,182.38999938964844,178.64999389648438,179.22000122070312,179.22000122070312,30723800,0.0,0.0,180.08666483561197,5532946673.076375,yahoo
AMZN,2024-04-19,178.74000549316406,179.0,173.44000244140625,174.6300048828125,174.6300048828125,56000700,0.0,0.0,175.69000244140625,9838763119.720459,yahoo
AMZN,2024-04-22,176.94000244140625,178.8699951171875,174.55999755859375,177.22999572753906,177.22999572753906,37924900,0.0,0.0,176.88666280110678,6708408998.065695,yahoo
AMZN,2024-04-23,178.0800018310547,179.92999267578125,175.97999572753906,179.5399932861328,179.5399932861328,37046500,0.0,0.0,178.48332722981772,6612182582.219442,yahoo
AMZN,2024-04-24,179.94000244140625,180.32000732421875,176.17999267578125,176.58999633789062,176.58999633789062,34185100,0.0,0.0,177.69666544596353,6074578277.936808,yahoo
AMZN,2024-04-25,169.67999267578125,173.9199981689453,166.32000732421875,173.6699981689453,173.6699981689453,49249400,0.0,0.0,171.30333455403647,8436586444.785563,yahoo
AMZN,2024-04-26,177.8000030517578,180.82000732421875,176.1300048828125,179.6199951171875,179.6199951171875,43919800,0.0,0.0,178.8566691080729,7855349135.89274,yahoo
AMZN,2024-04-29,182.75,183.52999877929688,179.38999938964844,180.9600067138672,180.9600067138672,54063900,0.0,0.0,181.2933349609375,9801424731.994629,yahoo
AMZN,2024-04-30,181.08999633789062,182.99000549316406,174.8000030517578,175.0,175.0,94639800,0.0,0.0,177.59666951497397,16807713283.563232,yahoo
AMZN,2024-05-01,181.63999938964844,185.14999389648438,176.55999755859375,179.0,179.0,94645100,0.0,0.0,180.23666381835938,17058517070.755005,yahoo
AMZN,2024-05-02,180.85000610351562,185.10000610351562,179.91000366210938,184.72000122070312,184.72000122070312,54303500,0.0,0.0,183.24333699544272,9950754550.532024,yahoo
AMZN,2024-05-03,186.99000549316406,187.8699951171875,185.4199981689453,186.2100067138672,186.2100067138672,39172000,0.0,0.0,186.5,7305578000.0,yahoo
AMZN,2024-05-06,186.27999877929688,188.75,184.8000030517578,188.6999969482422,188.6999969482422,34725300,0.0,0.0,187.41666666666666,6508099975.0,yahoo
AMZN,2024-05-07,188.9199981689453,189.94000244140625,187.30999755859375,188.75999450683594,188.75999450683594,34048900,0.0,0.0,188.6699981689453,6424005900.654602,yahoo
AMZN,2024-05-08,187.44000244140625,188.42999267578125,186.38999938964844,188.0,188.0,26136400,0.0,0.0,187.6066640218099,4903362813.539633,yahoo
AMZN,2024-05-09,188.8800048828125,191.6999969482422,187.44000244140625,189.5,189.5,43368400,0.0,0.0,189.54666646321616,8220335649.843344,yahoo
AMZN,2024-05-10,189.16000366210938,189.88999938964844,186.92999267578125,187.47999572753906,187.47999572753906,34141800,0.0,0.0,188.0999959309896,6422072441.07666,yahoo
AMZN,2024-05-13,188.0,188.30999755859375,185.36000061035156,186.57000732421875,186.57000732421875,24898600,0.0,0.0,186.74666849772134,4649730600.257364,yahoo
AMZN,2024-05-14,183.82000732421875,187.72000122070312,183.4499969482422,187.07000732421875,187.07000732421875,38698200,0.0,0.0,186.0800018310547,7200961126.8585205,yahoo
AMZN,2024-05-15,185.97000122070312,186.72000122070312,182.72999572753906,185.99000549316406,185.99000549316406,75459900,0.0,0.0,185.14666748046875,13971149013.409424,yahoo
AMZN,2024-05-16,185.60000610351562,187.30999755859375,183.4600067138672,183.6300048828125,183.6300048828125,38834500,0.0,0.0,184.8000030517578,7176615718.513489,yahoo
AMZN,2024-05-17,183.75999450683594,185.3000030517578,183.35000610351562,184.6999969482422,184.6999969482422,33175700,0.0,0.0,184.45000203450522,6119257932.496135,yahoo
AMZN,2024-05-20,184.33999633789062,186.6699981689453,183.27999877929688,183.5399932861328,183.5399932861328,30511800,0.0,0.0,184.49666341145834,5629325294.677734,yahoo
AMZN,2024-05-21,182.3000030517578,183.25999450683594,180.75,183.14999389648438,183.14999389648438,50839100,0.0,0.0,182.38666280110678,9272373788.811749,yahoo
AMZN,2024-05-22,183.8800048828125,185.22000122070312,181.97000122070312,183.1300048828125,183.1300048828125,28148800,0.0,0.0,183.44000244140625,5163615940.722656,yahoo
AMZN,2024-05-23,183.66000366210938,184.75999450683594,180.0800018310547,181.0500030517578,181.0500030517578,33670200,0.0,0.0,181.9633331298828,6126741819.14978,yahoo
AMZN,2024-05-24,181.64999389648438,182.44000244140625,180.3000030517578,180.75,180.75,27471600,0.0,0.0,181.16333516438803,4976846678.302002,yahoo
AMZN,2024-05-28,179.92999267578125,182.24000549316406,179.49000549316406,182.14999389648438,182.14999389648438,29927000,0.0,0.0,181.2933349609375,5425565635.375977,yahoo
AMZN,2024-05-29,181.6999969482422,184.0800018310547,181.5500030517578,182.02000427246094,182.02000427246094,32009300,0.0,0.0,182.5500030517578,5843297812.684631,yahoo
AMZN,2024-05-30,181.30999755859375,181.33999633789062,178.36000061035156,179.32000732421875,179.32000732421875,29184700,0.0,0.0,179.67333475748697,5243712372.89683,yahoo
AMZN,2024-05-31,178.3000030517578,179.2100067138672,173.8699951171875,176.44000244140625,176.44000244140625,58903900,0.0,0.0,176.5066680908203,10396931126.55487,yahoo
AMZN,2024-06-03,177.6999969482422,178.6999969482422,175.9199981689453,178.33999633789062,178.33999633789062,30786600,0.0,0.0,177.65333048502603,5469342024.310303,yahoo
AMZN,2024-06-04,177.63999938964844,179.82000732421875,176.44000244140625,179.33999633789062,179.33999633789062,27198400,0.0,0.0,178.53333536783853,4855821068.668619,yahoo
AMZN,2024-06-05,180.10000610351562,181.5,178.75,181.27999877929688,181.27999877929688,32116400,0.0,0.0,180.50999959309897,5797331350.931804,yahoo
AMZN,2024-06-06,181.75,185.0,181.49000549316406,185.0,185.0,31371200,0.0,0.0,183.8300018310547,5766967753.442383,yahoo
AMZN,2024-06-07,184.89999389648438,186.2899932861328,183.36000061035156,184.3000030517578,184.3000030517578,28021500,0.0,0.0,184.6499989827474,5174169946.495056,yahoo
AMZN,2024-06-10,184.07000732421875,187.22999572753906,183.7899932861328,187.05999755859375,187.05999755859375,34445600,0.0,0.0,186.02666219075522,6407799995.157878,yahoo
AMZN,2024-06-11,187.05999755859375,187.77000427246094,184.5399932861328,187.22999572753906,187.22999572753906,27265100,0.0,0.0,186.5133310953776,5085304623.64858,yahoo
AMZN,2024-06-12,188.02000427246094,188.35000610351562,185.42999267578125,186.88999938964844,186.88999938964844,33984200,0.0,0.0,186.88999938964844,6351307117.25769,yahoo
AMZN,2024-06-13,186.08999633789062,187.6699981689453,182.6699981689453,183.8300018310547,183.8300018310547,39721500,0.0,0.0,184.72333272298178,7337487860.75592,yahoo
AMZN,2024-06-14,183.0800018310547,183.72000122070312,182.22999572753906,183.66000366210938,183.66000366210938,25456400,0.0,0.0,183.20333353678384,4663697339.845784,yahoo
AMZN,2024-06-17,182.52000427246094,185.0,181.22000122070312,184.05999755859375,184.05999755859375,35601900,0.0,0.0,183.42666625976562,6530337829.51355,yahoo
AMZN,2024-06-18,183.74000549316406,184.2899932861328,181.42999267578125,182.80999755859375,182.80999755859375,36659200,0.0,0.0,182.84332784016928,6702890123.958334,yahoo
AMZN,2024-06-20,182.91000366210938,186.50999450683594,182.72000122070312,186.10000610351562,186.10000610351562,44726800,0.0,0.0,185.11000061035156,8279377975.299072,yahoo
AMZN,2024-06-21,187.8000030517578,189.27999877929688,185.86000061035156,189.0800018310547,189.0800018310547,70792500,0.0,0.0,188.07333374023438,13314181478.805542,yahoo
AMZN,2024-06-24,189.3300018310547,191.0,185.3300018310547,185.57000732421875,185.57000732421875,50610400,0.0,0.0,187.3000030517578,9479328074.450684,yahoo
AMZN,2024-06-25,186.80999755859375,188.83999633789062,185.4199981689453,186.33999633789062,186.33999633789062,45366400,0.0,0.0,186.86666361490884,8477467808.2194,yahoo
AMZN,2024-06-26,186.9199981689453,194.8000030517578,186.25999450683594,193.61000061035156,193.61000061035156,65103900,0.0,0.0,191.5566660563151,12471086031.263733,yahoo
AMZN,2024-06-27,195.00999450683594,199.83999633789062,194.1999969482422,197.85000610351562,197.85000610351562,74397500,0.0,0.0,197.29666646321616,14678378743.197124,yahoo
AMZN,2024-06-28,197.72999572753906,198.85000610351562,192.5,193.25,193.25,76930200,0.0,0.0,194.86666870117188,14991131796.514893,yahoo
AMZN,2024-07-01,193.49000549316406,198.3000030517578,192.82000732421875,197.1999969482422,197.1999969482422,41192000,0.0,0.0,196.1066691080729,8078025913.899739,yahoo
AMZN,2024-07-02,197.27999877929688,200.42999267578125,195.92999267578125,200.0,200.0,45600000,0.0,0.0,198.78666178385416,9064671777.34375,yahoo
AMZN,2024-07-03,199.94000244140625,200.02999877929688,196.75999450683594,197.58999633789062,197.58999633789062,31597900,0.0,0.0,198.1266632080078,6260386491.38031,yahoo
AMZN,2024-07-05,198.64999389648438,200.5500030517578,198.1699981689453,200.0,200.0,39858900,0.0,0.0,199.57333374023438,7954773552.218628,yahoo
AMZN,2024-07-08,200.0399932861328,201.1999969482422,197.9600067138672,199.2899932861328,199.2899932861328,34767300,0.0,0.0,199.48333231608072,6935496859.632874,yahoo
AMZN,2024-07-09,199.39999389648438,200.57000732421875,199.0500030517578,199.33999633789062,199.33999633789062,32700100,0.0,0.0,199.65333557128906,6528684038.514709,yahoo
AMZN,2024-07-10,200.0,200.11000061035156,197.69000244140625,199.7899932861328,199.7899932861328,32883800,0.0,0.0,199.19666544596353,6550343307.191976,yahoo
AMZN,2024-07-11,200.08999633789062,200.27000427246094,192.86000061035156,195.0500030517578,195.0500030517578,44565000,0.0,0.0,196.06000264485678,8737414017.868042,yahoo
AMZN,2024-07-12,194.8000030517578,196.47000122070312,193.8300018310547,194.49000549316406,194.49000549316406,30598500,0.0,0.0,194.93000284830728,5964565692.153931,yahoo
AMZN,2024-07-15,194.55999755859375,196.19000244140625,190.8300018310547,192.72000122070312,192.72000122070312,40683200,0.0,0.0,193.24666849772134,7861892863.826497,yahoo
AMZN,2024-07-16,195.58999633789062,196.6199951171875,192.24000549316406,193.02000427246094,193.02000427246094,33994700,0.0,0.0,193.96000162760416,6593612067.329915,yahoo
AMZN,2024-07-17,191.35000610351562,191.5800018310547,185.99000549316406,187.92999267578125,187.92999267578125,48076100,0.0,0.0,188.5,9062344850.0,yahoo
AMZN,2024-07-18,189.58999633789062,189.67999267578125,181.4499969482422,183.75,183.75,51043600,0.0,0.0,184.95999654134116,9441024079.457602,yahoo
AMZN,2024-07-19,181.13999938964844,184.92999267578125,180.11000061035156,183.1300048828125,183.1300048828125,43081800,0.0,0.0,182.72333272298178,7872050075.704956,yahoo
AMZN,2024-07-22,185.0,185.05999755859375,182.47999572753906,182.5500030517578,182.5500030517578,39931900,0.0,0.0,183.36333211263022,7322046241.588339,yahoo
AMZN,2024-07-23,184.10000610351562,189.38999938964844,183.55999755859375,186.41000366210938,186.41000366210938,47537700,0.0,0.0,186.45333353678384,8863562633.67157,yahoo
AMZN,2024-07-24,183.1999969482422,185.4499969482422,180.41000366210938,180.8300018310547,180.8300018310547,41532400,0.0,0.0,182.2300008138021,7568449285.799154,yahoo
AMZN,2024-07-25,182.91000366210938,183.89999389648438,176.8000030517578,179.85000610351562,179.85000610351562,44464200,0.0,0.0,180.18333435058594,8011707815.231323,yahoo
AMZN,2024-07-26,180.38999938964844,183.19000244140625,180.24000549316406,182.5,182.5,29506000,0.0,0.0,181.97666931152344,5369403604.705811,yahoo
AMZN,2024-07-29,183.83999633789062,184.75,182.3800048828125,183.1999969482422,183.1999969482422,33270100,0.0,0.0,183.4433339436849,6103178064.6397915,yahoo
AMZN,2024-07-30,184.72000122070312,185.86000061035156,179.3800048828125,181.7100067138672,181.7100067138672,39508600,0.0,0.0,182.3166707356771,7203076417.427572,yahoo
AMZN,2024-07-31,185.0500030517578,187.94000244140625,184.4600067138672,186.97999572753906,186.97999572753906,41667300,0.0,0.0,186.46000162760416,7769284825.817871,yahoo
AMZN,2024-08-01,189.2899932861328,190.60000610351562,181.8699951171875,184.07000732421875,184.07000732421875,70435600,0.0,0.0,185.51333618164062,13066743141.955566,yahoo
AMZN,2024-08-02,166.75,168.77000427246094,160.5500030517578,167.89999389648438,167.89999389648438,141448400,0.0,0.0,165.74000040690103,23443657873.5555,yahoo
AMZN,2024-08-05,154.2100067138672,162.9600067138672,151.61000061035156,161.02000427246094,161.02000427246094,83149400,0.0,0.0,158.5300038655599,13181674703.418987,yahoo
AMZN,2024-08-06,161.7100067138672,165.0800018310547,158.5399932861328,161.92999267578125,161.92999267578125,59950800,0.0,0.0,161.8499959309896,9703036736.05957,yahoo
AMZN,2024-08-07,166.5500030517578,167.5800018310547,161.42999267578125,162.77000427246094,162.77000427246094,48408200,0.0,0.0,163.92666625976562,7935394845.635986,yahoo
AMZN,2024-08-08,165.1699981689453,166.69000244140625,162.5500030517578,165.8000030517578,165.8000030517578,44616200,0.0,0.0,165.01333618164062,7362268009.747314,yahoo
AMZN,2024-08-09,166.39999389648438,168.5500030517578,165.85000610351562,166.94000244140625,166.94000244140625,36401000,0.0,0.0,167.11333719889322,6083092587.376912,yahoo
AMZN,2024-08-12,168.13999938964844,168.5500030517578,166.11000061035156,166.8000030517578,166.8000030517578,30072800,0.0,0.0,167.15333557128906,5026768829.968262,yahoo
AMZN,2024-08-13,167.80999755859375,171.0399932861328,167.10000610351562,170.22999572753906,170.22999572753906,39237900,0.0,0.0,169.4566650390625,6649123677.13623,yahoo
AMZN,2024-08-14,172.11000061035156,172.27999877929688,168.86000061035156,170.10000610351562,170.10000610351562,28843800,0.0,0.0,170.41333516438803,4915368156.814575,yahoo
AMZN,2024-08-15,174.86000061035156,177.91000366210938,173.99000549316406,177.58999633789062,177.58999633789062,51698500,0.0,0.0,176.49666849772134,9124613016.329447,yahoo
AMZN,2024-08-16,177.0399932861328,178.33999633789062,176.25999450683594,177.05999755859375,177.05999755859375,31489200,0.0,0.0,177.2199961344401,5580515902.276611,yahoo
AMZN,2024-08-19,177.63999938964844,178.3000030517578,176.16000366210938,178.22000122070312,178.22000122070312,31129800,0.0,0.0,177.56000264485678,5527407370.333862,yahoo
AMZN,2024-08-20,177.9199981689453,179.00999450683594,177.42999267578125,178.8800048828125,178.8800048828125,26255200,0.0,0.0,178.43999735514322,4684977818.558756,yahoo
AMZN,2024-08-21,179.9199981689453,182.38999938964844,178.88999938964844,180.11000061035156,180.11000061035156,35599100,0.0,0.0,180.4633331298828,6424332242.424011,yahoo
AMZN,2024-08-22,181.3800048828125,181.47000122070312,175.67999267578125,176.1300048828125,176.1300048828125,32047500,0.0,0.0,177.75999959309897,5696763586.959839,yahoo
AMZN,2024-08-23,177.33999633789062,178.97000122070312,175.24000549316406,177.0399932861328,177.0399932861328,29150100,0.0,0.0,177.08333333333334,5161996875.0,yahoo
AMZN,2024-08-26,176.6999969482422,177.47000122070312,174.3000030517578,175.5,175.5,22366200,0.0,0.0,175.7566680908203,3931008789.8529053,yahoo
AMZN,2024-08-27,174.14999389648438,174.88999938964844,172.25,173.1199951171875,173.1199951171875,29842000,0.0,0.0,173.4199981689453,5175199585.357666,yahoo
AMZN,2024-08-28,173.69000244140625,173.69000244140625,168.9199981689453,170.8000030517578,170.8000030517578,29045000,0.0,0.0,171.13666788736978,4970664518.788655,yahoo
AMZN,2024-08-29,173.22000122070312,174.2899932861328,170.80999755859375,172.1199951171875,172.1199951171875,26407800,0.0,0.0,172.4066619873047,4552880648.428345,yahoo
AMZN,2024-08-30,172.77999877929688,178.89999389648438,172.60000610351562,178.5,178.5,43429400,0.0,0.0,176.66666666666666,7672527333.333333,yahoo
AMZN,2024-09-03,177.5500030517578,178.25999450683594,175.25999450683594,176.25,176.25,37817500,0.0,0.0,176.58999633789062,6678192186.508179,yahoo
AMZN,2024-09-04,174.47999572753906,175.97999572753906,172.5399932861328,173.3300018310547,173.3300018310547,30309200,0.0,0.0,173.9499969482422,5272285247.503662,yahoo
AMZN,2024-09-05,175.0,179.8800048828125,175.0,177.88999938964844,177.88999938964844,40170500,0.0,0.0,177.59000142415366,7133879152.208964,yahoo
AMZN,2024-09-06,177.24000549316406,178.3800048828125,171.16000366210938,171.38999938964844,171.38999938964844,41466500,0.0,0.0,173.6433359781901,7200381391.33962,yahoo
AMZN,2024-09-09,174.52999877929688,175.85000610351562,173.50999450683594,175.39999389648438,175.39999389648438,29037400,0.0,0.0,174.9199981689453,5079221954.830933,yahoo
AMZN,2024-09-10,177.49000549316406,180.5,176.7899932861328,179.5500030517578,179.5500030517578,36233800,0.0,0.0,178.94666544596353,6483917686.435953,yahoo
AMZN,2024-09-11,180.10000610351562,184.99000549316406,175.72999572753906,184.52000427246094,184.52000427246094,42564700,0.0,0.0,181.74666849772134,7735992420.6049595,yahoo
AMZN,2024-09-12,184.8000030517578,187.41000366210938,183.5399932861328,187.0,187.0,33544200,0.0,0.0,185.98333231608072,6238662095.877075,yahoo
AMZN,2024-09-13,187.0,188.5,185.91000366210938,186.49000549316406,186.49000549316406,26495400,0.0,0.0,186.96666971842447,4953756700.857544,yahoo
AMZN,2024-09-16,185.2899932861328,185.80999755859375,183.36000061035156,184.88999938964844,184.88999938964844,26065500,0.0,0.0,184.6866658528646,4813950288.787842,yahoo
AMZN,2024-09-17,186.85000610351562,189.4499969482422,186.13999938964844,186.8800048828125,186.8800048828125,26091700,0.0,0.0,187.49000040690103,4891932843.616739,yahoo
AMZN,2024-09-18,186.4499969482422,188.8000030517578,185.05999755859375,186.42999267578125,186.42999267578125,34448100,0.0,0.0,186.7633310953776,6433641905.906677,yahoo
AMZN,2024-09-19,190.0399932861328,190.99000549316406,188.47000122070312,189.8699951171875,189.8699951171875,39543200,0.0,0.0,189.77666727701822,7504376709.468587,yahoo
AMZN,2024-09-20,190.22999572753906,191.83999633789062,187.41000366210938,191.60000610351562,191.60000610351562,100378600,0.0,0.0,190.28333536783853,19100374807.554115,yahoo
AMZN,2024-09-23,191.63999938964844,194.4499969482422,190.57000732421875,193.8800048828125,193.8800048828125,36993100,0.0,0.0,192.96666971842447,7138435309.560648,yahoo
AMZN,2024-09-24,194.27000427246094,195.3699951171875,190.1300048828125,193.9600067138672,193.9600067138672,43478900,0.0,0.0,193.15333557128906,8398094561.97052,yahoo
AMZN,2024-09-25,193.75,193.9499969482422,192.16000366210938,192.52999877929688,192.52999877929688,26391100,0.0,0.0,192.87999979654947,5090315362.630716,yahoo
AMZN,2024-09-26,194.30999755859375,194.52999877929688,189.5399932861328,191.16000366210938,191.16000366210938,36334900,0.0,0.0,191.7433319091797,6966974790.586853,yahoo
AMZN,2024-09-27,190.67999267578125,190.89999389648438,187.33999633789062,187.97000122070312,187.97000122070312,36002300,0.0,0.0,188.73666381835938,6794953991.78772,yahoo
AMZN,2024-09-30,187.13999938964844,188.49000549316406,184.64999389648438,186.3300018310547,186.3300018310547,41583900,0.0,0.0,186.49000040690103,7754981527.920532,yahoo
AMZN,2024-10-01,184.89999389648438,186.19000244140625,183.4499969482422,185.1300048828125,185.1300048828125,36044900,0.0,0.0,184.92333475748697,6665543109.000142,yahoo
AMZN,2024-10-02,184.44000244140625,186.60000610351562,184.0399932861328,184.75999450683594,184.75999450683594,23704100,0.0,0.0,185.13333129882812,4388418998.440552,yahoo
AMZN,2024-10-03,183.0500030517578,183.44000244140625,180.8800048828125,181.9600067138672,181.9600067138672,30204300,0.0,0.0,182.0933380126953,5500001809.336853,yahoo
AMZN,2024-10-04,185.75,187.60000610351562,183.60000610351562,186.50999450683594,186.50999450683594,40890300,0.0,0.0,185.90333557128906,7601643162.510681,yahoo
AMZN,2024-10-07,182.9499969482422,183.60000610351562,180.25,180.8000030517578,180.8000030517578,42364200,0.0,0.0,181.5500030517578,7691220639.285278,yahoo
AMZN,2024-10-08,181.9199981689453,183.08999633789062,180.9199981689453,182.72000122070312,182.72000122070312,26372100,0.0,0.0,182.2433319091797,4806139373.442078,yahoo
AMZN,2024-10-09,182.82000732421875,185.85000610351562,182.0500030517578,185.1699981689453,185.1699981689453,26343100,0.0,0.0,184.3566691080729,4856526169.980875,yahoo
AMZN,2024-10-10,187.1300048828125,188.1300048828125,185.8300018310547,186.64999389648438,186.64999389648438,27785000,0.0,0.0,186.87000020345053,5192182955.652873,yahoo
AMZN,2024-10-11,186.6300048828125,189.92999267578125,186.3000030517578,188.82000732421875,188.82000732421875,25751600,0.0,0.0,188.3500010172526,4850313886.195882,yahoo
AMZN,2024-10-14,189.77999877929688,189.8300018310547,187.36000061035156,187.5399932861328,187.5399932861328,22614400,0.0,0.0,188.2433319091797,4257010005.126953,yahoo
AMZN,2024-10-15,187.6300048828125,188.41000366210938,184.5800018310547,187.69000244140625,187.69000244140625,32178900,0.0,0.0,186.8933359781901,6014021969.108582,yahoo
AMZN,2024-10-16,187.0500030517578,187.77999877929688,185.61000061035156,186.88999938964844,186.88999938964844,23456800,0.0,0.0,186.75999959309897,4380791958.455404,yahoo
AMZN,2024-10-17,188.22000122070312,188.94000244140625,186.0,187.52999877929688,187.52999877929688,25039400,0.0,0.0,187.49000040690103,4694637116.188558,yahoo
AMZN,2024-10-18,187.14999389648438,190.74000549316406,186.27999877929688,188.99000549316406,188.99000549316406,37417700,0.0,0.0,188.67000325520834,7059597580.802409,yahoo
AMZN,2024-10-21,188.0500030517578,189.4600067138672,186.39999389648438,189.07000732421875,189.07000732421875,24639400,0.0,0.0,188.31000264485678,4639845479.167685,yahoo
AMZN,2024-10-22,188.35000610351562,191.52000427246094,186.97999572753906,189.6999969482422,189.6999969482422,29650600,0.0,0.0,189.3999989827474,5615823609.837851,yahoo
AMZN,2024-10-23,188.85000610351562,189.16000366210938,183.69000244140625,184.7100067138672,184.7100067138672,31937100,0.0,0.0,185.85333760579428,5935616628.450012,yahoo
AMZN,2024-10-24,185.25,187.11000061035156,183.86000061035156,186.3800048828125,186.3800048828125,21647400,0.0,0.0,185.78333536783853,4021726174.041748,yahoo
AMZN,2024-10-25,187.85000610351562,190.4499969482422,187.52999877929688,187.8300018310547,187.8300018310547,29362100,0.0,0.0,188.60333251953125,5537789909.7717285,yahoo
AMZN,2024-10-28,189.57000732421875,190.2100067138672,188.2100067138672,188.38999938964844,188.38999938964844,27930800,0.0,0.0,188.9366709391276,5277152368.666585,yahoo
AMZN,2024-10-29,188.5800018310547,191.4600067138672,187.82000732421875,190.8300018310547,190.8300018310547,35690200,0.0,0.0,190.03667195638022,6782446829.457602,yahoo
AMZN,2024-10-30,194.6999969482422,195.61000061035156,192.4199981689453,192.72999572753906,192.72999572753906,37707600,0.0,0.0,193.58666483561197,7299688522.955322,yahoo
AMZN,2024-10-31,190.50999450683594,190.60000610351562,185.22999572753906,186.39999389648438,186.39999389648438,75146800,0.0,0.0,187.40999857584634,14083261680.97941,yahoo
AMZN,2024-11-01,199.0,200.5,197.02000427246094,197.92999267578125,197.92999267578125,99687800,0.0,0.0,198.48333231608072,19786366735.25899,yahoo
AMZN,2024-11-04,196.4499969482422,197.3300018310547,194.30999755859375,195.77999877929688,195.77999877929688,38492100,0.0,0.0,195.8066660563151,7537009770.506287,yahoo
AMZN,2024-11-05,196.0399932861328,199.82000732421875,195.99000549316406,199.5,199.5,30564800,0.0,0.0,198.4366709391276,6065177159.920247,yahoo
AMZN,2024-11-06,200.00999450683594,207.5500030517578,199.13999938964844,207.08999633789062,207.08999633789062,72292200,0.0,0.0,204.59333292643228,14790502142.584229,yahoo
AMZN,2024-11-07,207.44000244140625,212.25,207.19000244140625,210.0500030517578,210.0500030517578,52878400,0.0,0.0,209.8300018310547,11095474768.823242,yahoo
AMZN,2024-11-08,209.72000122070312,209.9600067138672,207.44000244140625,208.17999267578125,208.17999267578125,36075800,0.0,0.0,208.52666727701822,7522766343.352254,yahoo
AMZN,2024-11-11,208.5,209.64999389648438,205.58999633789062,206.83999633789062,206.83999633789062,35456000,0.0,0.0,207.35999552408853,7352156001.302083,yahoo
AMZN,2024-11-12,208.3699951171875,209.5399932861328,206.00999450683594,208.91000366210938,208.91000366210938,38942900,0.0,0.0,208.15333048502603,8106094333.74532,yahoo
AMZN,2024-11-13,209.39999389648438,215.08999633789062,209.13999938964844,214.10000610351562,214.10000610351562,46212900,0.0,0.0,212.77666727701822,9833026847.206116,yahoo
AMZN,2024-11-14,214.16000366210938,215.89999389648438,210.8800048828125,211.47999572753906,211.47999572753906,42620300,0.0,0.0,212.75333150227866,9067610814.626568,yahoo
AMZN,2024-11-15,206.75999450683594,207.33999633789062,199.61000061035156,202.61000061035156,202.61000061035156,86591100,0.0,0.0,203.1866658528646,17594156901.531982,yahoo
AMZN,2024-11-18,204.14999389648438,204.6699981689453,200.9499969482422,201.6999969482422,201.6999969482422,36409900,0.0,0.0,202.43999735514322,7370820059.701029,yahoo
AMZN,2024-11-19,199.3300018310547,205.3000030517578,198.77999877929688,204.61000061035156,204.61000061035156,31197900,0.0,0.0,202.89666748046875,6329949942.388916,yahoo
AMZN,2024-11-20,202.97999572753906,203.1300048828125,199.4499969482422,202.8800048828125,202.8800048828125,32769000,0.0,0.0,201.82000223795572,6613439653.335571,yahoo
AMZN,2024-11-21,203.49000549316406,203.49000549316406,195.75,198.3800048828125,198.3800048828125,58800000,0.0,0.0,199.20667012532553,11713352203.36914,yahoo
AMZN,2024-11-22,198.25,199.25999450683594,196.75,197.1199951171875,197.1199951171875,31530800,0.0,0.0,197.70999654134116,6233954358.94572,yahoo
AMZN,2024-11-25,199.27999877929688,201.9499969482422,199.0,201.4499969482422,201.4499969482422,40685700,0.0,0.0,200.79999796549478,8169688477.224731,yahoo
AMZN,2024-11-26,201.89999389648438,208.0,201.7899932861328,207.86000061035156,207.86000061035156,41673700,0.0,0.0,205.88333129882812,8579920183.547974,yahoo
AMZN,2024-11-27,206.97999572753906,207.63999938964844,205.0500030517578,205.74000549316406,205.74000549316406,28061600,0.0,0.0,206.1433359781901,5784711836.885579,yahoo
AMZN,2024-11-29,205.8300018310547,208.1999969482422,204.58999633789062,207.88999938964844,207.88999938964844,24892400,0.0,0.0,206.8933308919271,5150071549.894206,yahoo
AMZN,2024-12-02,209.9600067138672,212.99000549316406,209.50999450683594,210.7100067138672,210.7100067138672,39523200,0.0,0.0,211.07000223795572,8342161912.451172,yahoo
AMZN,2024-12-03,210.30999755859375,214.02000427246094,209.64999389648438,213.44000244140625,213.44000244140625,32214800,0.0,0.0,212.37000020345053,6841457082.554118,yahoo
AMZN,2024-12-04,215.9600067138672,220.0,215.75,218.16000366210938,218.16000366210938,48745700,0.0,0.0,217.97000122070312,10625100288.504028,yahoo
AMZN,2024-12-05,218.02999877929688,222.14999389648438,217.3000030517578,220.5500030517578,220.5500030517578,41140200,0.0,0.0,220.0,9050844000.0,yahoo
AMZN,2024-12-06,220.75,227.14999389648438,220.60000610351562,227.02999877929688,227.02999877929688,44178100,0.0,0.0,224.92666625976562,9936832754.690552,yahoo
AMZN,2024-12-09,227.2100067138672,230.0800018310547,225.6699981689453,226.08999633789062,226.08999633789062,46819400,0.0,0.0,227.27999877929688,10641113174.847412,yahoo
AMZN,2024-12-10,226.08999633789062,229.05999755859375,224.1999969482422,225.0399932861328,225.0399932861328,31199900,0.0,0.0,226.0999959309896,7054297263.047282,yahoo
AMZN,2024-12-11,226.41000366210938,231.1999969482422,226.25999450683594,230.25999450683594,230.25999450683594,35385800,0.0,0.0,229.23999532063803,8111840626.417033,yahoo
AMZN,2024-12-12,229.8300018310547,231.08999633789062,227.6300048828125,228.97000122070312,228.97000122070312,28204100,0.0,0.0,229.2300008138021,6465225865.952556,yahoo
AMZN,2024-12-13,228.39999389648438,230.1999969482422,225.86000061035156,227.4600067138672,227.4600067138672,28768100,0.0,0.0,227.84000142415366,6554523944.970195,yahoo
AMZN,2024-12-16,230.22999572753906,233.0,228.00999450683594,232.92999267578125,232.92999267578125,37552100,0.0,0.0,231.3133290608724,8686301264.226788,yahoo
AMZN,2024-12-17,232.38999938964844,232.72999572753906,227.85000610351562,231.14999389648438,231.14999389648438,35948100,0.0,0.0,230.57666524251303,8288793019.804382,yahoo
AMZN,2024-12-18,230.77000427246094,231.39999389648438,220.11000061035156,220.52000427246094,220.52000427246094,43281400,0.0,0.0,224.00999959309897,9695466396.388754,yahoo
AMZN,2024-12-19,224.91000366210938,226.08999633789062,222.9199981689453,223.2899932861328,223.2899932861328,39918700,0.0,0.0,224.0999959309896,8945780507.570395,yahoo
AMZN,2024-12-20,219.83999633789062,226.2100067138672,218.72999572753906,224.9199981689453,224.9199981689453,88279200,0.0,0.0,223.2866668701172,19711568321.96045,yahoo
AMZN,2024-12-23,225.00999450683594,226.8800048828125,223.89999389648438,225.05999755859375,225.05999755859375,28070000,0.0,0.0,225.27999877929688,6323609565.734863,yahoo
AMZN,2024-12-24,226.94000244140625,229.13999938964844,226.1300048828125,229.0500030517578,229.0500030517578,15007500,0.0,0.0,228.1066691080729,3423310836.6394043,yahoo
AMZN,2024-12-26,228.5,228.5,226.6699981689453,227.0500030517578,227.0500030517578,16146700,0.0,0.0,227.40666707356772,3671867231.236776,yahoo
AMZN,2024-12-27,225.60000610351562,226.02999877929688,220.89999389648438,223.75,223.75,27367100,0.0,0.0,223.55999755859375,6118188809.185791,yahoo
AMZN,2024-12-30,220.05999755859375,223.0,218.42999267578125,221.3000030517578,221.3000030517578,28321200,0.0,0.0,220.90999857584634,6256436251.66626,yahoo
AMZN,2024-12-31,222.97000122070312,223.22999572753906,218.94000244140625,219.38999938964844,219.38999938964844,24819700,0.0,0.0,220.5199991861979,5473240223.801676,yahoo
AMZN,2025-01-02,222.02999877929688,225.14999389648438,218.19000244140625,220.22000122070312,220.22000122070312,33956600,0.0,0.0,221.1866658528646,7510747137.699382,yahoo
AMZN,2025-01-03,222.50999450683594,225.36000061035156,221.6199951171875,224.19000244140625,224.19000244140625,27515600,0.0,0.0,223.72333272298178,6155881733.872478,yahoo
AMZN,2025-01-06,226.77999877929688,228.83999633789062,224.83999633789062,227.61000061035156,227.61000061035156,31849800,0.0,0.0,227.09666442871094,7232983342.721558,yahoo
AMZN,2025-01-07,227.89999389648438,228.3800048828125,221.4600067138672,222.11000061035156,222.11000061035156,28084200,0.0,0.0,223.98333740234375,6290392844.274902,yahoo
AMZN,2025-01-08,223.19000244140625,223.52000427246094,220.1999969482422,222.1300048828125,222.1300048828125,25033300,0.0,0.0,221.95000203450522,5556140985.93038,yahoo
AMZN,2025-01-10,221.4600067138672,221.7100067138672,216.5,218.94000244140625,218.94000244140625,36811500,0.0,0.0,219.0500030517578,8063559187.339783,yahoo
AMZN,2025-01-13,218.05999755859375,219.39999389648438,216.47000122070312,218.4600067138672,218.4600067138672,27262700,0.0,0.0,218.11000061035156,5946267513.639832,yahoo
AMZN,2025-01-14,220.44000244140625,221.82000732421875,216.1999969482422,217.75999450683594,217.75999450683594,24711700,0.0,0.0,218.59333292643228,5401812865.278116,yahoo
AMZN,2025-01-15,222.8300018310547,223.57000732421875,220.75,223.35000610351562,223.35000610351562,31291300,0.0,0.0,222.55667114257812,6964087563.723755,yahoo
AMZN,2025-01-16,224.4199981689453,224.64999389648438,220.30999755859375,220.66000366210938,220.66000366210938,24757300,0.0,0.0,221.87333170572916,5492984635.038248,yahoo
AMZN,2025-01-17,225.83999633789062,226.50999450683594,223.0800018310547,225.94000244140625,225.94000244140625,42370100,0.0,0.0,225.17666625976562,9540757867.092896,yahoo
AMZN,2025-01-21,228.89999389648438,231.77999877929688,226.94000244140625,230.7100067138672,230.7100067138672,39951500,0.0,0.0,229.81000264485678,9181254320.665997,yahoo
AMZN,2025-01-22,232.02000427246094,235.44000244140625,231.19000244140625,235.00999450683594,235.00999450683594,41448200,0.0,0.0,233.87999979654947,9693905007.56734,yahoo
AMZN,2025-01-23,234.10000610351562,235.52000427246094,231.50999450683594,235.4199981689453,235.4199981689453,26404400,0.0,0.0,234.1499989827474,6182590233.140056,yahoo
AMZN,2025-01-24,234.5,236.39999389648438,232.92999267578125,234.85000610351562,234.85000610351562,25890700,0.0,0.0,234.7266642252604,6077237645.456949,yahoo
AMZN,2025-01-27,226.2100067138672,235.61000061035156,225.86000061035156,235.4199981689453,235.4199981689453,49428300,0.0,0.0,232.29666646321616,11482029318.943787,yahoo
AMZN,2025-01-28,234.2899932861328,241.77000427246094,233.97999572753906,238.14999389648438,238.14999389648438,41587200,0.0,0.0,237.96666463216147,9896367275.390625,yahoo
AMZN,2025-01-29,239.02000427246094,240.38999938964844,236.14999389648438,237.07000732421875,237.07000732421875,26091700,0.0,0.0,237.87000020345053,6206432684.308371,yahoo
AMZN,2025-01-30,237.13999938964844,237.9499969482422,232.22000122070312,234.63999938964844,234.63999938964844,32020700,0.0,0.0,234.9366658528646,7522836496.274821,yahoo
AMZN,2025-01-31,236.5,240.2899932861328,236.41000366210938,237.67999267578125,237.67999267578125,36110200,0.0,0.0,238.1266632080078,8598801433.773804,yahoo
AMZN,2025-02-03,234.05999755859375,239.25,232.89999389648438,237.4199981689453,237.4199981689453,37285900,0.0,0.0,236.52333068847656,8818985255.717468,yahoo
AMZN,2025-02-04,239.00999450683594,242.52000427246094,238.02999877929688,242.05999755859375,242.05999755859375,29713800,0.0,0.0,240.87000020345053,7157163012.045288,yahoo
AMZN,2025-02-05,237.02000427246094,238.32000732421875,235.1999969482422,236.1699981689453,236.1699981689453,38727300,0.0,0.0,236.5633341471354,9161459210.516357,yahoo
AMZN,2025-02-06,238.00999450683594,239.66000366210938,236.00999450683594,238.8300018310547,238.8300018310547,60897100,0.0,0.0,238.16666666666666,14503659316.666666,yahoo
AMZN,2025-02-07,232.5,234.80999755859375,228.05999755859375,229.14999389648438,229.14999389648438,77539300,0.0,0.0,230.67332967122397,17886248511.37594,yahoo
AMZN,2025-02-10,230.5500030517578,233.9199981689453,229.1999969482422,233.13999938964844,233.13999938964844,35419900,0.0,0.0,232.08666483561197,8220486459.810892,yahoo
AMZN,2025-02-11,231.9199981689453,233.44000244140625,230.1300048828125,232.75999450683594,232.75999450683594,23713700,0.0,0.0,232.11000061035156,5504186921.473694,yahoo
AMZN,2025-02-12,230.4600067138672,231.17999267578125,228.16000366210938,228.92999267578125,228.92999267578125,32285200,0.0,0.0,229.42332967122397,7406978083.1014,yahoo
AMZN,2025-02-13,228.85000610351562,230.4199981689453,227.52000427246094,230.3699951171875,230.3699951171875,31346500,0.0,0.0,229.4366658528646,7192036446.15682,yahoo
AMZN,2025-02-14,229.1999969482422,229.88999938964844,227.22999572753906,228.67999267578125,228.67999267578125,27031100,0.0,0.0,228.5999959309896,6179309350.010173,yahoo
AMZN,2025-02-18,228.82000732421875,229.3000030517578,223.72000122070312,226.64999389648438,226.64999389648438,42975100,0.0,0.0,226.5566660563151,9736295379.436747,yahoo
AMZN,2025-02-19,225.52000427246094,226.8300018310547,223.7100067138672,226.6300048828125,226.6300048828125,28566700,0.0,0.0,225.72333780924478,6448170874.195353,yahoo
AMZN,2025-02-20,224.77999877929688,225.1300048828125,221.80999755859375,222.8800048828125,222.8800048828125,30001700,0.0,0.0,223.2733357747396,6698579637.913005,yahoo
AMZN,2025-02-21,223.27999877929688,223.30999755859375,214.74000549316406,216.5800018310547,216.5800018310547,55323900,0.0,0.0,218.21000162760416,12072228309.04541,yahoo
AMZN,2025-02-24,217.4499969482422,217.72000122070312,212.4199981689453,212.7100067138672,212.7100067138672,42387600,0.0,0.0,214.28333536783853,9082956306.237793,yahoo
AMZN,2025-02-25,211.6300048828125,213.33999633789062,204.16000366210938,212.8000030517578,212.8000030517578,58958000,0.0,0.0,210.1000010172526,12387075859.975178,yahoo
AMZN,2025-02-26,214.94000244140625,218.16000366210938,213.08999633789062,214.35000610351562,214.35000610351562,39120600,0.0,0.0,215.20000203450522,8418753199.591064,yahoo
AMZN,2025-02-27,218.35000610351562,219.97000122070312,208.3699951171875,208.74000549316406,208.74000549316406,40548600,0.0,0.0,212.36000061035156,8610900720.748901,yahoo
AMZN,2025-02-28,208.64999389648438,212.6199951171875,206.99000549316406,212.27999877929688,212.27999877929688,51771700,0.0,0.0,210.62999979654947,10904673160.46702,yahoo
AMZN,2025-03-03,213.35000610351562,214.00999450683594,202.5500030517578,205.02000427246094,205.02000427246094,42948400,0.0,0.0,207.1933339436849,8898622183.546957,yahoo
AMZN,2025-03-04,200.11000061035156,206.8000030517578,197.42999267578125,203.8000030517578,203.8000030517578,60853100,0.0,0.0,202.67666625976562,12333503439.572144,yahoo
AMZN,2025-03-05,204.8000030517578,209.97999572753906,203.25999450683594,208.36000061035156,208.36000061035156,38610100,0.0,0.0,207.1999969482422,8000012602.171326,yahoo
AMZN,2025-03-06,204.39999389648438,205.77000427246094,198.3000030517578,200.6999969482422,200.6999969482422,49863800,0.0,0.0,201.59000142415366,10052043513.013714,yahoo
AMZN,2025-03-07,199.49000549316406,202.27000427246094,192.52999877929688,199.25,199.25,59802800,0.0,0.0,198.01666768391928,11841951174.167889,yahoo
AMZN,2025-03-10,195.60000610351562,196.72999572753906,190.85000610351562,194.5399932861328,194.5399932861328,62350900,0.0,0.0,194.03999837239584,12098568534.517416,yahoo
AMZN,2025-03-11,193.89999389648438,200.17999267578125,193.39999389648438,196.58999633789062,196.58999633789062,54002900,0.0,0.0,196.72332763671875,10623630190.032959,yahoo
AMZN,2025-03-12,200.72000122070312,201.52000427246094,195.2899932861328,198.88999938964844,198.88999938964844,43679300,0.0,0.0,198.56666564941406,8673252958.900452,yahoo
AMZN,2025-03-13,198.1699981689453,198.8800048828125,191.82000732421875,193.88999938964844,193.88999938964844,41270800,0.0,0.0,194.86333719889322,8042165816.868082,yahoo
AMZN,2025-03-14,197.41000366210938,198.64999389648438,195.32000732421875,197.9499969482422,197.9499969482422,38096700,0.0,0.0,197.3066660563151,7516732864.74762,yahoo
AMZN,2025-03-17,198.77000427246094,199.0,194.32000732421875,195.74000549316406,195.74000549316406,47341800,0.0,0.0,196.35333760579428,9295720438.265991,yahoo
AMZN,2025-03-18,192.52000427246094,194.0,189.3800048828125,192.82000732421875,192.82000732421875,40414900,0.0,0.0,192.0666707356771,7762355291.115316,yahoo
AMZN,2025-03-19,193.3800048828125,195.97000122070312,191.9600067138672,195.5399932861328,195.5399932861328,39442900,0.0,0.0,194.49000040690103,7671249637.049356,yahoo
AMZN,2025-03-20,193.07000732421875,199.32000732421875,192.3000030517578,194.9499969482422,194.9499969482422,38921100,0.0,0.0,195.5233357747396,7609983304.022217,yahoo
AMZN,2025-03-21,192.89999389648438,196.99000549316406,192.52000427246094,196.2100067138672,196.2100067138672,60056900,0.0,0.0,195.24000549316406,11725509485.902405,yahoo
AMZN,2025-03-24,200.0,203.63999938964844,199.9499969482422,203.25999450683594,203.25999450683594,41625400,0.0,0.0,202.28333028157553,8420124536.302694,yahoo
AMZN,2025-03-25,203.60000610351562,206.2100067138672,203.22000122070312,205.7100067138672,205.7100067138672,31171200,0.0,0.0,205.04667154947916,6391550808.203125,yahoo
AMZN,2025-03-26,205.83999633789062,206.00999450683594,199.92999267578125,201.1300048828125,201.1300048828125,32855300,0.0,0.0,202.3566640218099,6648488903.435771,yahoo
AMZN,2025-03-27,200.88999938964844,203.7899932861328,199.27999877929688,201.36000061035156,201.36000061035156,27317700,0.0,0.0,201.4766642252604,5503879070.3063965,yahoo
AMZN,2025-03-28,198.4199981689453,199.25999450683594,191.8800048828125,192.72000122070312,192.72000122070312,52548200,0.0,0.0,194.62000020345053,10226930694.69096,yahoo
AMZN,2025-03-31,188.19000244140625,191.3300018310547,184.39999389648438,190.25999450683594,190.25999450683594,63547600,0.0,0.0,188.663330078125,11989101834.472656,yahoo
AMZN,2025-04-01,187.86000061035156,193.92999267578125,187.1999969482422,192.1699981689453,192.1699981689453,41267300,0.0,0.0,191.0999959309896,7886180862.082927,yahoo
AMZN,2025-04-02,187.66000366210938,198.33999633789062,187.66000366210938,196.00999450683594,196.00999450683594,53679200,0.0,0.0,194.00333150227866,10413943632.377117,yahoo
AMZN,2025-04-03,183.0,184.1300048828125,176.9199981689453,178.41000366210938,178.41000366210938,95553600,0.0,0.0,179.82000223795572,17182448565.844727,yahoo
AMZN,2025-04-04,167.14999389648438,178.13999938964844,166.0,171.0,171.0,123159400,0.0,0.0,171.7133331298828,21148111080.27649,yahoo
AMZN,2025-04-07,162.0,183.41000366210938,161.3800048828125,175.25999450683594,175.25999450683594,109327100,0.0,0.0,173.3500010172526,18951852896.213276,yahoo
AMZN,2025-04-08,185.22999572753906,185.89999389648438,168.57000732421875,170.66000366210938,170.66000366210938,87710400,0.0,0.0,175.0433349609375,15353120926.757812,yahoo
AMZN,2025-04-09,172.1199951171875,192.64999389648438,169.92999267578125,191.10000610351562,191.10000610351562,116804300,0.0,0.0,184.55999755859375,21557401322.833252,yahoo
AMZN,2025-04-10,185.44000244140625,186.8699951171875,175.85000610351562,181.22000122070312,181.22000122070312,68302000,0.0,0.0,181.3133341471354,12384063348.917643,yahoo
AMZN,2025-04-11,179.92999267578125,185.86000061035156,178.0,184.8699951171875,184.8699951171875,50594300,0.0,0.0,182.90999857584634,9254203340.945942,yahoo
AMZN,2025-04-14,186.83999633789062,187.44000244140625,179.22999572753906,182.1199951171875,182.1199951171875,48002500,0.0,0.0,182.92999776204428,8781097217.57253,yahoo
AMZN,2025-04-15,181.41000366210938,182.35000610351562,177.92999267578125,179.58999633789062,179.58999633789062,43642000,0.0,0.0,179.9566650390625,7853668775.634766,yahoo
AMZN,2025-04-16,176.2899932861328,179.10000610351562,171.41000366210938,174.3300018310547,174.3300018310547,51875300,0.0,0.0,174.94667053222656,9075411017.860413,yahoo
AMZN,2025-04-17,176.0,176.2100067138672,172.0,172.61000061035156,172.61000061035156,44726500,0.0,0.0,173.6066691080729,7764818685.862223,yahoo
AMZN,2025-04-21,169.60000610351562,169.60000610351562,165.2899932861328,167.32000732421875,167.32000732421875,48126100,0.0,0.0,167.40333557128906,8056469668.037415,yahoo
AMZN,2025-04-22,169.85000610351562,176.77999877929688,169.35000610351562,173.17999267578125,173.17999267578125,56607200,0.0,0.0,173.10333251953125,9798894964.59961,yahoo
AMZN,2025-04-23,183.4499969482422,187.3800048828125,180.19000244140625,180.60000610351562,180.60000610351562,63470100,0.0,0.0,182.72333780924478,11597468523.086548,yahoo
AMZN,2025-04-24,180.9199981689453,186.74000549316406,180.17999267578125,186.5399932861328,186.5399932861328,43763200,0.0,0.0,184.48666381835938,8073726766.015625,yahoo
AMZN,2025-04-25,187.6199951171875,189.94000244140625,185.49000549316406,188.99000549316406,188.99000549316406,36414300,0.0,0.0,188.14000447591147,6850986564.987183,yahoo
AMZN,2025-04-28,190.11000061035156,190.22000122070312,184.88999938964844,187.6999969482422,187.6999969482422,33224700,0.0,0.0,187.60333251953125,6233064441.96167,yahoo
AMZN,2025-04-29,183.99000549316406,188.02000427246094,183.67999267578125,187.38999938964844,187.38999938964844,41667300,0.0,0.0,186.36333211263022,7765256868.136597,yahoo
AMZN,2025-04-30,182.1699981689453,185.0500030517578,178.85000610351562,184.4199981689453,184.4199981689453,55176500,0.0,0.0,182.7733357747396,10084792961.37492,yahoo
AMZN,2025-05-01,190.6300048828125,191.80999755859375,187.5,190.1999969482422,190.1999969482422,74266000,0.0,0.0,189.83666483561197,14098409750.681559,yahoo
AMZN,2025-05-02,191.44000244140625,192.8800048828125,186.39999389648438,189.97999572753906,189.97999572753906,77903500,0.0,0.0,189.75333150227866,14782448660.687765,yahoo
AMZN,2025-05-05,186.50999450683594,188.17999267578125,185.52999877929688,186.35000610351562,186.35000610351562,35217500,0.0,0.0,186.6866658528646,6574637654.673259,yahoo
AMZN,2025-05-06,184.57000732421875,187.92999267578125,183.85000610351562,185.00999450683594,185.00999450683594,29314100,0.0,0.0,185.59666442871094,5440599180.729675,yahoo
AMZN,2025-05-07,185.55999755859375,190.99000549316406,185.00999450683594,188.7100067138672,188.7100067138672,43948600,0.0,0.0,188.2366689046224,8272738067.021688,yahoo
AMZN,2025-05-08,191.42999267578125,194.3300018310547,188.82000732421875,192.0800018310547,192.0800018310547,41043600,0.0,0.0,191.74333699544272,7869836826.306152,yahoo
AMZN,2025-05-09,193.3800048828125,194.69000244140625,191.16000366210938,193.05999755859375,193.05999755859375,29663100,0.0,0.0,192.97000122070312,5724088443.209839,yahoo
AMZN,2025-05-12,210.7100067138672,211.66000366210938,205.75,208.63999938964844,208.63999938964844,75205000,0.0,0.0,208.68333435058594,15694030159.835815,yahoo
AMZN,2025-05-13,211.0800018310547,214.83999633789062,210.10000610351562,211.3699951171875,211.3699951171875,56193700,0.0,0.0,212.10333251953125,11918871036.602783,yahoo
AMZN,2025-05-14,211.4499969482422,211.92999267578125,208.85000610351562,210.25,210.25,38492100,0.0,0.0,210.34333292643228,8096556605.337524,yahoo
AMZN,2025-05-15,206.4499969482422,206.8800048828125,202.6699981689453,205.1699981689453,205.1699981689453,64347300,0.0,0.0,204.90666707356772,13185190778.182983,yahoo
AMZN,2025-05-16,206.85000610351562,206.85000610351562,204.3699951171875,205.58999633789062,205.58999633789062,43318500,0.0,0.0,205.60333251953125,8906427959.747314,yahoo
AMZN,2025-05-19,201.64999389648438,206.6199951171875,201.25999450683594,206.16000366210938,206.16000366210938,34314800,0.0,0.0,204.67999776204428,7023553187.204997,yahoo
AMZN,2025-05-20,204.6300048828125,205.58999633789062,202.64999389648438,204.07000732421875,204.07000732421875,29470400,0.0,0.0,204.10333251953125,6015006850.683594,yahoo
AMZN,2025-05-21,201.61000061035156,203.4600067138672,200.05999755859375,201.1199951171875,201.1199951171875,42460900,0.0,0.0,201.54666646321616,8557852850.027975,yahoo
AMZN,2025-05-22,201.3800048828125,205.75999450683594,200.16000366210938,203.10000610351562,203.10000610351562,38938900,0.0,0.0,203.0066680908203,7904856348.121643,yahoo
AMZN,2025-05-23,198.89999389648438,202.3699951171875,197.85000610351562,200.99000549316406,200.99000549316406,33393500,0.0,0.0,200.40333557128906,6692168786.399841,yahoo
AMZN,2025-05-27,203.08999633789062,206.69000244140625,202.19000244140625,206.02000427246094,206.02000427246094,34892000,0.0,0.0,204.96666971842447,7151697039.815267,yahoo
AMZN,2025-05-28,205.9199981689453,207.66000366210938,204.41000366210938,204.72000122070312,204.72000122070312,28549800,0.0,0.0,205.59666951497397,5869743795.3186035,yahoo
AMZN,2025-05-29,208.02999877929688,208.80999755859375,204.22999572753906,205.6999969482422,205.6999969482422,34650000,0.0,0.0,206.24666341145834,7146446887.207031,yahoo
AMZN,2025-05-30,204.83999633789062,205.99000549316406,201.6999969482422,205.00999450683594,205.00999450683594,51679400,0.0,0.0,204.23333231608072,10554656074.095661,yahoo
AMZN,2025-06-02,204.97999572753906,207.0,202.67999267578125,206.64999389648438,206.64999389648438,29113300,0.0,0.0,205.44332885742188,5981133266.02478,yahoo
AMZN,2025-06-03,207.11000061035156,208.9499969482422,205.02999877929688,205.7100067138672,205.7100067138672,33139100,0.0,0.0,206.5633341471354,6845322986.635335,yahoo
AMZN,2025-06-04,206.5500030517578,208.17999267578125,205.17999267578125,207.22999572753906,207.22999572753906,29915600,0.0,0.0,206.8633270263672,6188440545.98999,yahoo
AMZN,2025-06-05,209.5500030517578,212.80999755859375,207.55999755859375,207.91000366210938,207.91000366210938,51864200,0.0,0.0,209.42666625976562,10861746504.229736,yahoo
AMZN,2025-06-06,212.39999389648438,213.8699951171875,210.5,213.57000732421875,213.57000732421875,39832500,0.0,0.0,212.64666748046875,8470248382.4157715,yahoo
AMZN,2025-06-09,214.75,217.85000610351562,212.8800048828125,216.97999572753906,216.97999572753906,38102500,0.0,0.0,215.90333557128906,8226456843.6050415,yahoo
AMZN,2025-06-10,216.77999877929688,217.69000244140625,214.14999389648438,217.61000061035156,217.61000061035156,31303300,0.0,0.0,216.48333231608072,6776642696.489969,yahoo
AMZN,2025-06-11,217.41000366210938,218.39999389648438,212.88999938964844,213.1999969482422,213.1999969482422,39326000,0.0,0.0,214.82999674479166,8448404451.985677,yahoo
AMZN,2025-06-12,211.77999877929688,213.5800018310547,211.3300018310547,213.24000549316406,213.24000549316406,27640000,0.0,0.0,212.71666971842447,5879488751.017252,yahoo
AMZN,2025-06-13,209.9600067138672,214.0500030517578,209.6199951171875,212.10000610351562,212.10000610351562,29337800,0.0,0.0,211.92333475748697,6217364410.448201,yahoo
AMZN,2025-06-16,212.30999755859375,217.05999755859375,211.60000610351562,216.10000610351562,216.10000610351562,33284200,0.0,0.0,214.92000325520834,7153440372.347006,yahoo
AMZN,2025-06-17,215.1999969482422,217.41000366210938,214.55999755859375,214.82000732421875,214.82000732421875,32086300,0.0,0.0,215.59666951497397,6917699417.05831,yahoo
AMZN,2025-06-18,215.08999633789062,217.9600067138672,212.33999633789062,212.52000427246094,212.52000427246094,44360500,0.0,0.0,214.2733357747396,9505272311.635336,yahoo
AMZN,2025-06-20,214.67999267578125,214.88999938964844,208.27000427246094,209.69000244140625,209.69000244140625,75350700,0.0,0.0,210.95000203450522,15895230318.301392,yahoo
AMZN,2025-06-23,209.7899932861328,210.38999938964844,207.30999755859375,208.47000122070312,208.47000122070312,37311700,0.0,0.0,208.72333272298178,7787822373.56008,yahoo
AMZN,2025-06-24,212.13999938964844,214.33999633789062,211.0500030517578,212.77000427246094,212.77000427246094,38378800,0.0,0.0,212.72000122070312,8163938382.849121,yahoo
AMZN,2025-06-25,214.6199951171875,216.02999877929688,211.11000061035156,211.99000549316406,211.99000549316406,31755700,0.0,0.0,213.0433349609375,6765340232.019043,yahoo
AMZN,2025-06-26,213.1199951171875,218.0399932861328,212.00999450683594,217.1199951171875,217.1199951171875,50480800,0.0,0.0,215.72332763671875,10889886157.763672,yahoo
AMZN,2025-06-27,219.9199981689453,223.3000030517578,216.74000549316406,223.3000030517578,223.3000030517578,119217100,0.0,0.0,221.11333719889322,26360490832.17417,yahoo
AMZN,2025-06-30,223.52000427246094,223.82000732421875,219.1199951171875,219.38999938964844,219.38999938964844,58887800,0.0,0.0,220.77666727701822,13001052227.275593,yahoo
AMZN,2025-07-01,219.5,221.8800048828125,217.92999267578125,220.4600067138672,220.4600067138672,39256800,0.0,0.0,220.09000142415366,8640029167.907715,yahoo
AMZN,2025-07-02,219.72999572753906,221.60000610351562,219.05999755859375,219.9199981689453,219.9199981689453,30894200,0.0,0.0,220.1933339436849,6802696897.52299,yahoo
AMZN,2025-07-03,221.82000732421875,224.00999450683594,221.36000061035156,223.41000366210938,223.41000366210938,29632400,0.0,0.0,222.92666625976562,6605852145.275879,yahoo
AMZN,2025-07-07,223.0,224.2899932861328,222.3699951171875,223.47000122070312,223.47000122070312,36604100,0.0,0.0,223.3766632080078,8176501717.732239,yahoo
AMZN,2025-07-08,223.9199981689453,224.0,218.42999267578125,219.36000061035156,219.36000061035156,45692000,0.0,0.0,220.59666442871094,10079502791.07666,yahoo
AMZN,2025-07-09,221.07000732421875,224.2899932861328,220.47000122070312,222.5399932861328,222.5399932861328,38155100,0.0,0.0,222.4333292643229,8486965921.413167,yahoo
AMZN,2025-07-10,221.5500030517578,222.7899932861328,219.6999969482422,222.25999450683594,222.25999450683594,30370600,0.0,0.0,221.5833282470703,6729618628.860474,yahoo
AMZN,2025-07-11,223.5800018310547,226.67999267578125,222.3699951171875,225.02000427246094,225.02000427246094,50518300,0.0,0.0,224.68999735514322,11350956693.386332,yahoo
AMZN,2025-07-14,225.07000732421875,226.66000366210938,224.24000549316406,225.69000244140625,225.69000244140625,35702600,0.0,0.0,225.5300038655599,8052007516.010539,yahoo
AMZN,2025-07-15,226.1999969482422,227.27000427246094,225.4600067138672,226.35000610351562,226.35000610351562,34907300,0.0,0.0,226.3600056966146,7901616626.853435,yahoo
AMZN,2025-07-16,225.8800048828125,226.10000610351562,222.17999267578125,223.19000244140625,223.19000244140625,39535900,0.0,0.0,223.82333374023438,8849056940.420532,yahoo
AMZN,2025-07-17,223.32000732421875,224.5,222.50999450683594,223.8800048828125,223.8800048828125,31855800,0.0,0.0,223.62999979654947,7123912547.518921,yahoo
AMZN,2025-07-18,225.13999938964844,226.39999389648438,222.97999572753906,226.1300048828125,226.1300048828125,37833800,0.0,0.0,225.1699981689453,8519036676.724243,yahoo
AMZN,2025-07-21,225.83999633789062,229.69000244140625,225.64999389648438,229.3000030517578,229.3000030517578,40297600,0.0,0.0,228.2133331298828,9196449613.134766,yahoo
AMZN,2025-07-22,229.67999267578125,230.0,226.35000610351562,227.47000122070312,227.47000122070312,37483700,0.0,0.0,227.94000244140625,8544034669.512939,yahoo
AMZN,2025-07-23,228.47000122070312,228.7899932861328,227.08999633789062,228.2899932861328,228.2899932861328,28294900,0.0,0.0,228.0566609700521,6452840416.481527,yahoo
AMZN,2025-07-24,229.1699981689453,236.0,228.63999938964844,232.22999572753906,232.22999572753906,42902300,0.0,0.0,232.28999837239584,9965775197.172039,yahoo
AMZN,2025-07-25,232.22000122070312,232.47999572753906,231.17999267578125,231.44000244140625,231.44000244140625,28712100,0.0,0.0,231.6999969482422,6652593482.3776245,yahoo
AMZN,2025-07-28,233.35000610351562,234.2899932861328,232.25,232.7899932861328,232.7899932861328,26300100,0.0,0.0,233.10999552408853,6130816193.283081,yahoo
AMZN,2025-07-29,234.14999389648438,234.72000122070312,230.30999755859375,231.00999450683594,231.00999450683594,33716200,0.0,0.0,232.0133310953776,7822607873.87797,yahoo
AMZN,2025-07-30,231.63999938964844,231.8000030517578,229.2899932861328,230.19000244140625,230.19000244140625,32993300,0.0,0.0,230.42666625976562,7602536127.908325,yahoo
AMZN,2025-07-31,235.77000427246094,236.52999877929688,231.39999389648438,234.11000061035156,234.11000061035156,104357300,0.0,0.0,234.0133310953776,24420999397.119648,yahoo
AMZN,2025-08-01,217.2100067138672,220.44000244140625,212.8000030517578,214.75,214.75,122258800,0.0,0.0,215.99666849772134,26407493494.529213,yahoo
AMZN,2025-08-04,217.39999389648438,217.44000244140625,211.4199981689453,211.64999389648438,211.64999389648438,77890100,0.0,0.0,213.50333150227866,16629795841.045635,yahoo
AMZN,2025-08-05,213.0500030517578,216.3000030517578,212.8699951171875,213.75,213.75,51505100,0.0,0.0,214.3066660563151,11037886265.897114,yahoo
AMZN,2025-08-06,214.6999969482422,222.64999389648438,213.74000549316406,222.30999755859375,222.30999755859375,54823000,0.0,0.0,219.56666564941406,12037303310.897827,yahoo
AMZN,2025-08-07,221.0,226.22000122070312,220.82000732421875,223.1300048828125,223.1300048828125,40603500,0.0,0.0,223.39000447591147,9070416046.73767,yahoo
AMZN,2025-08-08,223.13999938964844,223.8000030517578,221.8800048828125,222.69000244140625,222.69000244140625,32970500,0.0,0.0,222.79000345865884,7345497809.033711,yahoo
AMZN,2025-08-11,221.77999877929688,223.0500030517578,220.39999389648438,221.3000030517578,221.3000030517578,31646200,0.0,0.0,221.58333333333334,7012270483.333334,yahoo
AMZN,2025-08-12,222.22999572753906,223.5,219.0500030517578,221.47000122070312,221.47000122070312,37185800,0.0,0.0,221.34000142415366,8230705024.958293,yahoo
AMZN,2025-08-13,222.0,224.9199981689453,222.0,224.55999755859375,224.55999755859375,36508300,0.0,0.0,223.82666524251303,8171531042.673239,yahoo
AMZN,2025-08-14,227.39999389648438,233.11000061035156,227.02000427246094,230.97999572753906,230.97999572753906,61545800,0.0,0.0,230.37000020345053,14178305958.521526,yahoo
AMZN,2025-08-15,232.5800018310547,234.0800018310547,229.80999755859375,231.02999877929688,231.02999877929688,39649200,0.0,0.0,231.63999938964844,9184340663.800049,yahoo
AMZN,2025-08-18,230.22999572753906,231.91000366210938,228.3300018310547,231.49000549316406,231.49000549316406,25248900,0.0,0.0,230.57667032877603,5821807291.464233,yahoo
AMZN,2025-08-19,230.08999633789062,230.52999877929688,227.1199951171875,228.00999450683594,228.00999450683594,29891000,0.0,0.0,228.55332946777344,6831687571.121216,yahoo
AMZN,2025-08-20,227.1199951171875,227.27000427246094,220.9199981689453,223.80999755859375,223.80999755859375,36604300,0.0,0.0,224.0,8199363200.0,yahoo
AMZN,2025-08-21,222.64999389648438,222.77999877929688,220.5,221.9499969482422,221.9499969482422,32140500,0.0,0.0,221.7433319091797,7126941559.22699,yahoo
AMZN,2025-08-22,222.7899932861328,229.13999938964844,220.82000732421875,228.83999633789062,228.83999633789062,37315300,0.0,0.0,226.26666768391928,8443208584.625753,yahoo
AMZN,2025-08-25,227.35000610351562,229.60000610351562,227.30999755859375,227.94000244140625,227.94000244140625,22633700,0.0,0.0,228.28333536783853,5166896527.715047,yahoo
AMZN,2025-08-26,227.11000061035156,229.0,226.02000427246094,228.7100067138672,228.7100067138672,26105400,0.0,0.0,227.91000366210938,5949681809.60083,yahoo
AMZN,2025-08-27,228.57000732421875,229.8699951171875,227.80999755859375,229.1199951171875,229.1199951171875,21254500,0.0,0.0,228.9333292643229,4865863446.848551,yahoo
AMZN,2025-08-28,229.00999450683594,232.7100067138672,228.02000427246094,231.60000610351562,231.60000610351562,33679600,0.0,0.0,230.77667236328125,7772466014.526367,yahoo
AMZN,2025-08-29,231.32000732421875,231.80999755859375,228.16000366210938,229.0,229.0,26199200,0.0,0.0,229.65666707356772,6016820951.993815,yahoo
AMZN,2025-09-02,223.52000427246094,226.1699981689453,221.8300018310547,225.33999633789062,225.33999633789062,38843900,0.0,0.0,224.44666544596353,8718383827.916462,yahoo
AMZN,2025-09-03,225.2100067138672,227.1699981689453,224.36000061035156,225.99000549316406,225.99000549316406,29223100,0.0,0.0,225.84000142415366,6599744945.618185,yahoo
AMZN,2025-09-04,231.19000244140625,235.77000427246094,230.77999877929688,235.67999267578125,235.67999267578125,59391800,0.0,0.0,234.07666524251303,13902234486.750286,yahoo
AMZN,2025-09-05,235.19000244140625,236.0,231.92999267578125,232.3300018310547,232.3300018310547,36721800,0.0,0.0,233.4199981689453,8571602488.760376,yahoo
AMZN,2025-09-08,234.94000244140625,237.60000610351562,233.75,235.83999633789062,235.83999633789062,33947100,0.0,0.0,235.7300008138021,8002349910.626221,yahoo
AMZN,2025-09-09,236.36000061035156,238.85000610351562,235.0800018310547,238.24000549316406,238.24000549316406,27033800,0.0,0.0,237.39000447591147,6417553903.0008955,yahoo
AMZN,2025-09-10,237.52000427246094,237.67999267578125,229.10000610351562,230.3300018310547,230.3300018310547,60907700,0.0,0.0,232.37000020345053,14153122261.391705,yahoo
AMZN,2025-09-11,231.49000549316406,231.52999877929688,229.33999633789062,229.9499969482422,229.9499969482422,37485600,0.0,0.0,230.27333068847656,8631933964.855957,yahoo
AMZN,2025-09-12,230.35000610351562,230.7899932861328,226.2899932861328,228.14999389648438,228.14999389648438,38496200,0.0,0.0,228.40999348958334,8792916791.3737,yahoo
AMZN,2025-09-15,230.6300048828125,233.72999572753906,230.32000732421875,231.42999267578125,231.42999267578125,33243300,0.0,0.0,231.82666524251303,7706683380.656433,yahoo
AMZN,2025-09-16,232.94000244140625,235.89999389648438,232.22999572753906,234.0500030517578,234.0500030517578,38203900,0.0,0.0,234.05999755859375,8942004740.72876,yahoo
AMZN,2025-09-17,233.77000427246094,234.3000030517578,228.7100067138672,231.6199951171875,231.6199951171875,42815200,0.0,0.0,231.5433349609375,9913574195.019531,yahoo
AMZN,2025-09-18,232.5,233.47999572753906,228.7899932861328,231.22999572753906,231.22999572753906,37931700,0.0,0.0,231.16666158040366,8768544457.069397,yahoo
AMZN,2025-09-19,232.3699951171875,234.16000366210938,229.6999969482422,231.47999572753906,231.47999572753906,97943200,0.0,0.0,231.77999877929688,22701274776.44043,yahoo
AMZN,2025-09-22,230.55999755859375,230.57000732421875,227.50999450683594,227.6300048828125,227.6300048828125,45914500,0.0,0.0,228.57000223795572,10494677367.754618,yahoo
AMZN,2025-09-23,227.8300018310547,227.86000061035156,220.07000732421875,220.7100067138672,220.7100067138672,70956200,0.0,0.0,222.8800048828125,15814718202.46582,yahoo
AMZN,2025-09-24,224.14999389648438,224.55999755859375,219.4499969482422,220.2100067138672,220.2100067138672,49509000,0.0,0.0,221.40666707356772,10961622680.145264,yahoo
AMZN,2025-09-25,220.05999755859375,220.6699981689453,216.47000122070312,218.14999389648438,218.14999389648438,52226300,0.0,0.0,218.42999776204428,11407790592.119854,yahoo
AMZN,2025-09-26,219.0800018310547,221.0500030517578,218.02000427246094,219.77999877929688,219.77999877929688,41650100,0.0,0.0,219.61666870117188,9147056213.070679,yahoo
AMZN,2025-09-29,220.0800018310547,222.60000610351562,219.3000030517578,222.1699981689453,222.1699981689453,44259200,0.0,0.0,221.3566691080729,9797069089.38802,yahoo
AMZN,2025-09-30,222.02999877929688,222.24000549316406,217.88999938964844,219.57000732421875,219.57000732421875,48396400,0.0,0.0,219.9000040690104,10642368556.925455,yahoo
AMZN,2025-10-01,217.36000061035156,222.14999389648438,216.61000061035156,220.6300048828125,220.6300048828125,43933800,0.0,0.0,219.79666646321616,9656502785.061646,yahoo
AMZN,2025-10-02,221.00999450683594,222.80999755859375,218.9499969482422,222.41000366210938,222.41000366210938,41258600,0.0,0.0,221.38999938964844,9134241428.817749,yahoo
AMZN,2025-10-03,223.44000244140625,224.1999969482422,219.33999633789062,219.50999450683594,219.50999450683594,43639000,0.0,0.0,221.01666259765625,9644946139.099121,yahoo
AMZN,2025-10-06,221.0,221.72999572753906,216.02999877929688,220.89999389648438,220.89999389648438,43690900,0.0,0.0,219.55332946777344,9592482562.443542,yahoo
AMZN,2025-10-07,220.8800048828125,222.88999938964844,220.1699981689453,221.77999877929688,221.77999877929688,31194700,0.0,0.0,221.61333211263022,6913161411.253866,yahoo
AMZN,2025-10-08,222.9199981689453,226.72999572753906,221.19000244140625,225.22000122070312,225.22000122070312,46686000,0.0,0.0,224.37999979654947,10475404670.501709,yahoo
AMZN,2025-10-09,225.0,228.2100067138672,221.75,227.74000549316406,227.74000549316406,46412100,0.0,0.0,225.9000040690104,10484493578.851318,yahoo
AMZN,2025-10-10,226.2100067138672,228.25,216.0,216.3699951171875,216.3699951171875,72367500,0.0,0.0,220.2066650390625,15935805832.214355,yahoo
AMZN,2025-10-13,217.6999969482422,220.67999267578125,217.0399932861328,220.07000732421875,220.07000732421875,37809700,0.0,0.0,219.2633310953776,8290280769.716898,yahoo
AMZN,2025-10-14,215.55999755859375,219.32000732421875,212.60000610351562,216.38999938964844,216.38999938964844,45665600,0.0,0.0,216.10333760579428,9868488573.77116,yahoo
AMZN,2025-10-15,216.6199951171875,217.7100067138672,212.66000366210938,215.57000732421875,215.57000732421875,45909500,0.0,0.0,215.31333923339844,9884927747.535706,yahoo
AMZN,2025-10-16,215.6699981689453,218.58999633789062,212.80999755859375,214.47000122070312,214.47000122070312,42414600,0.0,0.0,215.28999837239584,9131439164.96582,yahoo
AMZN,2025-10-17,214.55999755859375,214.8000030517578,211.02999877929688,213.0399932861328,213.0399932861328,45986900,0.0,0.0,212.9566650390625,9793216859.484863,yahoo
AMZN,2025-10-20,213.8800048828125,216.69000244140625,213.58999633789062,216.47999572753906,216.47999572753906,38882800,0.0,0.0,215.58666483561197,8382613171.470133,yahoo
AMZN,2025-10-21,218.42999267578125,223.32000732421875,217.99000549316406,222.02999877929688,222.02999877929688,50494600,0.0,0.0,221.11333719889322,11165029516.523233,yahoo
AMZN,2025-10-22,219.3000030517578,220.00999450683594,216.52000427246094,217.9499969482422,217.9499969482422,44308500,0.0,0.0,218.15999857584634,9666342296.897888,yahoo
AMZN,2025-10-23,219.0,221.3000030517578,218.17999267578125,221.08999633789062,221.08999633789062,31540000,0.0,0.0,220.18999735514322,6944792516.581217,yahoo
AMZN,2025-10-24,221.97000122070312,225.39999389648438,221.89999389648438,224.2100067138672,224.2100067138672,38685100,0.0,0.0,223.83666483561197,8659143762.832132,yahoo
AMZN,2025-10-27,227.66000366210938,228.39999389648438,225.5399932861328,226.97000122070312,226.97000122070312,38267000,0.0,0.0,226.9699961344401,8685460842.076618,yahoo
AMZN,2025-10-28,228.22000122070312,231.49000549316406,226.2100067138672,229.25,229.25,47100000,0.0,0.0,228.98333740234375,10785115191.65039,yahoo
AMZN,2025-10-29,231.6699981689453,232.82000732421875,227.75999450683594,230.3000030517578,230.3000030517578,52036200,0.0,0.0,230.2933349609375,11983590036.694336,yahoo
AMZN,2025-10-30,227.05999755859375,228.44000244140625,222.75,222.86000061035156,222.86000061035156,102252900,0.0,0.0,224.68333435058594,22974522519.01703,yahoo
AMZN,2025-10-31,250.10000610351562,250.5,243.97999572753906,244.22000122070312,244.22000122070312,166340800,0.0,0.0,246.23333231608072,40958649484.12272,yahoo
AMZN,2025-11-03,255.36000061035156,258.6000061035156,252.89999389648438,254.0,254.0,95997800,0.0,0.0,255.16666666666666,24495438633.333332,yahoo
AMZN,2025-11-04,250.3800048828125,257.010009765625,248.66000366210938,249.32000732421875,249.32000732421875,51546300,0.0,0.0,251.66334025065103,12972314035.562134,yahoo
AMZN,2025-11-05,249.02999877929688,251.0,246.16000366210938,250.1999969482422,250.1999969482422,40610700,0.0,0.0,249.12000020345053,10116937592.262268,yahoo
AMZN,2025-11-06,249.16000366210938,250.3800048828125,242.1699981689453,243.0399932861328,243.0399932861328,46004200,0.0,0.0,245.19666544596353,11280076436.509195,yahoo
AMZN,2025-11-07,242.89999389648438,244.89999389648438,238.49000549316406,244.41000366210938,244.41000366210938,46374300,0.0,0.0,242.6000010172526,11250405227.174377,yahoo
AMZN,2025-11-10,248.33999633789062,251.75,245.58999633789062,248.39999389648438,248.39999389648438,36476500,0.0,0.0,248.57999674479166,9067328251.261393,yahoo
AMZN,2025-11-11,248.41000366210938,249.75,247.22999572753906,249.10000610351562,249.10000610351562,23564100,0.0,0.0,248.6933339436849,5860234590.382385,yahoo
AMZN,2025-11-12,250.24000549316406,250.3699951171875,243.75,244.1999969482422,244.1999969482422,31190100,0.0,0.0,246.1066640218099,7676091461.506653,yahoo
AMZN,2025-11-13,243.0500030517578,243.75,236.5,237.5800018310547,237.5800018310547,41401700,0.0,0.0,239.27666727701822,9906460795.602924,yahoo
AMZN,2025-11-14,235.05999755859375,238.72999572753906,232.88999938964844,234.69000244140625,234.69000244140625,38956700,0.0,0.0,235.4366658528646,9171835560.630291,yahoo
AMZN,2025-11-17,233.25,234.60000610351562,229.19000244140625,232.8699951171875,232.8699951171875,59919000,0.0,0.0,232.22000122070312,13914390253.14331,yahoo
AMZN,2025-11-18,228.10000610351562,230.1999969482422,222.4199981689453,222.5500030517578,222.5500030517578,60608400,0.0,0.0,225.0566660563151,13640324439.007568,yahoo
AMZN,2025-11-19,223.74000549316406,223.74000549316406,218.52000427246094,222.69000244140625,222.69000244140625,58335600,0.0,0.0,221.6500040690104,12930085977.368164,yahoo
AMZN,2025-11-20,227.0500030517578,227.41000366210938,216.74000549316406,217.13999938964844,217.13999938964844,50309000,0.0,0.0,220.43000284830728,11089613013.29549,yahoo
AMZN,2025-11-21,216.35000610351562,222.2100067138672,215.17999267578125,220.69000244140625,220.69000244140625,68490500,0.0,0.0,219.36000061035156,15024076121.803284,yahoo
AMZN,2025-11-24,222.55999755859375,227.3300018310547,222.27000427246094,226.27999877929688,226.27999877929688,54318400,0.0,0.0,225.2933349609375,12237573485.742188,yahoo
AMZN,2025-11-25,226.3800048828125,230.52000427246094,223.8000030517578,229.6699981689453,229.6699981689453,39379300,0.0,0.0,227.99666849772134,8978349207.772318,yahoo
AMZN,2025-11-26,230.74000549316406,231.75,228.77000427246094,229.16000366210938,229.16000366210938,38497900,0.0,0.0,229.8933359781901,8850410659.154764,yahoo
AMZN,2025-11-28,231.24000549316406,233.2899932861328,230.22000122070312,233.22000122070312,233.22000122070312,20292300,0.0,0.0,232.2433319091797,4712751364.100647,yahoo
AMZN,2025-12-01,233.22000122070312,235.8000030517578,232.25,233.8800048828125,233.8800048828125,42904000,0.0,0.0,233.97666931152344,10038535020.141602,yahoo
AMZN,2025-12-02,235.00999450683594,238.97000122070312,233.5500030517578,234.4199981689453,234.4199981689453,45785400,0.0,0.0,235.64666748046875,10789176929.260254,yahoo
AMZN,2025-12-03,233.35000610351562,233.3800048828125,230.61000061035156,232.3800048828125,232.3800048828125,35495100,0.0,0.0,232.1233367919922,8239241051.765442,yahoo
AMZN,2025-12-04,232.77000427246094,233.5,226.8000030517578,229.11000061035156,229.11000061035156,45683200,0.0,0.0,229.80333455403647,10498151693.098959,yahoo
AMZN,2025-12-05,230.32000732421875,231.24000549316406,228.5500030517578,229.52999877929688,229.52999877929688,33117400,0.0,0.0,229.7733357747396,7609495470.186361,yahoo
AMZN,2025-12-08,229.58999633789062,230.8300018310547,226.27000427246094,226.88999938964844,226.88999938964844,35019200,0.0,0.0,227.99666849772134,7984260933.455403,yahoo
AMZN,2025-12-09,226.83999633789062,228.57000732421875,225.11000061035156,227.9199981689453,227.9199981689453,25841700,0.0,0.0,227.20000203450522,5871234292.575073,yahoo
AMZN,2025-12-10,228.80999755859375,232.4199981689453,228.4600067138672,231.77999877929688,231.77999877929688,38790700,0.0,0.0,230.88666788736978,8956255468.018595,yahoo
AMZN,2025-12-11,230.7100067138672,232.11000061035156,228.69000244140625,230.27999877929688,230.27999877929688,28249600,0.0,0.0,230.36000061035156,6507577873.2421875,yahoo
AMZN,2025-12-12,229.8699951171875,230.0800018310547,225.1199951171875,226.19000244140625,226.19000244140625,35639100,0.0,0.0,227.12999979654947,8094708775.749207,yahoo
AMZN,2025-12-15,227.92999267578125,227.92999267578125,221.5,222.5399932861328,222.5399932861328,47286100,0.0,0.0,223.98999532063803,10591613317.731222,yahoo
AMZN,2025-12-16,223.0399932861328,223.66000366210938,221.1300048828125,222.55999755859375,222.55999755859375,39298900,0.0,0.0,222.45000203450522,8742040384.953817,yahoo
AMZN,2025-12-17,224.66000366210938,225.19000244140625,220.99000549316406,221.27000427246094,221.27000427246094,44034400,0.0,0.0,222.48333740234375,9796920272.509766,yahoo
AMZN,2025-12-18,225.7100067138672,229.22999572753906,224.41000366210938,226.75999450683594,226.75999450683594,50272400,0.0,0.0,226.79999796549478,11401780217.72054,yahoo
AMZN,2025-12-19,226.75999450683594,229.1300048828125,225.5800018310547,227.35000610351562,227.35000610351562,85544400,0.0,0.0,227.35333760579428,19448804853.485107,yahoo
AMZN,2025-12-22,228.61000061035156,229.47999572753906,226.7100067138672,228.42999267578125,228.42999267578125,32261300,0.0,0.0,228.2066650390625,7362243682.824707,yahoo
AMZN,2025-12-23,229.05999755859375,232.4499969482422,228.72999572753906,232.13999938964844,232.13999938964844,29230200,0.0,0.0,231.1066640218099,6755294010.690308,yahoo
AMZN,2025-12-24,232.1300048828125,232.9499969482422,231.3300018310547,232.3800048828125,232.3800048828125,11420500,0.0,0.0,232.22000122070312,2652068523.94104,yahoo
AMZN,2025-12-26,232.0399932861328,232.99000549316406,231.17999267578125,232.52000427246094,232.52000427246094,15994700,0.0,0.0,232.2300008138021,3714449194.0165205,yahoo
AMZN,2025-12-29,231.94000244140625,232.60000610351562,230.77000427246094,232.07000732421875,232.07000732421875,19797900,0.0,0.0,231.81333923339844,4589417308.808899,yahoo
AMZN,2025-12-30,231.2100067138672,232.77000427246094,230.1999969482422,232.52999877929688,232.52999877929688,21910500,0.0,0.0,231.83333333333334,5079584250.0,yahoo
AMZN,2025-12-31,232.91000366210938,232.99000549316406,230.1199951171875,230.82000732421875,230.82000732421875,24383700,0.0,0.0,231.31000264485678,5640193711.491394,yahoo
AMZN,2026-01-02,231.33999633789062,235.4600067138672,224.6999969482422,226.5,226.5,51456200,0.0,0.0,228.88666788736978,11777638160.146076,yahoo
AMZN,2026-01-05,228.83999633789062,234.0,227.17999267578125,233.05999755859375,233.05999755859375,49733300,0.0,0.0,231.413330078125,11508948568.774414,yahoo
AMZN,2026-01-06,232.10000610351562,243.17999267578125,232.07000732421875,240.92999267578125,240.92999267578125,53764700,0.0,0.0,238.7266642252604,12835067484.071857,yahoo
AMZN,2026-01-07,239.61000061035156,245.2899932861328,239.52000427246094,241.55999755859375,241.55999755859375,42236500,0.0,0.0,242.12333170572916,10226442099.58903,yahoo
AMZN,2026-01-08,243.05999755859375,246.41000366210938,241.8800048828125,246.2899932861328,246.2899932861328,39509800,0.0,0.0,244.86000061035156,9674369652.114868,yahoo
AMZN,2026-01-09,244.57000732421875,247.86000061035156,242.24000549316406,247.3800048828125,247.3800048828125,34560000,0.0,0.0,245.82667032877603,8495769726.5625,yahoo
AMZN,2026-01-12,246.72999572753906,248.94000244140625,245.9600067138672,246.47000122070312,246.47000122070312,35867800,0.0,0.0,247.1233367919922,8863770419.387817,yahoo
AMZN,2026-01-13,246.52999877929688,247.66000366210938,240.25,242.60000610351562,242.60000610351562,38371800,0.0,0.0,243.50333658854166,9343661330.908203,yahoo
AMZN,2026-01-14,241.14999389648438,241.27999877929688,236.22000122070312,236.64999389648438,236.64999389648438,41410600,0.0,0.0,238.04999796549478,9857793245.749918,yahoo
AMZN,2026-01-15,239.30999755859375,240.64999389648438,236.6300048828125,238.17999267578125,238.17999267578125,43003600,0.0,0.0,238.48666381835938,10255785096.1792,yahoo
AMZN,2026-01-16,239.08999633789062,239.57000732421875,236.41000366210938,239.1199951171875,239.1199951171875,45888300,0.0,0.0,238.36666870117188,10938241203.359985,yahoo
AMZN,2026-01-20,233.75999450683594,235.08999633789062,229.33999633789062,231.0,231.0,47737900,0.0,0.0,231.80999755859375,11066122482.452393,yahoo
AMZN,2026-01-21,231.08999633789062,232.3000030517578,226.8800048828125,231.30999755859375,231.30999755859375,47276100,0.0,0.0,230.16333516438803,10881224849.565125,yahoo
AMZN,2026-01-22,234.0500030517578,235.72000122070312,230.89999389648438,234.33999633789062,234.33999633789062,31913300,0.0,0.0,233.65333048502603,7456648831.767781,yahoo
AMZN,2026-01-23,234.9600067138672,240.4499969482422,234.57000732421875,239.16000366210938,239.16000366210938,33778500,0.0,0.0,238.06000264485678,8041309799.339294,yahoo
AMZN,2026-01-26,239.97999572753906,240.9499969482422,237.5399932861328,238.4199981689453,238.4199981689453,32825500,0.0,0.0,238.9699961344401,7844309608.111063,yahoo
AMZN,2026-01-27,239.69000244140625,244.8800048828125,238.0800018310547,244.67999267578125,244.67999267578125,38029200,0.0,0.0,242.54666646321616,9223855688.26294,yahoo
AMZN,2026-01-28,246.3699951171875,247.77999877929688,241.52999877929688,243.00999450683594,243.00999450683594,40882700,0.0,0.0,244.1066640218099,9979739513.204449,yahoo
AMZN,2026-01-29,242.82000732421875,243.0,236.74000549316406,241.72999572753906,241.72999572753906,47229600,0.0,0.0,240.49000040690103,11358246523.217773,yahoo
AMZN,2026-01-30,239.88999938964844,243.32000732421875,237.63999938964844,239.3000030517578,239.3000030517578,46585000,0.0,0.0,240.086669921875,11184437518.310547,yahoo
AMZN,2026-02-02,238.30999755859375,245.6300048828125,238.1699981689453,242.9600067138672,242.9600067138672,37546100,0.0,0.0,242.25333658854166,9095668000.887043,yahoo
AMZN,2026-02-03,244.97999572753906,246.35000610351562,235.4499969482422,238.6199951171875,238.6199951171875,53831300,0.0,0.0,240.13999938964844,12927048349.143982,yahoo
AMZN,2026-02-04,238.86000061035156,238.86000061035156,231.82000732421875,232.99000549316406,232.99000549316406,51299900,0.0,0.0,234.55667114257812,12032733773.947144,yahoo
AMZN,2026-02-05,224.91000366210938,226.30999755859375,220.3800048828125,222.69000244140625,222.69000244140625,103509200,0.0,0.0,223.12666829427084,23095662933.80534,yahoo
AMZN,2026-02-06,202.6999969482422,211.44000244140625,200.30999755859375,210.32000732421875,210.32000732421875,179210900,0.0,0.0,207.3566691080729,37160575291.85994,yahoo
AMZN,2026-02-09,208.97000122070312,212.80999755859375,203.35000610351562,208.72000122070312,208.72000122070312,91178400,0.0,0.0,208.2933349609375,18991853012.402344,yahoo
AMZN,2026-02-10,208.8000030517578,212.64999389648438,206.41000366210938,206.9600067138672,206.9600067138672,67175000,0.0,0.0,208.67333475748697,14017631262.334187,yahoo
AMZN,2026-02-11,208.05999755859375,208.57000732421875,202.49000549316406,204.0800018310547,204.0800018310547,65545500,0.0,0.0,205.04667154947916,13439886610.046387,yahoo
AMZN,2026-02-12,203.9600067138672,203.9600067138672,197.55999755859375,199.60000610351562,199.60000610351562,83975400,0.0,0.0,200.3733367919922,16826431106.44226,yahoo
AMZN,2026-02-13,198.8800048828125,201.16000366210938,197.27999877929688,198.7899932861328,198.7899932861328,66215800,0.0,0.0,199.07666524251303,13182020650.365194,yahoo
