symbol,date,open,high,low,close,adjusted_close,volume,dividends,stock_splits,typical_price,traded_value,source
AVGO,2023-02-17,60.0,60.084999084472656,59.244998931884766,59.558998107910156,56.94511032104492,14215000,0.0,0.0,59.62966537475586,847635693.3021545,yahoo
AVGO,2023-02-21,59.0,59.308998107910156,57.98400115966797,58.15399932861328,55.60177230834961,22737000,0.0,0.0,58.48233286539713,1329712802.3605347,yahoo
AVGO,2023-02-22,58.224998474121094,58.308998107910156,57.209999084472656,57.617000579833984,55.088340759277344,23475000,0.0,0.0,57.7119992574056,1354789182.5675964,yahoo
AVGO,2023-02-23,58.57500076293945,58.59400177001953,57.36800003051758,58.380001068115234,55.81785583496094,18939000,0.0,0.0,58.114000956217446,1100621064.1098022,yahoo
AVGO,2023-02-24,57.75299835205078,58.02399826049805,57.361000061035156,57.775001525878906,55.239410400390625,15353000,0.0,0.0,57.71999994913737,886175159.219106,yahoo
AVGO,2023-02-27,58.58700180053711,58.97999954223633,58.42599868774414,58.54499816894531,55.97561264038086,18321000,0.0,0.0,58.65033213297526,1074532735.0082397,yahoo
AVGO,2023-02-28,58.555999755859375,59.858001708984375,58.21799850463867,59.42900085449219,56.82081604003906,27822000,0.0,0.0,59.16833368937174,1646181379.9057007,yahoo
AVGO,2023-03-01,59.400001525878906,59.82099914550781,59.029998779296875,59.356998443603516,56.751976013183594,15484000,0.0,0.0,59.40266545613607,919790871.9228109,yahoo
AVGO,2023-03-02,58.93899917602539,60.09400177001953,58.612998962402344,59.8650016784668,57.2376823425293,27525000,0.0,0.0,59.524000803629555,1638398122.1199036,yahoo
AVGO,2023-03-03,61.77000045776367,63.573001861572266,61.57500076293945,63.2760009765625,60.49897766113281,46088000,0.0,0.0,62.80800120035807,2894695159.3221025,yahoo
AVGO,2023-03-06,63.5,64.40499877929688,63.17300033569336,63.29199981689453,60.5142822265625,24983000,0.0,0.0,63.62333297729492,1589501727.771759,yahoo
AVGO,2023-03-07,63.48699951171875,63.577999114990234,62.35100173950195,62.51499938964844,59.77138137817383,19334000,0.0,0.0,62.814666748046875,1214458766.9067383,yahoo
AVGO,2023-03-08,62.77799987792969,63.27299880981445,62.367000579833984,63.22600173950195,60.45118713378906,20912000,0.0,0.0,62.9553337097168,1316521938.5375977,yahoo
AVGO,2023-03-09,63.007999420166016,64.24400329589844,62.1879997253418,62.25199890136719,59.51992416381836,21775000,0.0,0.0,62.894667307535805,1369531380.621592,yahoo
AVGO,2023-03-10,62.819000244140625,63.01599884033203,61.28200149536133,61.483001708984375,58.78466796875,26098000,0.0,0.0,61.92700068155924,1616170863.787333,yahoo
AVGO,2023-03-13,60.70899963378906,62.43899917602539,60.6879997253418,61.64699935913086,58.94147491455078,22364000,0.0,0.0,61.59133275349935,1377428565.6992595,yahoo
AVGO,2023-03-14,62.3390007019043,63.33700180053711,61.849998474121094,63.24599838256836,60.47030258178711,25893000,0.0,0.0,62.81099955240885,1626365211.4105225,yahoo
AVGO,2023-03-15,62.766998291015625,63.00699996948242,61.619998931884766,62.604000091552734,59.85647201538086,22963000,0.0,0.0,62.410332997639976,1433128476.624807,yahoo
AVGO,2023-03-16,62.185001373291016,63.707000732421875,61.78099822998047,63.650001525878906,60.85657501220703,31716000,0.0,0.0,63.046000162760414,1999566941.1621094,yahoo
AVGO,2023-03-17,63.650001525878906,63.957000732421875,62.70800018310547,63.09700012207031,60.32783508300781,79303000,0.0,0.0,63.25400034586588,5016231989.428202,yahoo
AVGO,2023-03-20,63.27399826049805,64.4739990234375,63.15999984741211,64.37100219726562,61.54592514038086,25857000,0.0,0.0,64.00166702270508,1654891104.2060852,yahoo
AVGO,2023-03-21,64.30899810791016,64.65899658203125,63.43299865722656,63.67499923706055,61.318660736083984,25000000,0.46,0.0,63.92233149210612,1598058287.3026528,yahoo
AVGO,2023-03-22,63.689998626708984,64.8499984741211,63.06700134277344,63.09199905395508,60.75723648071289,25799000,0.0,0.0,63.6696662902832,1642613720.6230164,yahoo
AVGO,2023-03-23,63.88999938964844,64.81800079345703,63.15299987792969,63.92300033569336,61.55747985839844,27162000,0.0,0.0,63.964667002360024,1737408285.118103,yahoo
AVGO,2023-03-24,63.803001403808594,63.93000030517578,62.85499954223633,63.617000579833984,61.2628059387207,17228000,0.0,0.0,63.467333475748696,1093415221.1201985,yahoo
AVGO,2023-03-27,63.900001525878906,63.90999984741211,62.5989990234375,62.683998107910156,60.36433029174805,14707000,0.0,0.0,63.06433232625326,927487135.5222067,yahoo
AVGO,2023-03-28,62.52299880981445,62.65399932861328,61.88600158691406,62.470001220703125,60.15824890136719,12439000,0.0,0.0,62.33666737874349,775405805.5241903,yahoo
AVGO,2023-03-29,63.27799987792969,63.4010009765625,62.4640007019043,62.54999923706055,60.23529052734375,26395000,0.0,0.0,62.80500030517578,1657737983.0551147,yahoo
AVGO,2023-03-30,63.27299880981445,63.60499954223633,62.93000030517578,63.375,61.029762268066406,21523000,0.0,0.0,63.3033332824707,1362477642.238617,yahoo
AVGO,2023-03-31,63.05400085449219,64.22200012207031,62.590999603271484,64.15399932861328,61.77992630004883,22097000,0.0,0.0,63.65566635131836,1406599259.3650818,yahoo
AVGO,2023-04-03,63.900001525878906,64.38999938964844,63.64400100708008,64.24700164794922,61.86949157714844,15682000,0.0,0.0,64.0936673482259,1005116891.3548787,yahoo
AVGO,2023-04-04,64.31500244140625,64.42400360107422,63.20000076293945,63.441001892089844,61.09331512451172,13429000,0.0,0.0,63.68833541870117,855270656.337738,yahoo
AVGO,2023-04-05,63.11399841308594,63.16999816894531,62.56999969482422,62.9010009765625,60.573307037353516,16908000,0.0,0.0,62.880332946777344,1063180669.4641113,yahoo
AVGO,2023-04-06,62.41600036621094,62.84000015258789,61.89699935913086,62.263999938964844,59.95987319946289,14493000,0.0,0.0,62.333666483561196,903401828.3462524,yahoo
AVGO,2023-04-10,61.80500030517578,62.7869987487793,61.64500045776367,62.73899841308594,60.417293548583984,15400000,0.0,0.0,62.390332539876304,960811121.1140951,yahoo
AVGO,2023-04-11,63.077999114990234,63.0880012512207,62.082000732421875,62.15700149536133,59.85683059692383,16518000,0.0,0.0,62.442334493001304,1031422481.1553955,yahoo
AVGO,2023-04-12,62.73400115966797,62.75199890136719,61.625999450683594,61.66999816894531,59.387847900390625,14112000,0.0,0.0,62.01599884033203,875169775.6347656,yahoo
AVGO,2023-04-13,61.90700149536133,62.650001525878906,61.71099853515625,62.42399978637695,60.113948822021484,17265000,0.0,0.0,62.26166661580404,1074947674.1218567,yahoo
AVGO,2023-04-14,62.04800033569336,62.803001403808594,61.520999908447266,61.95399856567383,59.661346435546875,17465000,0.0,0.0,62.09266662597656,1084448422.6226807,yahoo
AVGO,2023-04-17,61.861000061035156,62.83399963378906,61.78099822998047,62.736000061035156,60.41440200805664,13201000,0.0,0.0,62.45033264160156,824406841.2017822,yahoo
AVGO,2023-04-18,63.1619987487793,63.54999923706055,62.7130012512207,63.231998443603516,60.89204406738281,16806000,0.0,0.0,63.164999643961586,1061550984.0164185,yahoo
AVGO,2023-04-19,62.67900085449219,63.67900085449219,62.55500030517578,63.45000076293945,61.10198974609375,19060000,0.0,0.0,63.22800064086914,1205125692.2149658,yahoo
AVGO,2023-04-20,62.7859992980957,64.27300262451172,62.7140007019043,63.301998138427734,60.95945739746094,20239000,0.0,0.0,63.429667154947914,1283753033.5489907,yahoo
AVGO,2023-04-21,63.060001373291016,63.380001068115234,62.19900131225586,63.290000915527344,60.94790267944336,14807000,0.0,0.0,62.95633443196615,932194443.9341228,yahoo
AVGO,2023-04-24,63.36399841308594,63.8849983215332,63.17900085449219,63.45399856567383,61.105838775634766,12338000,0.0,0.0,63.50599924723307,783537018.7123616,yahoo
AVGO,2023-04-25,63.39899826049805,63.5989990234375,62.17399978637695,62.20199966430664,59.900169372558594,23670000,0.0,0.0,62.65833282470703,1483122737.9608154,yahoo
AVGO,2023-04-26,61.99700164794922,62.3129997253418,61.35100173950195,61.61899948120117,59.338741302490234,17179000,0.0,0.0,61.761000315348305,1060992224.4173685,yahoo
AVGO,2023-04-27,61.61899948120117,62.00899887084961,60.323001861572266,61.840999603271484,59.552528381347656,18250000,0.0,0.0,61.39100011189779,1120385752.0421348,yahoo
AVGO,2023-04-28,61.90700149536133,62.678001403808594,61.45600128173828,62.650001525878906,60.33159255981445,16183000,0.0,0.0,62.26133473714193,1007575180.0511678,yahoo
AVGO,2023-05-01,62.650001525878906,63.89899826049805,62.619998931884766,63.79499816894531,61.4342155456543,17030000,0.0,0.0,63.43799845377604,1080349113.667806,yahoo
AVGO,2023-05-02,62.57600021362305,62.650001525878906,60.50199890136719,61.23400115966797,58.967994689941406,28357000,0.0,0.0,61.46200052897135,1742877949.0000405,yahoo
AVGO,2023-05-03,61.689998626708984,62.19499969482422,61.2400016784668,61.31999969482422,59.05080795288086,19816000,0.0,0.0,61.585000356038414,1220368367.0552573,yahoo
AVGO,2023-05-04,61.0,61.395999908447266,60.12900161743164,61.01599884033203,58.758060455322266,17684000,0.0,0.0,60.84700012207031,1076018350.1586914,yahoo
AVGO,2023-05-05,61.595001220703125,63.14699935913086,61.33700180053711,63.012001037597656,60.680198669433594,24876000,0.0,0.0,62.49866739908854,1554716850.2197266,yahoo
AVGO,2023-05-08,62.97800064086914,63.073001861572266,62.05799865722656,62.90599822998047,60.57810974121094,13934000,0.0,0.0,62.67899958292643,873369180.1884968,yahoo
AVGO,2023-05-09,62.27299880981445,62.40700149536133,61.58599853515625,61.85100173950195,59.562164306640625,16990000,0.0,0.0,61.94800059000651,1052496530.0242106,yahoo
AVGO,2023-05-10,62.20600128173828,62.79999923706055,61.82699966430664,62.62699890136719,60.30943298339844,19174000,0.0,0.0,62.417999267578125,1196802717.956543,yahoo
AVGO,2023-05-11,62.65800094604492,62.847999572753906,61.79899978637695,62.766998291015625,60.44425582885742,14430000,0.0,0.0,62.47133255004883,901461328.6972046,yahoo
AVGO,2023-05-12,62.8380012512207,63.27000045776367,62.42100143432617,63.1150016784668,60.77938461303711,11942000,0.0,0.0,62.93533452351888,751573764.8798625,yahoo
AVGO,2023-05-15,63.1870002746582,64.00199890136719,62.84700012207031,63.97999954223633,61.612369537353516,14614000,0.0,0.0,63.609666188557945,929591661.6795858,yahoo
AVGO,2023-05-16,64.0459976196289,64.69100189208984,63.87300109863281,64.14399719238281,61.77029800415039,14967000,0.0,0.0,64.23600006103516,961420212.9135132,yahoo
AVGO,2023-05-17,64.73500061035156,66.08999633789062,64.45800018310547,65.74700164794922,63.31398010253906,24133000,0.0,0.0,65.43166605631511,1579062396.9370525,yahoo
AVGO,2023-05-18,65.5999984741211,67.93599700927734,65.5999984741211,67.79000091552734,65.28137969970703,26389000,0.0,0.0,67.1086654663086,1770930572.9904175,yahoo
AVGO,2023-05-19,68.0,68.49500274658203,67.84100341796875,68.2249984741211,65.70028686523438,22968000,0.0,0.0,68.18700154622395,1566119051.5136719,yahoo
AVGO,2023-05-22,68.13999938964844,68.46800231933594,67.41200256347656,67.83699798583984,65.3266372680664,17796000,0.0,0.0,67.90566762288411,1208449261.0168457,yahoo
AVGO,2023-05-23,69.06400299072266,69.89900207519531,68.2020034790039,68.6500015258789,66.10956573486328,36088000,0.0,0.0,68.91700236002605,2487076781.16862,yahoo
AVGO,2023-05-24,68.14399719238281,68.43099975585938,67.60600280761719,67.9530029296875,65.4383544921875,23021000,0.0,0.0,67.99666849772136,1565351305.4860435,yahoo
AVGO,2023-05-25,69.94100189208984,73.23899841308594,69.0770034790039,72.87999725341797,70.18301391601562,49263000,0.0,0.0,71.73199971516927,3533733501.968384,yahoo
AVGO,2023-05-26,74.74299621582031,81.49800109863281,74.7020034790039,81.27300262451172,78.26544189453125,82500000,0.0,0.0,79.15766906738281,6530507698.059082,yahoo
AVGO,2023-05-30,83.51200103759766,92.1780014038086,79.88099670410156,80.33399963378906,77.36119079589844,116912000,0.0,0.0,84.13099924723308,9835923383.992514,yahoo
AVGO,2023-05-31,79.48999786376953,82.16699981689453,79.01300048828125,80.7959976196289,77.80608367919922,89998000,0.0,0.0,80.65866597493489,7259118620.41219,yahoo
AVGO,2023-06-01,80.06199645996094,80.5790023803711,78.51599884033203,78.99500274658203,76.07173919677734,80792000,0.0,0.0,79.36333465576172,6411922533.508301,yahoo
AVGO,2023-06-02,79.06400299072266,82.37699890136719,78.72000122070312,81.19999694824219,78.19512939453125,62815000,0.0,0.0,80.76566569010417,5073295290.323894,yahoo
AVGO,2023-06-05,80.91999816894531,80.91999816894531,79.447998046875,80.2300033569336,77.26101684570312,26222000,0.0,0.0,80.19933319091797,2102986914.932251,yahoo
AVGO,2023-06-06,80.19999694824219,80.19999694824219,77.63800048828125,79.0,76.07654571533203,37823000,0.0,0.0,78.94599914550781,2985974525.680542,yahoo
AVGO,2023-06-07,78.98200225830078,80.54499816894531,78.7509994506836,79.26300048828125,76.32980346679688,28957000,0.0,0.0,79.51966603597005,2302650969.4035845,yahoo
AVGO,2023-06-08,79.49099731445312,80.5009994506836,78.87799835205078,80.41999816894531,77.4439926147461,21909000,0.0,0.0,79.93299865722656,1751252067.5811768,yahoo
AVGO,2023-06-09,80.58000183105469,81.7750015258789,80.38800048828125,80.46199798583984,77.48443603515625,19241000,0.0,0.0,80.875,1556115875.0,yahoo
AVGO,2023-06-12,81.11199951171875,85.80000305175781,81.11199951171875,85.53600311279297,82.37067413330078,51065000,0.0,0.0,84.14933522542317,4297085803.286234,yahoo
AVGO,2023-06-13,86.11299896240234,86.32599639892578,84.0999984741211,85.11199951171875,81.96237182617188,38990000,0.0,0.0,85.17933146158855,3321142133.6873374,yahoo
AVGO,2023-06-14,85.58999633789062,88.85399627685547,84.72200012207031,88.61799621582031,85.33861541748047,43524000,0.0,0.0,87.3979975382487,3803910444.8547363,yahoo
AVGO,2023-06-15,88.44100189208984,88.7969970703125,87.10199737548828,88.34300231933594,85.07380676269531,33814000,0.0,0.0,88.0806655883789,2978359626.2054443,yahoo
AVGO,2023-06-16,88.9280014038086,88.99500274658203,86.54499816894531,86.81099700927734,83.59848022460938,68299000,0.0,0.0,87.45033264160156,5972770269.088745,yahoo
AVGO,2023-06-20,86.26599884033203,87.70700073242188,86.10099792480469,86.8030014038086,83.59080505371094,27535000,0.0,0.0,86.87033335367839,2391974628.8935347,yahoo
AVGO,2023-06-21,86.0,86.5999984741211,84.45999908447266,84.76599884033203,82.06405639648438,23229000,0.46,0.0,85.27533213297527,1980860690.1168823,yahoo
AVGO,2023-06-22,84.50900268554688,84.89099884033203,83.53099822998047,84.24299621582031,81.5577163696289,23464000,0.0,0.0,84.22166442871094,1976177134.1552734,yahoo
AVGO,2023-06-23,83.4010009765625,83.60199737548828,81.88500213623047,82.21499633789062,79.5943603515625,37413000,0.0,0.0,82.5673319498698,3089091590.2404785,yahoo
AVGO,2023-06-26,82.5,83.69999694824219,82.02200317382812,82.16300201416016,79.54403686523438,21372000,0.0,0.0,82.62833404541016,1765932755.2185059,yahoo
AVGO,2023-06-27,82.86799621582031,85.0,82.0999984741211,84.83999633789062,82.13569641113281,24923000,0.0,0.0,83.97999827067058,2093033496.8999228,yahoo
AVGO,2023-06-28,83.87300109863281,85.85299682617188,83.70600128173828,84.79399871826172,82.09117126464844,19445000,0.0,0.0,84.78433227539062,1648631341.0949707,yahoo
AVGO,2023-06-29,85.44499969482422,86.28399658203125,84.64099884033203,86.25700378417969,83.50753021240234,23386000,0.0,0.0,85.72733306884766,2004819411.1480713,yahoo
AVGO,2023-06-30,86.85199737548828,87.45700073242188,86.43299865722656,86.74299621582031,83.97803497314453,23145000,0.0,0.0,86.87766520182292,2010783561.0961914,yahoo
AVGO,2023-07-03,86.86199951171875,87.6729965209961,86.49199676513672,87.64399719238281,84.85031127929688,9038000,0.0,0.0,87.26966349283855,788743218.6482748,yahoo
AVGO,2023-07-05,86.73999786376953,87.69000244140625,86.17500305175781,86.18599700927734,83.43878936767578,14440000,0.0,0.0,86.6836675008138,1251712158.7117512,yahoo
AVGO,2023-07-06,84.5,85.38999938964844,84.43299865722656,84.80000305175781,82.09696960449219,23939000,0.0,0.0,84.87433369954427,2031806674.4333901,yahoo
AVGO,2023-07-07,85.04299926757812,85.79900360107422,84.46600341796875,84.67500305175781,81.9759521484375,19409000,0.0,0.0,84.9800033569336,1649376885.1547241,yahoo
AVGO,2023-07-10,84.8280029296875,87.91699981689453,84.8280029296875,87.77300262451172,84.97521209716797,30622000,0.0,0.0,86.83933512369792,2659194120.157878,yahoo
AVGO,2023-07-11,88.11100006103516,88.30000305175781,86.46299743652344,88.20500183105469,85.39344024658203,25498000,0.0,0.0,87.65600077311198,2235052707.7128096,yahoo
AVGO,2023-07-12,88.9000015258789,89.75900268554688,88.19999694824219,88.99500274658203,86.15825653076172,28197000,0.0,0.0,88.9846674601237,2509100668.373108,yahoo
AVGO,2023-07-13,89.89399719238281,89.89399719238281,87.8270034790039,89.03600311279297,86.19794464111328,25912000,0.0,0.0,88.91900126139323,2304069160.6852217,yahoo
AVGO,2023-07-14,88.61599731445312,90.33499908447266,88.61599731445312,88.85800170898438,86.02561950683594,18510000,0.0,0.0,89.26966603597005,1652381518.3258057,yahoo
AVGO,2023-07-17,89.10099792480469,91.32099914550781,88.97799682617188,91.03500366210938,88.13323974609375,26819000,0.0,0.0,90.44466654459636,2425635512.05953,yahoo
AVGO,2023-07-18,90.5979995727539,90.98999786376953,89.82599639892578,90.34300231933594,87.46328735351562,24513000,0.0,0.0,90.38633219401042,2215640161.0717773,yahoo
AVGO,2023-07-19,89.72699737548828,90.59700012207031,88.56300354003906,90.13700103759766,87.26386260986328,24118000,0.0,0.0,89.76566823323567,2164968386.4491777,yahoo
AVGO,2023-07-20,89.25399780273438,90.69999694824219,88.5999984741211,88.83399963378906,86.00238037109375,28268000,0.0,0.0,89.37799835205078,2526537257.4157715,yahoo
AVGO,2023-07-21,90.4489974975586,91.11499786376953,89.38300323486328,89.67500305175781,86.81657409667969,74287000,0.0,0.0,90.0576680501302,6690113986.440022,yahoo
AVGO,2023-07-24,90.08000183105469,90.54399871826172,89.4229965209961,90.15899658203125,87.28514099121094,19992000,0.0,0.0,90.04199727376302,1800119609.4970703,yahoo
AVGO,2023-07-25,90.06199645996094,92.31800079345703,90.06199645996094,91.79900360107422,88.87287902832031,20042000,0.0,0.0,91.39300028483073,1831698511.7085776,yahoo
AVGO,2023-07-26,90.9000015258789,91.06199645996094,88.76499938964844,89.30899810791016,86.46224975585938,19877000,0.0,0.0,89.71199798583984,1783205383.9645386,yahoo
AVGO,2023-07-27,90.8499984741211,90.98500061035156,88.5999984741211,89.35299682617188,86.50483703613281,21922000,0.0,0.0,89.64599863688152,1965219582.1177166,yahoo
AVGO,2023-07-28,89.93199920654297,90.35600280761719,89.3949966430664,89.97899627685547,87.11088562011719,18791000,0.0,0.0,89.90999857584636,1689498783.238729,yahoo
AVGO,2023-07-31,89.75,90.0999984741211,89.0999984741211,89.86499786376953,87.0005111694336,14952000,0.0,0.0,89.6883316040039,1341019934.1430664,yahoo
AVGO,2023-08-01,89.89800262451172,92.06199645996094,89.7699966430664,92.0,89.06745910644531,19683000,0.0,0.0,91.27733103434245,1796611706.7489624,yahoo
AVGO,2023-08-02,91.2300033569336,91.30000305175781,89.02899932861328,89.2300033569336,86.38574981689453,26877000,0.0,0.0,89.85300191243489,2414979132.4005127,yahoo
AVGO,2023-08-03,88.66200256347656,89.53299713134766,88.10800170898438,88.49800109863281,85.67709350585938,18281000,0.0,0.0,88.71299997965495,1621762352.6280723,yahoo
AVGO,2023-08-04,88.49800109863281,89.36199951171875,87.33699798583984,88.16500091552734,85.35470581054688,21156000,0.0,0.0,88.28799947102864,1867820916.809082,yahoo
AVGO,2023-08-07,88.76799774169922,89.73699951171875,88.5270004272461,89.70600128173828,86.84659576416016,11146000,0.0,0.0,89.32333374023438,995597877.8686523,yahoo
AVGO,2023-08-08,89.00900268554688,89.05999755859375,87.33999633789062,88.31600189208984,85.50091552734375,14081000,0.0,0.0,88.23866526285808,1242488645.5663047,yahoo
AVGO,2023-08-09,88.27200317382812,88.35299682617188,84.87200164794922,85.072998046875,82.36126708984375,24672000,0.0,0.0,86.09933217366536,2124242723.3886719,yahoo
AVGO,2023-08-10,85.31199645996094,86.1500015258789,83.70700073242188,84.29000091552734,81.60321807861328,20186000,0.0,0.0,84.71566772460938,1710070468.6889648,yahoo
AVGO,2023-08-11,83.4010009765625,83.63999938964844,82.3479995727539,82.97599792480469,80.33112335205078,20331000,0.0,0.0,82.98799896240234,1687229006.904602,yahoo
AVGO,2023-08-14,83.11299896240234,85.41799926757812,82.73799896240234,85.41000366210938,82.6875228881836,17688000,0.0,0.0,84.52200063069661,1495025147.1557617,yahoo
AVGO,2023-08-15,84.9209976196289,85.46199798583984,83.64600372314453,84.25199890136719,81.56645202636719,14035000,0.0,0.0,84.45333353678386,1185302536.1887615,yahoo
AVGO,2023-08-16,84.77899932861328,85.44999694824219,83.19599914550781,83.29900360107422,80.6438217163086,16003000,0.0,0.0,83.9816665649414,1343958610.0387573,yahoo
AVGO,2023-08-17,83.6510009765625,83.94200134277344,82.70099639892578,82.70999908447266,80.07359313964844,19228000,0.0,0.0,83.11766560872395,1598186474.3245442,yahoo
AVGO,2023-08-18,82.0,82.81700134277344,81.19999694824219,82.58399963378906,79.95160675048828,17759000,0.0,0.0,82.20033264160156,1459795707.3822021,yahoo
AVGO,2023-08-21,83.40599822998047,86.73400115966797,83.177001953125,86.51399993896484,83.75634002685547,30012000,0.0,0.0,85.47500101725261,2565275730.529785,yahoo
AVGO,2023-08-22,87.34100341796875,87.4749984741211,85.08799743652344,85.5790023803711,82.85114288330078,17079000,0.0,0.0,86.04733276367188,1469602396.270752,yahoo
AVGO,2023-08-23,85.0770034790039,87.81900024414062,85.0,87.65799713134766,84.86387634277344,19692000,0.0,0.0,86.82566579182942,1709771010.772705,yahoo
AVGO,2023-08-24,90.23500061035156,90.98600006103516,85.24600219726562,85.44599914550781,82.72238159179688,30934000,0.0,0.0,87.2260004679362,2698249098.4751387,yahoo
AVGO,2023-08-25,85.7020034790039,86.94400024414062,83.76699829101562,85.18199920654297,82.466796875,24181000,0.0,0.0,85.29766591389973,2062582859.4640095,yahoo
AVGO,2023-08-28,85.63899993896484,86.41300201416016,84.71099853515625,86.10800170898438,83.36328125,14306000,0.0,0.0,85.74400075276692,1226653674.7690835,yahoo
AVGO,2023-08-29,85.83999633789062,89.28399658203125,85.64199829101562,88.99299621582031,86.15631103515625,27822000,0.0,0.0,87.97299702962239,2447584723.3581543,yahoo
AVGO,2023-08-30,89.23899841308594,89.87100219726562,87.91100311279297,89.22799682617188,86.38382720947266,23234000,0.0,0.0,89.00333404541016,2067903463.2110596,yahoo
AVGO,2023-08-31,89.8010025024414,92.36699676513672,89.37699890136719,92.28900146484375,89.34725952148438,55203000,0.0,0.0,91.34433237711589,5042481180.213928,yahoo
AVGO,2023-09-01,90.18699645996094,90.18699645996094,86.46600341796875,87.25199890136719,84.47081756591797,65017000,0.0,0.0,87.9683329264323,5719437101.877849,yahoo
AVGO,2023-09-05,86.95099639892578,88.30000305175781,86.69999694824219,87.21700286865234,84.43692779541016,24808000,0.0,0.0,87.40566762288411,2168359802.388509,yahoo
AVGO,2023-09-06,87.25,87.73699951171875,86.67400360107422,87.22699737548828,84.44660949707031,20142000,0.0,0.0,87.21266682942708,1756637535.2783203,yahoo
AVGO,2023-09-07,85.94999694824219,86.16899871826172,84.052001953125,85.7030029296875,82.97119140625,27789000,0.0,0.0,85.30800120035808,2370624045.3567505,yahoo
AVGO,2023-09-08,85.5,86.08300018310547,85.01200103759766,85.75499725341797,83.02153015136719,16810000,0.0,0.0,85.61666615804036,1439216158.1166584,yahoo
AVGO,2023-09-11,86.87699890136719,86.9000015258789,84.56500244140625,85.91400146484375,83.17546081542969,15710000,0.0,0.0,85.79300181070964,1347808058.4462485,yahoo
AVGO,2023-09-12,85.02400207519531,85.8270034790039,84.16600036621094,84.4520034790039,81.76006317138672,16680000,0.0,0.0,84.81500244140625,1414714240.7226562,yahoo
AVGO,2023-09-13,84.71900177001953,85.91100311279297,84.42400360107422,85.29299926757812,82.5742416381836,17413000,0.0,0.0,85.20933532714844,1483750156.0516357,yahoo
AVGO,2023-09-14,85.90299987792969,87.66699981689453,85.5,87.16400146484375,84.3856201171875,19648000,0.0,0.0,86.7770004272461,1704994504.3945312,yahoo
AVGO,2023-09-15,86.81600189208984,86.81600189208984,84.29000091552734,85.16799926757812,82.45323181152344,50190000,0.0,0.0,85.42466735839844,4287464054.7180176,yahoo
AVGO,2023-09-18,84.25800323486328,85.63300323486328,84.0,85.0,82.29060363769531,16541000,0.0,0.0,84.87766774495442,1403961502.169291,yahoo
AVGO,2023-09-19,84.5989990234375,85.10299682617188,83.8499984741211,84.91999816894531,82.21314239501953,13126000,0.0,0.0,84.62433115641277,1110778970.759074,yahoo
AVGO,2023-09-20,84.9990005493164,84.9990005493164,83.03500366210938,83.05699920654297,80.84747314453125,13681000,0.46,0.0,83.69700113932292,1145058672.587077,yahoo
AVGO,2023-09-21,79.51100158691406,82.25,79.50900268554688,80.83599853515625,78.68553161621094,53654000,0.0,0.0,80.86500040690105,4338730731.831869,yahoo
AVGO,2023-09-22,81.1240005493164,83.05799865722656,81.03800201416016,82.90799713134766,80.70243072509766,27764000,0.0,0.0,82.3346659342448,2285939664.9983726,yahoo
AVGO,2023-09-25,82.80000305175781,83.85600280761719,82.3010025024414,83.38899993896484,81.17063903808594,15648000,0.0,0.0,83.18200174967448,1301631963.3789062,yahoo
AVGO,2023-09-26,82.91699981689453,83.0270004272461,81.12100219726562,81.61900329589844,79.4477310180664,17641000,0.0,0.0,81.92233530680339,1445191917.1473186,yahoo
AVGO,2023-09-27,81.9260025024414,82.36799621582031,80.43800354003906,81.68099975585938,79.50807189941406,15352000,0.0,0.0,81.49566650390625,1251121472.1679688,yahoo
AVGO,2023-09-28,82.01699829101562,83.88600158691406,81.46800231933594,83.19999694824219,80.98666381835938,16180000,0.0,0.0,82.85133361816406,1340534577.9418945,yahoo
AVGO,2023-09-29,83.6449966430664,84.40399932861328,82.29100036621094,83.05799865722656,80.84843444824219,16481000,0.0,0.0,83.2509994506836,1372059721.9467163,yahoo
AVGO,2023-10-02,82.90599822998047,83.85600280761719,82.3499984741211,83.49500274658203,81.27381134033203,14676000,0.0,0.0,83.23366800944011,1221537311.706543,yahoo
AVGO,2023-10-03,82.69999694824219,83.57499694824219,80.89099884033203,81.48300170898438,79.3153305053711,18761000,0.0,0.0,81.98299916585286,1538083047.3505654,yahoo
AVGO,2023-10-04,82.03299713134766,83.05799865722656,81.62999725341797,82.38099670410156,80.18946075439453,16417000,0.0,0.0,82.35633087158203,1352043883.9187622,yahoo
AVGO,2023-10-05,82.01100158691406,82.86299896240234,81.5479965209961,82.38600158691406,80.19432830810547,11474000,0.0,0.0,82.26566569010417,943916248.1282552,yahoo
AVGO,2023-10-06,81.94000244140625,84.83899688720703,81.1719970703125,84.5260009765625,82.27738952636719,21103000,0.0,0.0,83.51233164469402,1762360734.6979778,yahoo
AVGO,2023-10-09,84.0459976196289,85.66100311279297,83.78299713134766,85.58799743652344,83.31114196777344,15760000,0.0,0.0,85.01066589355469,1339768094.4824219,yahoo
AVGO,2023-10-10,85.71499633789062,87.25499725341797,85.5719985961914,85.84100341796875,83.55741119384766,14718000,0.0,0.0,86.22266642252605,1269025204.4067383,yahoo
AVGO,2023-10-11,85.97100067138672,87.53399658203125,85.65499877929688,87.45600128173828,85.12944030761719,14334000,0.0,0.0,86.8816655476888,1245361793.9605713,yahoo
AVGO,2023-10-12,87.64299774169922,91.79299926757812,87.64299774169922,90.55999755859375,88.15087890625,43871000,0.0,0.0,89.99866485595703,3948331425.895691,yahoo
AVGO,2023-10-13,90.9000015258789,92.59100341796875,88.20899963378906,88.31800079345703,85.96852111816406,28312000,0.0,0.0,89.70600128173828,2539756308.288574,yahoo
AVGO,2023-10-16,89.09700012207031,91.5790023803711,89.09700012207031,90.25700378417969,87.85594177246094,21150000,0.0,0.0,90.31100209554036,1910077694.3206787,yahoo
AVGO,2023-10-17,88.51499938964844,89.2979965209961,86.5999984741211,88.44000244140625,86.0872802734375,33008000,0.0,0.0,88.11266581217448,2908422873.1282554,yahoo
AVGO,2023-10-18,87.99500274658203,89.56300354003906,87.5199966430664,88.7030029296875,86.34326934814453,20404000,0.0,0.0,88.59533437093098,1807699202.5044758,yahoo
AVGO,2023-10-19,88.7020034790039,88.9489974975586,86.56700134277344,86.78299713134766,84.47434997558594,26620000,0.0,0.0,87.43299865722656,2327466424.255371,yahoo
AVGO,2023-10-20,87.48999786376953,87.48999786376953,85.18399810791016,85.36299896240234,83.09213256835938,26953000,0.0,0.0,86.01233164469402,2318290374.819438,yahoo
AVGO,2023-10-23,85.7959976196289,87.36000061035156,84.28199768066406,86.22200012207031,83.92826843261719,16456000,0.0,0.0,85.95466613769531,1414469985.961914,yahoo
AVGO,2023-10-24,86.4000015258789,88.30000305175781,86.31199645996094,88.11100006103516,85.76702880859375,14972000,0.0,0.0,87.57433319091797,1311162916.5344238,yahoo
AVGO,2023-10-25,87.70700073242188,87.87300109863281,84.60800170898438,84.96299743652344,82.7027587890625,21432000,0.0,0.0,85.81466674804688,1839179937.7441406,yahoo
AVGO,2023-10-26,84.79100036621094,85.44200134277344,81.83399963378906,82.67500305175781,80.47563171386719,27917000,0.0,0.0,83.31700134277344,2325960726.486206,yahoo
AVGO,2023-10-27,83.0,84.02100372314453,82.85399627685547,83.83599853515625,81.60574340820312,18236000,0.0,0.0,83.57033284505208,1523988589.7623696,yahoo
AVGO,2023-10-30,84.11000061035156,84.94300079345703,82.71499633789062,84.125,81.88705444335938,20889000,0.0,0.0,83.92766571044922,1753165009.0255737,yahoo
AVGO,2023-10-31,84.38899993896484,84.55000305175781,83.26000213623047,84.13700103759766,81.89874267578125,14747000,0.0,0.0,83.98233540852864,1238487500.2695718,yahoo
AVGO,2023-11-01,84.19999694824219,85.38300323486328,83.55699920654297,85.29399871826172,83.02495574951172,18684000,0.0,0.0,84.74466705322266,1583369359.222412,yahoo
AVGO,2023-11-02,86.19999694824219,88.05000305175781,86.0,87.12999725341797,84.81211853027344,18759000,0.0,0.0,87.06000010172527,1633158541.9082642,yahoo
AVGO,2023-11-03,87.75,88.75,87.10600280761719,88.26799774169922,85.91983795166016,18041000,0.0,0.0,88.0413335164388,1588353697.9700723,yahoo
AVGO,2023-11-06,88.15599822998047,88.58899688720703,87.12100219726562,88.08300018310547,85.7397689819336,12870000,0.0,0.0,87.93099975585938,1131671966.8579102,yahoo
AVGO,2023-11-07,88.23200225830078,90.177001953125,87.61599731445312,89.78199768066406,87.39356994628906,19365000,0.0,0.0,89.19166564941406,1727196605.3009033,yahoo
AVGO,2023-11-08,90.0,91.29100036621094,89.9000015258789,91.11299896240234,88.68916320800781,15280000,0.0,0.0,90.76800028483073,1386935044.3522136,yahoo
AVGO,2023-11-09,91.25,92.9800033569336,90.85600280761719,91.13800048828125,88.71348571777344,24486000,0.0,0.0,91.65800221761067,2244337842.300415,yahoo
AVGO,2023-11-10,92.17400360107422,95.8949966430664,91.82099914550781,95.75199890136719,93.20475006103516,36272000,0.0,0.0,94.4893315633138,3427317034.464518,yahoo
AVGO,2023-11-13,95.00499725341797,95.23999786376953,94.0479965209961,94.69300079345703,92.17391204833984,16893000,0.0,0.0,94.66033172607422,1599096983.8485718,yahoo
AVGO,2023-11-14,96.23400115966797,97.677001953125,95.5250015258789,97.2959976196289,94.70767211914062,23886000,0.0,0.0,96.83266703287761,2312945084.7473145,yahoo
AVGO,2023-11-15,97.95099639892578,98.17500305175781,96.69100189208984,97.54000091552734,94.94518280029297,16099000,0.0,0.0,97.46866861979167,1569148096.1100261,yahoo
AVGO,2023-11-16,96.4000015258789,96.87000274658203,95.052001953125,95.95500183105469,93.40234375,26198000,0.0,0.0,95.95900217692058,2513933939.0309653,yahoo
AVGO,2023-11-17,95.82099914550781,98.38899993896484,95.0999984741211,97.77300262451172,95.17198944091797,19789000,0.0,0.0,97.08733367919922,1921261246.1776733,yahoo
AVGO,2023-11-20,97.30000305175781,99.98699951171875,97.30000305175781,99.57099914550781,96.92215728759766,18674000,0.0,0.0,98.95266723632812,1847842107.9711914,yahoo
AVGO,2023-11-21,97.5,99.0999984741211,97.16300201416016,98.12000274658203,95.50975799560547,43344000,0.0,0.0,98.12766774495442,4253245630.7373047,yahoo
AVGO,2023-11-22,98.36900329589844,98.79900360107422,97.0999984741211,97.19999694824219,94.61421966552734,33743000,0.0,0.0,97.69966634114583,3296679841.3492837,yahoo
AVGO,2023-11-24,97.49600219726562,97.98600006103516,96.67500305175781,97.88700103759766,95.28294372558594,23158000,0.0,0.0,97.51600138346355,2258275560.038249,yahoo
AVGO,2023-11-27,97.61499786376953,98.10099792480469,94.93299865722656,95.02400207519531,92.49610137939453,96962000,0.0,0.0,96.01933288574219,9310226555.267334,yahoo
AVGO,2023-11-28,93.99400329589844,95.08599853515625,93.41600036621094,94.63500213623047,92.11746978759766,39025000,0.0,0.0,94.37900034586589,3683140488.4974165,yahoo
AVGO,2023-11-29,94.83399963378906,95.94300079345703,93.93699645996094,94.08300018310547,91.58015441894531,34843000,0.0,0.0,94.65433247884114,3298040906.5602617,yahoo
AVGO,2023-11-30,94.0999984741211,94.24199676513672,91.83699798583984,92.572998046875,90.11031341552734,49571000,0.0,0.0,92.88399759928386,4604352644.994101,yahoo
AVGO,2023-12-01,92.24600219726562,93.38999938964844,90.80000305175781,93.0,90.52595520019531,29612000,0.0,0.0,92.39666748046875,2736050117.4316406,yahoo
AVGO,2023-12-04,92.06400299072266,93.09700012207031,91.64399719238281,92.39700317382812,89.93900299072266,25009000,0.0,0.0,92.37933349609375,2310314751.4038086,yahoo
AVGO,2023-12-05,91.16000366210938,91.72699737548828,90.58499908447266,91.31199645996094,88.88285827636719,37066000,0.0,0.0,91.20799763997395,3380715640.5232744,yahoo
AVGO,2023-12-06,92.03600311279297,92.09700012207031,90.30999755859375,90.36399841308594,87.96009826660156,24813000,0.0,0.0,90.92366536458333,2256088908.6914062,yahoo
AVGO,2023-12-07,90.55400085449219,92.41200256347656,90.36399841308594,92.22599792480469,89.77255249023438,43517000,0.0,0.0,91.66733296712239,3989087328.730265,yahoo
AVGO,2023-12-08,92.78399658203125,95.072998046875,91.0530014038086,94.43000030517578,91.91791534423828,69668000,0.0,0.0,93.51866658528645,6515258463.663736,yahoo
AVGO,2023-12-11,95.70099639892578,103.95099639892578,95.60900115966797,102.92400360107422,100.18595886230469,101184000,0.0,0.0,100.82800038655598,10202180391.113281,yahoo
AVGO,2023-12-12,102.79900360107422,107.93900299072266,102.45800018310547,107.22799682617188,104.37545776367188,90242000,0.0,0.0,105.875,9554371750.0,yahoo
AVGO,2023-12-13,106.80000305175781,109.97799682617188,106.25399780273438,108.96900177001953,106.07015228271484,71654000,0.0,0.0,108.40033213297527,7767317398.65621,yahoo
AVGO,2023-12-14,109.21800231933594,112.14600372314453,109.02799987792969,110.64900207519531,107.70545959472656,66964000,0.0,0.0,110.60766855875652,7406731917.368571,yahoo
AVGO,2023-12-15,109.52200317382812,114.98799896240234,109.46199798583984,112.9739990234375,109.96859741210938,118544000,0.0,0.0,112.47466532389323,13333196726.1556,yahoo
AVGO,2023-12-18,112.08000183105469,115.18199920654297,111.86399841308594,114.69999694824219,111.64867401123047,54741000,0.0,0.0,113.9153315226237,6235839162.879944,yahoo
AVGO,2023-12-19,114.19999694824219,115.0459976196289,113.2509994506836,113.95800018310547,111.43649291992188,36020000,0.525,0.0,114.08499908447266,4109341667.022705,yahoo
AVGO,2023-12-20,113.2699966430664,114.13600158691406,110.9260025024414,111.03800201416016,108.58110046386719,34523000,0.0,0.0,112.03333536783855,3867726836.90389,yahoo
AVGO,2023-12-21,113.26499938964844,113.54199981689453,111.5,112.72899627685547,110.23467254638672,24106000,0.0,0.0,112.59033203125,2714102543.9453125,yahoo
AVGO,2023-12-22,112.7979965209961,113.19999694824219,111.35299682617188,112.197998046875,109.71542358398438,19089000,0.0,0.0,112.25033060709636,2142746560.9588623,yahoo
AVGO,2023-12-26,112.42400360107422,113.55000305175781,112.302001953125,113.18900299072266,110.68449401855469,16793000,0.0,0.0,113.01366933186848,1897838549.0900674,yahoo
AVGO,2023-12-27,113.5999984741211,113.95700073242188,112.2959976196289,112.61699676513672,110.12516021728516,20055000,0.0,0.0,112.9566650390625,2265345917.3583984,yahoo
AVGO,2023-12-28,113.16899871826172,113.2239990234375,111.90499877929688,112.24099731445312,109.75748443603516,21247000,0.0,0.0,112.4566650390625,2389366762.084961,yahoo
AVGO,2023-12-29,112.14600372314453,112.43800354003906,111.46700286865234,111.625,109.15511322021484,20558000,0.0,0.0,111.8433354695638,2299275290.5832925,yahoo
AVGO,2024-01-02,109.21199798583984,110.19999694824219,107.70899963378906,108.53800201416016,106.13640594482422,28831000,0.0,0.0,108.81566619873047,3137264472.175598,yahoo
AVGO,2024-01-03,107.0199966430664,107.5,105.53099822998047,105.85800170898438,103.51570892333984,34735000,0.0,0.0,106.29633331298828,3692203137.626648,yahoo
AVGO,2024-01-04,105.7959976196289,106.94999694824219,104.73699951171875,104.9010009765625,102.57988739013672,25658000,0.0,0.0,105.52933247884114,2707671612.742106,yahoo
AVGO,2024-01-05,105.16000366210938,105.5459976196289,104.1510009765625,104.9280014038086,102.6063003540039,22475000,0.0,0.0,104.875,2357065625.0,yahoo
AVGO,2024-01-08,105.6500015258789,107.80000305175781,105.19999694824219,107.48500061035156,105.10670471191406,33110000,0.0,0.0,106.82833353678386,3537086123.4029136,yahoo
AVGO,2024-01-09,106.56199645996094,108.8550033569336,106.47100067138672,108.2490005493164,105.85380554199219,23225000,0.0,0.0,107.85833485921223,2505009827.105204,yahoo
AVGO,2024-01-10,108.03500366210938,108.2959976196289,106.26000213623047,108.05699920654297,105.66605377197266,17643000,0.0,0.0,107.53766632080078,1897287046.8978882,yahoo
AVGO,2024-01-11,108.43199920654297,110.12999725341797,107.45099639892578,109.99800109863281,107.56411743164062,25757000,0.0,0.0,109.19299825032552,2812484055.9336343,yahoo
AVGO,2024-01-12,111.20999908447266,111.56900024414062,110.0009994506836,110.76799774169922,108.31707000732422,26882000,0.0,0.0,110.77933247884114,2977970015.6962075,yahoo
AVGO,2024-01-16,111.23400115966797,112.6240005493164,109.86299896240234,111.49600219726562,109.02896881103516,26145000,0.0,0.0,111.32766723632812,2910661859.893799,yahoo
AVGO,2024-01-17,110.62899780273438,111.31099700927734,109.02100372314453,110.36699676513672,107.92493438720703,18314000,0.0,0.0,110.23299916585286,2018807146.7234292,yahoo
AVGO,2024-01-18,112.48999786376953,114.65499877929688,112.18800354003906,114.39099884033203,111.85990142822266,32228000,0.0,0.0,113.74466705322266,3665763129.79126,yahoo
AVGO,2024-01-19,115.73100280761719,121.69999694824219,115.5999984741211,121.12000274658203,118.44001770019531,53077000,0.0,0.0,119.47333272298177,6341286080.937703,yahoo
AVGO,2024-01-22,121.625,123.13300323486328,120.8219985961914,122.05000305175781,119.34944152832031,31222000,0.0,0.0,122.00166829427083,3809136087.4837236,yahoo
AVGO,2024-01-23,122.0999984741211,122.697998046875,120.35199737548828,122.63099670410156,119.9175796508789,16952000,0.0,0.0,121.89366404215495,2066341392.8426108,yahoo
AVGO,2024-01-24,124.2300033569336,128.4550018310547,123.10099792480469,125.38700103759766,122.61259460449219,34805000,0.0,0.0,125.64766693115234,4373167047.538757,yahoo
AVGO,2024-01-25,128.10000610351562,128.10000610351562,122.87999725341797,123.0,120.27842712402344,36356000,0.0,0.0,124.66000111897786,4532139000.681559,yahoo
AVGO,2024-01-26,121.97000122070312,122.12100219726562,120.02300262451172,120.48799896240234,117.82200622558594,25818000,0.0,0.0,120.87733459472656,3120811024.5666504,yahoo
AVGO,2024-01-29,121.49099731445312,122.36699676513672,120.4990005493164,121.7770004272461,119.08247375488281,21526000,0.0,0.0,121.54766591389973,2616435056.4626055,yahoo
AVGO,2024-01-30,121.677001953125,122.80000305175781,120.42900085449219,120.81600189208984,118.14273834228516,20683000,0.0,0.0,121.34833526611328,2509847618.309021,yahoo
AVGO,2024-01-31,118.94499969482422,119.72200012207031,117.43099975585938,118.0,115.38904571533203,27400000,0.0,0.0,118.38433329264323,3243730732.218425,yahoo
AVGO,2024-02-01,118.73500061035156,120.30899810791016,117.91100311279297,120.0009994506836,117.34577178955078,19411000,0.0,0.0,119.40700022379558,2317809281.344096,yahoo
AVGO,2024-02-02,120.875,123.46900177001953,120.51499938964844,122.43399810791016,119.72493743896484,26689000,0.0,0.0,122.1393330891927,3259776660.817464,yahoo
AVGO,2024-02-05,122.69599914550781,124.7750015258789,122.21499633789062,124.30999755859375,121.5594253540039,22045000,0.0,0.0,123.76666514078777,2728436133.0286665,yahoo
AVGO,2024-02-06,126.35700225830078,127.21099853515625,121.19400024414062,122.26499938964844,119.55968475341797,25354000,0.0,0.0,123.55666605631511,3132655711.1918135,yahoo
AVGO,2024-02-07,123.4000015258789,125.95099639892578,122.66999816894531,125.70600128173828,122.92454528808594,25768000,0.0,0.0,124.77566528320312,3215219343.017578,yahoo
AVGO,2024-02-08,126.69999694824219,129.5970001220703,126.5009994506836,127.47599792480469,124.65538024902344,29326000,0.0,0.0,127.85799916585286,3749563683.537801,yahoo
AVGO,2024-02-09,125.2030029296875,128.5749969482422,124.89900207519531,128.343994140625,125.50415802001953,26293000,0.0,0.0,127.27266438802083,3346380164.7542315,yahoo
AVGO,2024-02-12,129.00100708007812,129.0070037841797,125.9000015258789,126.5,123.70097351074219,24778000,0.0,0.0,127.1356684366862,3150167592.524211,yahoo
AVGO,2024-02-13,123.51200103759766,125.58699798583984,122.70899963378906,125.16500091552734,122.39551544189453,31907000,0.0,0.0,124.48699951171875,3972006693.42041,yahoo
AVGO,2024-02-14,126.92400360107422,127.30000305175781,124.13200378417969,126.22200012207031,123.42912292480469,27306000,0.0,0.0,125.88466898600261,3437406771.331787,yahoo
AVGO,2024-02-15,127.99500274658203,128.0,124.48500061035156,126.50700378417969,123.70782470703125,21873000,0.0,0.0,126.33066813151042,2763230704.0405273,yahoo
AVGO,2024-02-16,125.90399932861328,127.56800079345703,124.23899841308594,124.5479965209961,121.79215240478516,21268000,0.0,0.0,125.45166524251302,2668106016.3777666,yahoo
AVGO,2024-02-20,123.58599853515625,123.77200317382812,121.25599670410156,122.65499877929688,119.9410400390625,26329000,0.0,0.0,122.56099955240886,3226908557.215373,yahoo
AVGO,2024-02-21,121.80000305175781,122.80500030517578,120.26399993896484,122.74500274658203,120.02906036376953,20579000,0.0,0.0,121.93800099690755,2509362122.5153604,yahoo
AVGO,2024-02-22,128.17100524902344,131.09800720214844,127.64700317382812,130.49000549316406,127.60269165039062,40819000,0.0,0.0,129.74500528971353,5296061370.920816,yahoo
AVGO,2024-02-23,130.83700561523438,131.96200561523438,128.8820037841797,129.63699340820312,126.76854705810547,23115000,0.0,0.0,130.16033426920572,3008656126.6326904,yahoo
AVGO,2024-02-26,131.0,131.87899780273438,130.14599609375,130.91299438476562,128.0163116455078,16282000,0.0,0.0,130.97932942708334,2132605441.731771,yahoo
AVGO,2024-02-27,130.91299438476562,131.19400024414062,129.2220001220703,129.6230010986328,126.75486755371094,12126000,0.0,0.0,130.01300048828125,1576537643.9208984,yahoo
AVGO,2024-02-28,129.3000030517578,129.8520050048828,128.2969970703125,128.94200134277344,126.08894348144531,10967000,0.0,0.0,129.03033447265625,1415075678.161621,yahoo
AVGO,2024-02-29,130.33099365234375,130.83999633789062,128.72799682617188,130.0489959716797,127.17144012451172,27536000,0.0,0.0,129.87232971191406,3576164470.9472656,yahoo
AVGO,2024-03-01,132.59300231933594,140.7760009765625,132.0,139.91700744628906,136.82110595703125,44488000,0.0,0.0,137.56433614095053,6119962186.238607,yahoo
AVGO,2024-03-04,140.31500244140625,143.81700134277344,138.5189971923828,140.2259979248047,137.12327575683594,34854000,0.0,0.0,140.85399881998697,4909325274.871826,yahoo
AVGO,2024-03-05,139.5,139.5,133.23699951171875,134.27499389648438,131.30392456054688,36040000,0.0,0.0,135.67066446940103,4889570747.477213,yahoo
AVGO,2024-03-06,139.1580047607422,139.48300170898438,134.70599365234375,135.0,132.0128936767578,43196000,0.0,0.0,136.39633178710938,5891775947.875977,yahoo
AVGO,2024-03-07,138.19900512695312,141.43099975585938,137.28900146484375,140.7010040283203,137.58775329589844,62832000,0.0,0.0,139.80700174967447,8784353533.935547,yahoo
AVGO,2024-03-08,139.4250030517578,141.3000030517578,130.1580047607422,130.8719940185547,127.97624206542969,74025000,0.0,0.0,134.11000061035156,9927492795.181274,yahoo
AVGO,2024-03-11,127.79299926757812,129.90199279785156,125.25599670410156,129.31199645996094,126.45074462890625,31105000,0.0,0.0,128.1566619873047,3986312971.1151123,yahoo
AVGO,2024-03-12,130.6999969482422,130.7790069580078,125.9280014038086,129.18800354003906,126.32949829101562,42789000,0.0,0.0,128.6316706339518,5504020554.756165,yahoo
AVGO,2024-03-13,128.28799438476562,128.28799438476562,125.23600006103516,125.78700256347656,123.0037612915039,37838000,0.0,0.0,126.43699900309245,4784123168.279013,yahoo
AVGO,2024-03-14,126.25399780273438,127.31300354003906,124.77100372314453,126.22699737548828,123.43401336669922,38029000,0.0,0.0,126.10366821289062,4795596398.468018,yahoo
AVGO,2024-03-15,125.34600067138672,126.73699951171875,123.00700378417969,123.55000305175781,120.81625366210938,88823000,0.0,0.0,124.43133544921875,11052364508.605957,yahoo
AVGO,2024-03-18,125.39800262451172,126.28800201416016,123.16999816894531,123.7239990234375,120.98638916015625,25737000,0.0,0.0,124.39399973551433,3201528371.192932,yahoo
AVGO,2024-03-19,121.69499969482422,124.0270004272461,120.4020004272461,123.8010025024414,121.06168365478516,24491000,0.0,0.0,122.7433344523112,3006107004.0715537,yahoo
AVGO,2024-03-20,123.9020004272461,128.7989959716797,122.65899658203125,127.5999984741211,125.30802154541016,40946000,0.525,0.0,126.35266367594402,5173636166.875204,yahoo
AVGO,2024-03-21,132.83200073242188,140.36099243164062,131.60000610351562,134.8000030517578,132.37872314453125,72468000,0.0,0.0,135.58700052897134,9825718754.333496,yahoo
AVGO,2024-03-22,135.0,137.6219940185547,134.61500549316406,135.3470001220703,132.91586303710938,38624000,0.0,0.0,135.86133321126303,5247508133.951823,yahoo
AVGO,2024-03-25,134.5030059814453,135.843994140625,133.7469940185547,135.1580047607422,132.73025512695312,21237000,0.0,0.0,134.91633097330728,2865218120.880127,yahoo
AVGO,2024-03-26,136.468994140625,137.99400329589844,133.05099487304688,133.1490020751953,130.7573699951172,23522000,0.0,0.0,134.73133341471353,3169150424.5808916,yahoo
AVGO,2024-03-27,135.0,135.0,129.6020050048828,131.8730010986328,129.5042724609375,25583000,0.0,0.0,132.15833536783853,3381006693.715413,yahoo
AVGO,2024-03-28,131.7899932861328,133.00900268554688,131.1529998779297,132.54100036621094,130.1602783203125,19856000,0.0,0.0,132.23433430989584,2625644942.057292,yahoo
AVGO,2024-04-01,132.5679931640625,136.29800415039062,132.54100036621094,135.0260009765625,132.6006622314453,17252000,0.0,0.0,134.62166849772134,2322493024.9226885,yahoo
AVGO,2024-04-02,131.57899475097656,134.23699951171875,130.34100341796875,133.87600708007812,131.4713134765625,24694000,0.0,0.0,132.81800333658853,3279807774.3937173,yahoo
AVGO,2024-04-03,132.8000030517578,137.6820068359375,132.52699279785156,136.3209991455078,133.8723602294922,28650000,0.0,0.0,135.50999959309897,3882361488.3422856,yahoo
AVGO,2024-04-04,138.53199768066406,140.3979949951172,131.5,131.75,129.38348388671875,27014000,0.0,0.0,134.54933166503906,3634715645.599365,yahoo
AVGO,2024-04-05,132.60000610351562,136.1230010986328,131.4199981689453,133.9429931640625,131.5370635986328,19438000,0.0,0.0,133.82866414388022,2601361573.6287436,yahoo
AVGO,2024-04-08,133.36500549316406,134.25,131.5749969482422,133.61000061035156,131.2100830078125,17139000,0.0,0.0,133.1449991861979,2281972141.052246,yahoo
AVGO,2024-04-09,135.73699951171875,135.947998046875,130.86399841308594,133.4080047607422,131.01170349121094,17986000,0.0,0.0,133.40666707356772,2399452313.985189,yahoo
AVGO,2024-04-10,132.3000030517578,133.5749969482422,131.54800415039062,132.23699951171875,129.86172485351562,17467000,0.0,0.0,132.45333353678384,2313562376.8870034,yahoo
AVGO,2024-04-11,133.26800537109375,139.18699645996094,132.36500549316406,138.24600219726562,135.76280212402344,31713000,0.0,0.0,136.59933471679688,4331974701.873779,yahoo
AVGO,2024-04-12,135.2010040283203,136.6510009765625,133.66200256347656,134.40699768066406,131.99276733398438,27823000,0.0,0.0,134.90666707356772,3753508197.9878745,yahoo
AVGO,2024-04-15,137.0,137.0,130.60000610351562,131.06900024414062,128.7147216796875,24370000,0.0,0.0,132.8896687825521,3238521228.2307944,yahoo
AVGO,2024-04-16,131.53799438476562,133.6320037841797,131.10000610351562,132.906005859375,130.51873779296875,18923000,0.0,0.0,132.54600524902344,2508168057.3272705,yahoo
AVGO,2024-04-17,134.31100463867188,134.6999969482422,128.14199829101562,128.26300048828125,125.95912170410156,24718000,0.0,0.0,130.3683319091797,3222444428.1311035,yahoo
AVGO,2024-04-18,128.8000030517578,129.26499938964844,125.5459976196289,125.89900207519531,123.63758850097656,24888000,0.0,0.0,126.90333302815755,3158370152.404785,yahoo
AVGO,2024-04-19,125.89900207519531,126.0,119.75599670410156,120.47100067138672,118.30708312988281,44797000,0.0,0.0,122.07566579182942,5468623600.476583,yahoo
AVGO,2024-04-22,122.44999694824219,123.31999969482422,120.05400085449219,122.44599914550781,120.24658966064453,25162000,0.0,0.0,121.93999989827473,3068254277.4403887,yahoo
AVGO,2024-04-23,122.81700134277344,125.79000091552734,122.802001953125,124.91899871826172,122.67517852783203,22025000,0.0,0.0,124.50366719563802,2742193269.9839272,yahoo
AVGO,2024-04-24,126.38999938964844,128.56199645996094,124.49600219726562,125.68199920654297,123.42447662353516,20108000,0.0,0.0,126.24666595458984,2538567959.0148926,yahoo
AVGO,2024-04-25,127.24500274658203,130.80299377441406,125.69999694824219,129.44200134277344,127.116943359375,30410000,0.0,0.0,128.64833068847656,3912195736.2365723,yahoo
AVGO,2024-04-26,131.0,135.58299255371094,130.31300354003906,134.40699768066406,131.99276733398438,24100000,0.0,0.0,133.43433125813803,3215767383.3211265,yahoo
AVGO,2024-04-29,134.4080047607422,135.29800415039062,132.57000732421875,133.86199951171875,131.45753479003906,13372000,0.0,0.0,133.91000366210938,1790644568.9697266,yahoo
AVGO,2024-04-30,132.88800048828125,134.8350067138672,129.90499877929688,130.02699279785156,127.69142150878906,22113000,0.0,0.0,131.58899943033853,2909827544.403076,yahoo
AVGO,2024-05-01,127.83300018310547,129.23699951171875,124.13500213623047,124.28600311279297,122.05354309082031,30958000,0.0,0.0,125.88600158691406,3897178837.1276855,yahoo
AVGO,2024-05-02,125.62799835205078,126.44499969482422,122.33100128173828,123.85700225830078,121.63225555419922,29480000,0.0,0.0,124.21100107828777,3661740311.7879233,yahoo
AVGO,2024-05-03,125.9000015258789,128.38800048828125,124.71399688720703,127.81099700927734,125.51522827148438,24898000,0.0,0.0,126.9709981282552,3161323911.397298,yahoo
AVGO,2024-05-06,128.6219940185547,131.07699584960938,127.50700378417969,131.031005859375,128.6774139404297,16287000,0.0,0.0,129.87166849772134,2115219864.8223875,yahoo
AVGO,2024-05-07,131.6439971923828,131.8990020751953,129.67599487304688,130.31100463867188,127.97032928466797,12413000,0.0,0.0,130.62866719563803,1621493645.8994548,yahoo
AVGO,2024-05-08,129.35000610351562,133.79100036621094,128.8489990234375,132.53700256347656,130.15635681152344,13918000,0.0,0.0,131.72566731770834,1833357837.7278647,yahoo
AVGO,2024-05-09,131.7830047607422,132.16099548339844,130.1999969482422,130.56700134277344,128.22174072265625,12170000,0.0,0.0,130.9759979248047,1593977894.744873,yahoo
AVGO,2024-05-10,131.531005859375,134.39999389648438,131.531005859375,133.27999877929688,130.88600158691406,16300000,0.0,0.0,133.0703328450521,2169046425.374349,yahoo
AVGO,2024-05-13,134.8000030517578,135.83900451660156,133.01100158691406,133.75100708007812,131.3485565185547,18507000,0.0,0.0,134.2003377278646,2483645650.32959,yahoo
AVGO,2024-05-14,133.23399353027344,138.19900512695312,132.5800018310547,138.0030059814453,135.52418518066406,19420000,0.0,0.0,136.26067097981772,2646182230.42806,yahoo
AVGO,2024-05-15,138.0,143.89500427246094,136.9980010986328,143.61700439453125,141.03732299804688,32757000,0.0,0.0,141.50333658854166,4635224796.630859,yahoo
AVGO,2024-05-16,142.60000610351562,144.5399932861328,140.50599670410156,141.21299743652344,138.67652893066406,28395000,0.0,0.0,142.0863291422526,4034541315.994262,yahoo
AVGO,2024-05-17,141.24200439453125,141.9530029296875,138.17799377441406,139.5290069580078,137.0227508544922,18174000,0.0,0.0,139.88666788736978,2542300302.1850586,yahoo
AVGO,2024-05-20,139.60000610351562,141.69400024414062,139.3159942626953,141.4029998779297,138.86309814453125,27170000,0.0,0.0,140.80433146158853,3825653685.8113604,yahoo
AVGO,2024-05-21,139.8679962158203,140.93899536132812,139.3459930419922,139.9199981689453,137.40675354003906,15333000,0.0,0.0,140.06832885742188,2147667686.3708496,yahoo
AVGO,2024-05-22,139.6009979248047,140.5,138.4219970703125,139.2239990234375,136.72323608398438,21002000,0.0,0.0,139.38199869791666,2927300736.6536455,yahoo
AVGO,2024-05-23,142.84300231933594,142.89999389648438,137.8000030517578,139.32899475097656,136.8263397216797,31039000,0.0,0.0,140.0096638997396,4345759957.784018,yahoo
AVGO,2024-05-24,139.97900390625,141.35800170898438,139.20199584960938,140.78399658203125,138.25521850585938,16730000,0.0,0.0,140.447998046875,2349695007.3242188,yahoo
AVGO,2024-05-28,141.0,141.71800231933594,139.25399780273438,141.2449951171875,138.70794677734375,22919000,0.0,0.0,140.73899841308594,3225597104.6295166,yahoo
AVGO,2024-05-29,139.91000366210938,139.91000366210938,138.3000030517578,139.06700134277344,136.5690460205078,26861000,0.0,0.0,139.09233601888022,3736159237.8031416,yahoo
AVGO,2024-05-30,137.89999389648438,138.2779998779297,135.56399536132812,136.4080047607422,133.9578094482422,21717000,0.0,0.0,136.75,2969799750.0,yahoo
AVGO,2024-05-31,136.13600158691406,136.2550048828125,130.7259979248047,132.85499572753906,130.46864318847656,73091000,0.0,0.0,133.2786661783854,9741470989.644367,yahoo
AVGO,2024-06-03,135.27000427246094,135.3000030517578,130.2530059814453,132.19000244140625,129.81558227539062,26278000,0.0,0.0,132.58100382486978,3483963618.509928,yahoo
AVGO,2024-06-04,132.0399932861328,133.19900512695312,130.7010040283203,133.08200073242188,130.69154357910156,23048000,0.0,0.0,132.32733662923178,3049880454.630534,yahoo
AVGO,2024-06-05,134.60000610351562,141.43499755859375,134.0540008544922,141.3090057373047,138.7707977294922,32947000,0.0,0.0,138.93266805013022,4577414614.247641,yahoo
AVGO,2024-06-06,142.18699645996094,142.2689971923828,138.82400512695312,140.1269989013672,137.61001586914062,20172000,0.0,0.0,140.40666707356772,2832283288.208008,yahoo
AVGO,2024-06-07,140.7779998779297,142.5,139.70199584960938,140.66400146484375,138.13735961914062,17859000,0.0,0.0,140.95533243815103,2517321282.0129395,yahoo
AVGO,2024-06-10,140.97999572753906,144.90499877929688,140.91299438476562,144.0469970703125,141.45960998535156,31042000,0.0,0.0,143.288330078125,4447956342.285156,yahoo
AVGO,2024-06-11,143.82000732421875,146.50100708007812,141.6230010986328,146.10299682617188,143.47865295410156,34844000,0.0,0.0,144.7423350016276,5043401920.796712,yahoo
AVGO,2024-06-12,150.0,150.5800018310547,147.63999938964844,149.55099487304688,146.86473083496094,56697000,0.0,0.0,149.25699869791666,8462424055.17578,yahoo
AVGO,2024-06-13,171.0,173.5850067138672,165.2519989013672,167.8990020751953,164.88316345214844,89061000,0.0,0.0,168.91200256347656,15043471860.305786,yahoo
AVGO,2024-06-14,168.68600463867188,174.7239990234375,168.2100067138672,173.50399780273438,170.38748168945312,69705000,0.0,0.0,172.14600118001303,11999437012.252808,yahoo
AVGO,2024-06-17,180.0,184.3000030517578,177.85800170898438,182.88699340820312,179.6019287109375,87528000,0.0,0.0,181.6816660563151,15902232866.577148,yahoo
AVGO,2024-06-18,183.95899963378906,185.16200256347656,178.50100708007812,180.2519989013672,177.0142822265625,86797000,0.0,0.0,181.30500284830728,15736730332.224527,yahoo
AVGO,2024-06-20,180.3459930419922,180.47500610351562,172.2220001220703,173.45599365234375,170.34034729003906,68157000,0.0,0.0,175.38433329264322,11953670004.226685,yahoo
AVGO,2024-06-21,169.5659942626953,171.39999389648438,165.14199829101562,165.86300659179688,162.88372802734375,99289000,0.0,0.0,167.46833292643228,16627763307.932535,yahoo
AVGO,2024-06-24,164.2050018310547,166.10000610351562,159.0659942626953,159.2209930419922,156.85751342773438,58575000,0.525,0.0,161.46233113606772,9457656046.295166,yahoo
AVGO,2024-06-25,160.01300048828125,160.60400390625,156.39999389648438,158.07899475097656,155.73248291015625,53329000,0.0,0.0,158.36099751790366,8445233636.632284,yahoo
AVGO,2024-06-26,159.76199340820312,161.8179931640625,157.35899353027344,159.1999969482422,156.83685302734375,46479000,0.0,0.0,159.45899454752603,7411494607.574463,yahoo
AVGO,2024-06-27,159.1999969482422,160.56199645996094,157.10000610351562,158.66600036621094,156.31080627441406,31649000,0.0,0.0,158.7760009765625,5025101654.907227,yahoo
AVGO,2024-06-28,159.58799743652344,163.92300415039062,158.60000610351562,160.55299377441406,158.16976928710938,69377000,0.0,0.0,161.02533467610678,11171454643.82426,yahoo
AVGO,2024-07-01,160.82000732421875,164.875,159.35000610351562,164.0800018310547,161.64443969726562,47623000,0.0,0.0,162.7683359781901,7751516464.289347,yahoo
AVGO,2024-07-02,164.0800018310547,165.9199981689453,162.1999969482422,165.7480010986328,163.28765869140625,32539000,0.0,0.0,164.62266540527344,5356656909.622192,yahoo
AVGO,2024-07-03,167.0,172.9219970703125,166.4459991455078,172.9219970703125,170.35516357421875,39954000,0.0,0.0,170.7633310953776,6822678130.584717,yahoo
AVGO,2024-07-05,175.55599975585938,176.5469970703125,169.60000610351562,170.33099365234375,167.8026123046875,45240000,0.0,0.0,172.15933227539062,7788488192.138672,yahoo
AVGO,2024-07-08,170.5,175.69000244140625,170.5,174.58599853515625,171.9944305419922,36398000,0.0,0.0,173.59200032552084,6318401627.848308,yahoo
AVGO,2024-07-09,175.656005859375,177.09800720214844,170.55599975585938,173.33099365234375,170.75807189941406,37802000,0.0,0.0,173.6616668701172,6564758331.02417,yahoo
AVGO,2024-07-10,174.60000610351562,176.6490020751953,172.63600158691406,174.468994140625,171.87918090820312,41074000,0.0,0.0,174.58466593424478,7170890568.58317,yahoo
AVGO,2024-07-11,176.46600341796875,176.48699951171875,166.85000610351562,170.59500122070312,168.06271362304688,51026000,0.0,0.0,171.3106689453125,8741298193.603516,yahoo
AVGO,2024-07-12,171.10299682617188,172.59100341796875,169.13099670410156,170.06700134277344,167.54254150390625,30453000,0.0,0.0,170.5963338216146,5195170153.869629,yahoo
AVGO,2024-07-15,170.0,173.50999450683594,169.25999450683594,171.4199981689453,168.87545776367188,22999200,0.0,10.0,171.39666239420572,3941986117.7368164,yahoo
AVGO,2024-07-16,172.39999389648438,172.80999755859375,166.39999389648438,169.3800048828125,166.86572265625,22244900,0.0,0.0,169.52999877929688,3771177869.845581,yahoo
AVGO,2024-07-17,162.30999755859375,162.83999633789062,155.61000061035156,155.97999572753906,153.66464233398438,43343400,0.0,0.0,158.1433308919271,6854469648.181152,yahoo
AVGO,2024-07-18,158.88999938964844,161.50999450683594,153.89999389648438,160.52000427246094,158.13723754882812,37973500,0.0,0.0,158.6433308919271,6024242525.624594,yahoo
AVGO,2024-07-19,161.83999633789062,163.9499969482422,157.1199951171875,157.35000610351562,155.01431274414062,26309500,0.0,0.0,159.47333272298178,4195663647.275289,yahoo
AVGO,2024-07-22,160.22999572753906,162.99000549316406,157.89999389648438,161.05999755859375,158.66925048828125,28813300,0.0,0.0,160.6499989827474,4628856615.689596,yahoo
AVGO,2024-07-23,160.39999389648438,165.3300018310547,159.89999389648438,163.77000427246094,161.33900451660156,21570200,0.0,0.0,163.0,3515942600.0,yahoo
AVGO,2024-07-24,160.35000610351562,161.41000366210938,151.10000610351562,151.33999633789062,149.09352111816406,37162600,0.0,0.0,154.61666870117188,5745957412.27417,yahoo
AVGO,2024-07-25,151.25999450683594,153.5500030517578,145.52000427246094,149.25999450683594,147.0443878173828,30872100,0.0,0.0,149.4433339436849,4613629549.842834,yahoo
AVGO,2024-07-26,153.5,153.5800018310547,149.9199981689453,151.6300048828125,149.3792266845703,20839900,0.0,0.0,151.71000162760416,3161621262.919108,yahoo
AVGO,2024-07-29,152.02000427246094,155.0,149.14999389648438,150.22000122070312,147.9901580810547,16625800,0.0,0.0,151.4566650390625,2518088221.6064453,yahoo
AVGO,2024-07-30,153.27999877929688,153.47000122070312,143.35000610351562,143.52000427246094,141.38961791992188,31102300,0.0,0.0,146.7800038655599,4565195714.227804,yahoo
AVGO,2024-07-31,151.47000122070312,161.3300018310547,151.0,160.67999267578125,158.2948760986328,45827500,0.0,0.0,157.6699981689453,7225621841.087341,yahoo
AVGO,2024-08-01,157.5,158.91000366210938,146.1699981689453,147.02000427246094,144.83766174316406,40320000,0.0,0.0,150.70000203450522,6076224082.03125,yahoo
AVGO,2024-08-02,141.92999267578125,145.35000610351562,139.60000610351562,143.82000732421875,141.68515014648438,33745800,0.0,0.0,142.92333984375,4823062441.699219,yahoo
AVGO,2024-08-05,129.61000061035156,145.4199981689453,128.5,142.0800018310547,139.97097778320312,41309300,0.0,0.0,138.66666666666666,5728222933.333333,yahoo
AVGO,2024-08-06,141.72999572753906,148.91000366210938,140.25,143.9199981689453,141.78366088867188,24751300,0.0,0.0,144.36000061035156,3573097683.1069946,yahoo
AVGO,2024-08-07,148.25,150.10000610351562,135.8300018310547,136.27000427246094,134.24722290039062,29749800,0.0,0.0,140.73333740234375,4186788641.052246,yahoo
AVGO,2024-08-08,141.1999969482422,146.27000427246094,138.39999389648438,145.74000549316406,143.57664489746094,27583200,0.0,0.0,143.47000122070312,3957361737.6708984,yahoo
AVGO,2024-08-09,144.1999969482422,149.5500030517578,144.11000061035156,148.25999450683594,146.05923461914062,18438700,0.0,0.0,147.3066660563151,2716143423.412577,yahoo
AVGO,2024-08-12,148.0800018310547,151.1300048828125,146.3699951171875,148.6199951171875,146.41390991210938,17778500,0.0,0.0,148.7066650390625,2643781444.3969727,yahoo
AVGO,2024-08-13,151.5500030517578,156.3800048828125,149.80999755859375,156.16000366210938,153.8419647216797,22053600,0.0,0.0,154.11666870117188,3398827364.868164,yahoo
AVGO,2024-08-14,158.02000427246094,160.25,154.72000122070312,157.69000244140625,155.34925842285156,20184200,0.0,0.0,157.55333455403647,3180088015.305583,yahoo
AVGO,2024-08-15,161.1999969482422,166.6699981689453,160.33999633789062,166.1300048828125,163.6639862060547,27945000,0.0,0.0,164.37999979654947,4593599094.314575,yahoo
AVGO,2024-08-16,164.47000122070312,166.08999633789062,162.67999267578125,165.72000122070312,163.26007080078125,19296900,0.0,0.0,164.82999674479166,3180707964.1845703,yahoo
AVGO,2024-08-19,164.86000061035156,167.8300018310547,160.4199981689453,167.7100067138672,165.2205352783203,20441700,0.0,0.0,165.32000223795572,3379421889.7476196,yahoo
AVGO,2024-08-20,167.0500030517578,168.3699951171875,164.14999389648438,165.9499969482422,163.4866485595703,19417500,0.0,0.0,166.1566619873047,3226346984.138489,yahoo
AVGO,2024-08-21,165.1199951171875,166.47000122070312,162.8800048828125,165.77999877929688,163.31918334960938,16097700,0.0,0.0,165.0433349609375,2656818093.2006836,yahoo
AVGO,2024-08-22,170.83999633789062,172.4199981689453,161.49000549316406,162.33999633789062,159.9302215576172,30044500,0.0,0.0,165.41666666666666,4969861041.666666,yahoo
AVGO,2024-08-23,165.02999877929688,168.27999877929688,163.4600067138672,166.36000061035156,163.89056396484375,18848000,0.0,0.0,166.03333536783853,3129396305.0130205,yahoo
AVGO,2024-08-26,164.9600067138672,165.6999969482422,158.66000366210938,159.6199951171875,157.2506103515625,18521200,0.0,0.0,161.32666524251303,2987963432.2896323,yahoo
AVGO,2024-08-27,157.60000610351562,162.02999877929688,155.8300018310547,161.38999938964844,158.99435424804688,16683100,0.0,0.0,159.75,2665125225.0,yahoo
AVGO,2024-08-28,160.0800018310547,162.27999877929688,156.25,158.17999267578125,155.8319854736328,18063600,0.0,0.0,158.90333048502603,2870366200.5493164,yahoo
AVGO,2024-08-29,158.49000549316406,163.1999969482422,155.41000366210938,156.92999267578125,154.60055541992188,23519300,0.0,0.0,158.5133310953776,3728122588.031514,yahoo
AVGO,2024-08-30,161.1199951171875,163.24000549316406,158.7100067138672,162.82000732421875,160.40313720703125,25158500,0.0,0.0,161.59000651041666,4065362178.7923174,yahoo
AVGO,2024-09-03,160.3800048828125,160.74000549316406,151.3800048828125,152.7899932861328,150.52200317382812,37179100,0.0,0.0,154.97000122070312,5761645172.384644,yahoo
AVGO,2024-09-04,150.3000030517578,157.7899932861328,149.14999389648438,154.1199951171875,151.83224487304688,20324100,0.0,0.0,153.68666076660156,3123543062.086487,yahoo
AVGO,2024-09-05,150.57000732421875,156.36000061035156,150.11000061035156,152.82000732421875,150.5515594482422,31548500,0.0,0.0,153.09666951497397,4829970278.193156,yahoo
AVGO,2024-09-06,143.25,143.5,136.60000610351562,137.0,134.9663848876953,76634600,0.0,0.0,139.03333536783853,10654764042.580158,yahoo
AVGO,2024-09-09,139.11000061035156,141.58999633789062,134.89999389648438,140.82000732421875,138.7296905517578,39516700,0.0,0.0,139.10333251953125,5496904660.174561,yahoo
AVGO,2024-09-10,141.22000122070312,149.86000061035156,141.0399932861328,148.2100067138672,146.00999450683594,36067500,0.0,0.0,146.37000020345053,5279199982.337952,yahoo
AVGO,2024-09-11,148.38999938964844,158.8699951171875,145.0399932861328,158.27000427246094,155.92066955566406,39700800,0.0,0.0,154.05999755859375,6116305151.074219,yahoo
AVGO,2024-09-12,158.10000610351562,166.32000732421875,156.8300018310547,164.55999755859375,162.11729431152344,43530700,0.0,0.0,162.57000223795572,7076785996.419779,yahoo
AVGO,2024-09-13,166.74000549316406,168.0800018310547,164.0399932861328,167.69000244140625,165.2008056640625,29850000,0.0,0.0,166.60333251953125,4973109475.708008,yahoo
AVGO,2024-09-16,165.19000244140625,165.5,160.41000366210938,164.02000427246094,161.58529663085938,26126900,0.0,0.0,163.31000264485678,4266784108.1019087,yahoo
AVGO,2024-09-17,165.49000549316406,166.02000427246094,160.6999969482422,162.47000122070312,160.0583038330078,19844300,0.0,0.0,163.0633341471354,3235877721.815999,yahoo
AVGO,2024-09-18,163.77000427246094,167.47000122070312,161.36000061035156,161.6699981689453,159.2701873779297,26557600,0.0,0.0,163.5,4342167600.0,yahoo
AVGO,2024-09-19,167.67999267578125,170.0,165.66000366210938,167.4199981689453,165.47731018066406,32453100,0.53,0.0,167.6933339436849,5442168535.8078,yahoo
AVGO,2024-09-20,167.17999267578125,172.02000427246094,166.47000122070312,171.10000610351562,169.1146240234375,91758500,0.0,0.0,169.86333719889322,15586405026.364643,yahoo
AVGO,2024-09-23,172.0,173.32000732421875,168.35000610351562,172.94000244140625,170.93325805664062,29431100,0.0,0.0,171.53667195638022,5048512946.015422,yahoo
AVGO,2024-09-24,172.80999755859375,175.99000549316406,171.67999267578125,174.83999633789062,172.8112030029297,34223400,0.0,0.0,174.1699981689453,5960689515.335083,yahoo
AVGO,2024-09-25,174.64999389648438,177.13999938964844,173.75999450683594,175.52000427246094,173.4833221435547,16613800,0.0,0.0,175.47333272298178,2915278855.1930747,yahoo
AVGO,2024-09-26,178.5,180.25,175.0,178.08999633789062,176.02349853515625,24340000,0.0,0.0,177.77999877929688,4327165170.288086,yahoo
AVGO,2024-09-27,178.1699981689453,178.47000122070312,171.75999450683594,172.69000244140625,170.6861572265625,20580900,0.0,0.0,174.3066660563151,3587388063.4384155,yahoo
AVGO,2024-09-30,171.8699951171875,172.9199981689453,169.6300048828125,172.5,170.49835205078125,16902000,0.0,0.0,171.68333435058594,2901791717.1936035,yahoo
AVGO,2024-10-01,172.16000366210938,172.25,165.8000030517578,167.47000122070312,165.5267333984375,23770400,0.0,0.0,168.5066680908203,4005470903.186035,yahoo
AVGO,2024-10-02,167.5500030517578,172.83999633789062,167.02000427246094,170.66000366210938,168.67971801757812,14317800,0.0,0.0,170.17333475748697,2436507772.390747,yahoo
AVGO,2024-10-03,169.6199951171875,174.94000244140625,169.19000244140625,171.88999938964844,169.8954315185547,13072300,0.0,0.0,172.0066680908203,2248522767.2836304,yahoo
AVGO,2024-10-04,176.3000030517578,176.89999389648438,172.60000610351562,176.63999938964844,174.59031677246094,17921400,0.0,0.0,175.37999979654947,3143055128.353882,yahoo
AVGO,2024-10-07,174.82000732421875,178.30999755859375,173.86000061035156,175.0800018310547,173.04843139648438,15588300,0.0,0.0,175.75,2739643725.0,yahoo
AVGO,2024-10-08,175.4199981689453,181.60000610351562,174.88999938964844,180.72999572753906,178.6328582763672,20774200,0.0,0.0,179.07333374023438,3720105249.786377,yahoo
AVGO,2024-10-09,179.24000549316406,186.4199981689453,176.4199981689453,185.9499969482422,183.79229736328125,25504100,0.0,0.0,182.92999776204428,4665464955.922954,yahoo
AVGO,2024-10-10,183.55999755859375,186.30999755859375,182.52999877929688,185.69000244140625,183.53530883789062,16318000,0.0,0.0,184.84333292643228,3016273506.693522,yahoo
AVGO,2024-10-11,181.13999938964844,182.58999633789062,177.39999389648438,181.47999572753906,179.37416076660156,23070000,0.0,0.0,180.48999532063803,4163904192.047119,yahoo
AVGO,2024-10-14,183.3000030517578,184.9499969482422,180.1300048828125,182.30999755859375,180.1945343017578,17195800,0.0,0.0,182.4633331298828,3137602983.834839,yahoo
AVGO,2024-10-15,180.7899932861328,181.6999969482422,173.3699951171875,175.97999572753906,173.93797302246094,27657500,0.0,0.0,177.01666259765625,4895838345.794678,yahoo
AVGO,2024-10-16,178.50999450683594,179.25,175.3300018310547,176.82000732421875,174.7682342529297,15285100,0.0,0.0,177.13333638509116,2707500759.979757,yahoo
AVGO,2024-10-17,181.3699951171875,185.50999450683594,180.69000244140625,181.52999877929688,179.423583984375,25232400,0.0,0.0,182.57666524251303,4606847448.065186,yahoo
AVGO,2024-10-18,182.32000732421875,182.7100067138672,178.67999267578125,179.88999938964844,177.80262756347656,17835200,0.0,0.0,180.42666625976562,3217945678.076172,yahoo
AVGO,2024-10-21,179.3800048828125,181.72000122070312,178.25,179.99000549316406,177.9014434814453,13695100,0.0,0.0,179.9866689046224,2464935429.3156943,yahoo
AVGO,2024-10-22,178.66000366210938,180.69000244140625,177.41000366210938,179.3800048828125,177.2985382080078,12062600,0.0,0.0,179.16000366210938,2161135460.1745605,yahoo
AVGO,2024-10-23,177.58999633789062,178.97999572753906,172.57000732421875,173.50999450683594,171.49661254882812,19513700,0.0,0.0,175.0199991861979,3415287758.11971,yahoo
AVGO,2024-10-24,174.25999450683594,174.3000030517578,169.5,171.35000610351562,169.36170959472656,20485200,0.0,0.0,171.71666971842447,3517650322.515869,yahoo
AVGO,2024-10-25,174.19000244140625,176.8000030517578,172.72000122070312,173.0,170.99256896972656,19977700,0.0,0.0,174.17333475748697,3479582629.7846475,yahoo
AVGO,2024-10-28,173.0,173.97000122070312,171.35000610351562,172.02000427246094,170.02394104003906,13195800,0.0,0.0,172.44667053222656,2275571775.0091553,yahoo
AVGO,2024-10-29,172.44000244140625,180.22999572753906,171.2100067138672,179.24000549316406,177.16015625,23702300,0.0,0.0,176.8933359781901,4192778917.355855,yahoo
AVGO,2024-10-30,177.47000122070312,179.19000244140625,175.6199951171875,176.63999938964844,174.59031677246094,17911500,0.0,0.0,177.1499989827474,3173022206.77948,yahoo
AVGO,2024-10-31,174.4499969482422,174.4499969482422,167.3800048828125,169.77000427246094,167.80003356933594,26086600,0.0,0.0,170.53333536783853,4448634906.406656,yahoo
AVGO,2024-11-01,168.25999450683594,171.3300018310547,167.5,168.9199981689453,166.9599151611328,17847000,0.0,0.0,169.25,3020604750.0,yahoo
AVGO,2024-11-04,169.27999877929688,172.4499969482422,168.4199981689453,168.5500030517578,166.5941925048828,13621300,0.0,0.0,169.8066660563151,2312987540.352885,yahoo
AVGO,2024-11-05,170.0500030517578,174.39999389648438,170.0500030517578,173.89999389648438,171.88209533691406,13441800,0.0,0.0,172.78333028157553,2322518968.978882,yahoo
AVGO,2024-11-06,179.6300048828125,180.2100067138672,175.9600067138672,179.5500030517578,177.466552734375,24300800,0.0,0.0,178.5733388264974,4339474992.154948,yahoo
AVGO,2024-11-07,181.99000549316406,184.8699951171875,181.7899932861328,183.80999755859375,181.67710876464844,18970600,0.0,0.0,183.48999532063803,3480915305.229696,yahoo
AVGO,2024-11-08,182.99000549316406,185.0500030517578,181.8300018310547,183.63999938964844,181.50909423828125,13503200,0.0,0.0,183.5066680908203,2477927240.563965,yahoo
AVGO,2024-11-11,183.39999389648438,183.6300048828125,176.82000732421875,178.91000366210938,176.833984375,17036700,0.0,0.0,179.78667195638022,3062971594.1192627,yahoo
AVGO,2024-11-12,178.89999389648438,179.55999755859375,173.1999969482422,176.22000122070312,174.17520141601562,15862000,0.0,0.0,176.32666524251303,2796893564.0767417,yahoo
AVGO,2024-11-13,174.7100067138672,175.58999633789062,172.60000610351562,173.5800018310547,171.5658416748047,17472500,0.0,0.0,173.92333475748697,3038875466.550191,yahoo
AVGO,2024-11-14,174.77000427246094,175.57000732421875,169.8699951171875,170.3800048828125,168.40296936035156,20638900,0.0,0.0,171.94000244140625,3548652516.3879395,yahoo
AVGO,2024-11-15,168.47000122070312,169.13999938964844,163.42999267578125,164.83999633789062,162.92726135253906,20836200,0.0,0.0,165.80332946777344,3454711333.456421,yahoo
AVGO,2024-11-18,165.66000366210938,166.35000610351562,162.22000122070312,165.6699981689453,163.7476043701172,17856900,0.0,0.0,164.74666849772134,2941864784.6969604,yahoo
AVGO,2024-11-19,166.66000366210938,166.8000030517578,164.30999755859375,165.35000610351562,163.43133544921875,18003400,0.0,0.0,165.4866689046224,2979322694.957479,yahoo
AVGO,2024-11-20,165.5399932861328,165.5399932861328,160.86000061035156,163.25,161.35568237304688,17196700,0.0,0.0,163.21666463216147,2806788016.679891,yahoo
AVGO,2024-11-21,166.25,166.33999633789062,160.60000610351562,163.94000244140625,162.0376739501953,24835300,0.0,0.0,163.62666829427084,4063717395.0887046,yahoo
AVGO,2024-11-22,164.3000030517578,164.91000366210938,162.39999389648438,164.22999572753906,162.32432556152344,17332500,0.0,0.0,163.84666442871094,2839872311.2106323,yahoo
AVGO,2024-11-25,165.39999389648438,167.22999572753906,162.88999938964844,164.82000732421875,162.90750122070312,26850600,0.0,0.0,164.9800008138021,4429812009.851074,yahoo
AVGO,2024-11-26,164.60000610351562,166.3699951171875,162.69000244140625,164.74000549316406,162.8284149169922,16308800,0.0,0.0,164.6000010172526,2684428496.590169,yahoo
AVGO,2024-11-27,163.1999969482422,163.1999969482422,157.5399932861328,159.6699981689453,157.81723022460938,19722700,0.0,0.0,160.13666280110678,3158327359.4273887,yahoo
AVGO,2024-11-29,159.57000732421875,162.69000244140625,159.0800018310547,162.0800018310547,160.1992645263672,11024000,0.0,0.0,161.28333536783853,1777987489.095052,yahoo
AVGO,2024-12-02,162.9499969482422,168.3800048828125,162.75,166.50999450683594,164.57786560058594,21472400,0.0,0.0,165.87999979654947,3561841707.6314287,yahoo
AVGO,2024-12-03,164.47999572753906,168.27000427246094,164.02999877929688,168.14999389648438,166.19882202148438,17024400,0.0,0.0,166.81666564941406,2839953642.681885,yahoo
AVGO,2024-12-04,173.44000244140625,175.38999938964844,168.55999755859375,170.55999755859375,168.58087158203125,32748200,0.0,0.0,171.50333150227866,5616425400.702922,yahoo
AVGO,2024-12-05,170.75,172.39999389648438,169.1999969482422,170.47000122070312,168.49191284179688,18490000,0.0,0.0,170.68999735514322,3156058051.096598,yahoo
AVGO,2024-12-06,170.10000610351562,180.67999267578125,169.3300018310547,179.52999877929688,177.44677734375,27830800,0.0,0.0,176.5133310953776,4912507215.049234,yahoo
AVGO,2024-12-09,178.9499969482422,180.7899932861328,176.02000427246094,178.94000244140625,176.86363220214844,20886300,0.0,0.0,178.58333333333334,3729945075.0,yahoo
AVGO,2024-12-10,177.80999755859375,178.5,169.72999572753906,171.80999755859375,169.8163604736328,27762600,0.0,0.0,173.34666442871094,4812554105.86853,yahoo
AVGO,2024-12-11,180.00999450683594,184.8699951171875,176.42999267578125,183.1999969482422,181.07420349121094,41295200,0.0,0.0,181.49999491373697,7495078589.961751,yahoo
AVGO,2024-12-12,180.92999267578125,182.0,175.99000549316406,180.66000366210938,178.5636749267578,46967200,0.0,0.0,179.5500030517578,8432960903.33252,yahoo
AVGO,2024-12-13,213.89999389648438,228.6999969482422,211.11000061035156,224.8000030517578,222.1914825439453,121336600,0.0,0.0,221.5366668701172,26880505933.35266,yahoo
AVGO,2024-12-16,231.7899932861328,251.8800048828125,230.80999755859375,250.0,247.09906005859375,111623200,0.0,0.0,244.2300008138021,27261734226.839195,yahoo
AVGO,2024-12-17,240.64999389648438,242.47000122070312,233.8000030517578,240.22999572753906,237.44244384765625,70382100,0.0,0.0,238.83333333333334,16809591550.0,yahoo
AVGO,2024-12-18,239.41000366210938,239.85000610351562,219.22000122070312,223.6199951171875,221.02517700195312,53960100,0.0,0.0,227.5633341471354,12279340266.912842,yahoo
AVGO,2024-12-19,227.91000366210938,228.0500030517578,217.5800018310547,218.32000732421875,215.78668212890625,40845200,0.0,0.0,221.3166707356771,9039723679.532879,yahoo
AVGO,2024-12-20,220.36000061035156,230.2899932861328,218.91000366210938,220.7899932861328,218.22801208496094,131910400,0.0,0.0,223.32999674479166,29459549202.604164,yahoo
AVGO,2024-12-23,226.69000244140625,233.39999389648438,225.1300048828125,232.35000610351562,230.2692108154297,40643800,0.59,0.0,230.2933349609375,9359996247.485352,yahoo
AVGO,2024-12-24,240.1199951171875,240.22999572753906,234.8000030517578,239.67999267578125,237.53353881835938,22827200,0.0,0.0,238.23666381835938,5438275972.314453,yahoo
AVGO,2024-12-26,240.0,247.27999877929688,237.60000610351562,245.36000061035156,243.16268920898438,28459000,0.0,0.0,243.41333516438803,6927300105.443319,yahoo
AVGO,2024-12-27,245.63999938964844,245.77999877929688,236.35000610351562,241.75,239.5850372314453,29282200,0.0,0.0,241.2933349609375,7065599692.993164,yahoo
AVGO,2024-12-30,234.6999969482422,238.77000427246094,231.6199951171875,235.5800018310547,233.47027587890625,27316800,0.0,0.0,235.32333374023438,6428280443.115234,yahoo
AVGO,2024-12-31,235.8800048828125,237.4600067138672,231.30999755859375,231.83999633789062,229.76377868652344,17927700,0.0,0.0,233.5366668701172,4186775302.6474,yahoo
AVGO,2025-01-02,236.16000366210938,239.5,230.24000549316406,231.97999572753906,229.90249633789062,31525800,0.0,0.0,233.90666707356772,7374094804.827881,yahoo
AVGO,2025-01-03,233.58999633789062,236.49000549316406,229.0,232.5500030517578,230.46742248535156,24973200,0.0,0.0,232.68000284830728,5810764247.131348,yahoo
AVGO,2025-01-06,236.5,241.75,233.3000030517578,236.41000366210938,234.2928466796875,34028400,0.0,0.0,237.15333557128906,8069948564.154053,yahoo
AVGO,2025-01-07,239.5,239.5,227.60000610351562,228.63999938964844,226.59242248535156,25928600,0.0,0.0,231.91333516438803,6013188102.143352,yahoo
AVGO,2025-01-08,229.6999969482422,232.47000122070312,226.05999755859375,229.30999755859375,227.2564239501953,18756500,0.0,0.0,229.27999877929688,4300490297.103882,yahoo
AVGO,2025-01-10,227.3000030517578,227.8300018310547,221.25,224.30999755859375,222.30120849609375,23864000,0.0,0.0,224.4633331298828,5356592981.811523,yahoo
AVGO,2025-01-13,219.99000549316406,229.25999450683594,219.50999450683594,225.2899932861328,223.27243041992188,23772100,0.0,0.0,224.68666076660156,5341273768.409729,yahoo
AVGO,2025-01-14,226.57000732421875,230.25999450683594,223.10000610351562,224.6999969482422,222.6876983642578,18143100,0.0,0.0,226.0199991861979,4100703447.2351074,yahoo
AVGO,2025-01-15,228.5500030517578,230.33999633789062,225.5800018310547,228.0,225.95816040039062,21745600,0.0,0.0,227.97333272298178,4957416904.060873,yahoo
AVGO,2025-01-16,235.22000122070312,238.60000610351562,229.2100067138672,229.41000366210938,227.35552978515625,23471900,0.0,0.0,232.40667215983072,5455026168.268331,yahoo
AVGO,2025-01-17,237.0800018310547,238.10000610351562,232.66000366210938,237.44000244140625,235.31362915039062,31196600,0.0,0.0,236.0666707356771,7364477500.272624,yahoo
AVGO,2025-01-21,241.5,242.75,237.39999389648438,240.30999755859375,238.1579132080078,30903200,0.0,0.0,240.15333048502603,7421506402.644856,yahoo
AVGO,2025-01-22,246.75,246.99000549316406,240.69000244140625,240.91000366210938,238.75253295898438,29610500,0.0,0.0,242.86333719889322,7191304846.127828,yahoo
AVGO,2025-01-23,238.41000366210938,240.39999389648438,236.1199951171875,240.27999877929688,238.12818908691406,17653900,0.0,0.0,238.9333292643229,4218105101.49943,yahoo
AVGO,2025-01-24,244.6999969482422,249.58999633789062,241.91000366210938,244.6999969482422,242.50860595703125,25387800,0.0,0.0,245.3999989827474,6230166094.174194,yahoo
AVGO,2025-01-27,213.39999389648438,218.42999267578125,196.22999572753906,202.1300048828125,200.31985473632812,90569400,0.0,0.0,205.59666442871094,18620766539.309692,yahoo
AVGO,2025-01-28,208.00999450683594,209.9499969482422,198.88999938964844,207.36000061035156,205.5030059814453,50316000,0.0,0.0,205.3999989827474,10334906348.815918,yahoo
AVGO,2025-01-29,208.83999633789062,211.4499969482422,202.77000427246094,206.35000610351562,204.50205993652344,32533700,0.0,0.0,206.8566691080729,6729812815.761312,yahoo
AVGO,2025-01-30,218.57000732421875,221.9600067138672,213.6999969482422,215.66000366210938,213.72866821289062,42449500,0.0,0.0,217.1066691080729,9216069550.30314,yahoo
AVGO,2025-01-31,219.66000366210938,226.8000030517578,216.3000030517578,221.27000427246094,219.2884521484375,41104700,0.0,0.0,221.45667012532553,9102909988.50047,yahoo
AVGO,2025-02-03,215.4600067138672,220.94000244140625,213.50999450683594,217.72999572753906,215.78012084960938,24507300,0.0,0.0,217.3933308919271,5327723578.167725,yahoo
AVGO,2025-02-04,219.35000610351562,223.02999877929688,215.3000030517578,222.42999267578125,220.4380340576172,23768500,0.0,0.0,220.25333150227866,5235091309.811911,yahoo
AVGO,2025-02-05,233.94000244140625,237.92999267578125,227.5,232.0,229.92233276367188,29196000,0.0,0.0,232.4766642252604,6787388688.720703,yahoo
AVGO,2025-02-06,234.5,234.8000030517578,228.55999755859375,231.36000061035156,229.28807067871094,21169500,0.0,0.0,231.57333374023438,4902291688.613892,yahoo
AVGO,2025-02-07,235.0,235.64999389648438,224.11000061035156,224.8699951171875,222.85618591308594,22117500,0.0,0.0,228.20999654134116,5047434598.503113,yahoo
AVGO,2025-02-10,227.42999267578125,235.82000732421875,227.1199951171875,235.0399932861328,232.93511962890625,23901600,0.0,0.0,232.65999857584634,5560946221.960449,yahoo
AVGO,2025-02-11,232.47999572753906,237.88999938964844,229.97000122070312,235.0399932861328,232.93511962890625,18476200,0.0,0.0,234.29999796549478,4328973622.410074,yahoo
AVGO,2025-02-12,230.36000061035156,236.47999572753906,230.0,236.35000610351562,234.2333984375,16397300,0.0,0.0,234.27666727701822,3841504796.3414507,yahoo
AVGO,2025-02-13,236.05999755859375,236.9499969482422,230.72999572753906,235.8000030517578,233.6883087158203,20962000,0.0,0.0,234.4933319091797,4915449223.480225,yahoo
AVGO,2025-02-14,234.52999877929688,235.74000549316406,228.89999389648438,233.0399932861328,230.9530029296875,16988800,0.0,0.0,232.55999755859375,3950915286.5234375,yahoo
AVGO,2025-02-18,230.10000610351562,232.1999969482422,224.3000030517578,228.52999877929688,226.4833984375,26080500,0.0,0.0,228.34333292643228,5955308294.387817,yahoo
AVGO,2025-02-19,227.85000610351562,229.07000732421875,224.39999389648438,228.72999572753906,226.68162536621094,16375500,0.0,0.0,227.3999989827474,3723788683.34198,yahoo
AVGO,2025-02-20,228.64999389648438,228.97999572753906,222.75,226.74000549316406,224.70945739746094,16104000,0.0,0.0,226.15666707356772,3642026966.5527344,yahoo
AVGO,2025-02-21,225.64999389648438,227.75,215.6300048828125,218.66000366210938,216.70179748535156,24883600,0.0,0.0,220.68000284830728,5491312918.876139,yahoo
AVGO,2025-02-24,218.60000610351562,219.47999572753906,207.5399932861328,207.92999267578125,206.06790161132812,33050400,0.0,0.0,211.64999389648438,6995116958.276367,yahoo
AVGO,2025-02-25,207.0,208.63999938964844,200.9199981689453,202.5399932861328,200.7261505126953,33100800,0.0,0.0,204.03333028157553,6753666458.984375,yahoo
AVGO,2025-02-26,206.91000366210938,213.5399932861328,206.0,212.94000244140625,211.03305053710938,21368300,0.0,0.0,210.82666524251303,4505007430.901591,yahoo
AVGO,2025-02-27,217.27999877929688,219.25,197.39999389648438,197.8000030517578,196.0286102294922,27572900,0.0,0.0,204.81666564941406,5647389440.284729,yahoo
AVGO,2025-02-28,195.75999450683594,201.19000244140625,193.14999389648438,199.42999267578125,197.64401245117188,39747200,0.0,0.0,197.92332967122397,7866898169.108073,yahoo
AVGO,2025-03-03,204.0,204.05999755859375,184.52999877929688,187.3699951171875,185.6920166015625,37435600,0.0,0.0,191.98666381835938,7187135952.038574,yahoo
AVGO,2025-03-04,189.22000122070312,193.9499969482422,180.47999572753906,187.47999572753906,185.80104064941406,37910500,0.0,0.0,187.30332946777344,7100762871.788025,yahoo
AVGO,2025-03-05,191.86000061035156,194.0800018310547,187.10000610351562,191.5800018310547,189.8643341064453,25644500,0.0,0.0,190.92000325520834,4896048023.47819,yahoo
AVGO,2025-03-06,181.0399932861328,186.8300018310547,177.61000061035156,179.4499969482422,177.8429412841797,56864100,0.0,0.0,181.29666646321616,10309271771.43097,yahoo
AVGO,2025-03-07,187.72999572753906,195.47999572753906,181.55999755859375,194.9600067138672,193.21405029296875,74528900,0.0,0.0,190.66666666666666,14210176933.333332,yahoo
AVGO,2025-03-10,189.60000610351562,191.97999572753906,180.42999267578125,184.4499969482422,182.79815673828125,44217100,0.0,0.0,185.6199951171875,8207577886.096191,yahoo
AVGO,2025-03-11,188.0500030517578,195.6199951171875,185.35000610351562,190.08999633789062,188.38766479492188,42153200,0.0,0.0,190.35333251953125,8024002096.362305,yahoo
AVGO,2025-03-12,196.22000122070312,199.97999572753906,192.4499969482422,194.22999572753906,192.49058532714844,30409700,0.0,0.0,195.55332946777344,5946718083.11615,yahoo
AVGO,2025-03-13,193.14999389648438,196.32000732421875,189.47000122070312,191.36000061035156,189.64627075195312,27236100,0.0,0.0,192.38333638509116,5239771788.117981,yahoo
AVGO,2025-03-14,196.1999969482422,197.5,193.1999969482422,195.5399932861328,193.78883361816406,25900900,0.0,0.0,195.413330078125,5061381121.020508,yahoo
AVGO,2025-03-17,188.0500030517578,196.72000122070312,187.5,194.5,192.75816345214844,26830600,0.0,0.0,192.90666707356772,5175801621.584066,yahoo
AVGO,2025-03-18,190.44000244140625,192.88999938964844,186.89999389648438,188.6699981689453,186.98037719726562,24951000,0.0,0.0,189.48666381835938,4727881748.931885,yahoo
AVGO,2025-03-19,189.33999633789062,198.27000427246094,186.89999389648438,195.57000732421875,193.818603515625,37962700,0.0,0.0,193.5800018310547,7348819535.51178,yahoo
AVGO,2025-03-20,191.52000427246094,193.83999633789062,188.94000244140625,190.5399932861328,189.40504455566406,31430000,0.59,0.0,191.1066640218099,6006482450.205485,yahoo
AVGO,2025-03-21,188.2100067138672,192.07000732421875,187.3699951171875,191.66000366210938,190.5183563232422,43086500,0.0,0.0,190.36666870117188,8202233470.993042,yahoo
AVGO,2025-03-24,194.3000030517578,196.69000244140625,190.6699981689453,191.25,190.1107940673828,33180300,0.0,0.0,192.87000020345053,6399484467.750549,yahoo
AVGO,2025-03-25,190.88999938964844,191.60000610351562,187.67999267578125,188.25999450683594,187.13861083984375,23417300,0.0,0.0,189.17999776204428,4430084761.59312,yahoo
AVGO,2025-03-26,186.66000366210938,188.05999755859375,177.5800018310547,179.27000427246094,178.20216369628906,30578500,0.0,0.0,181.63666788736978,5554176848.993937,yahoo
AVGO,2025-03-27,177.66000366210938,178.3800048828125,170.4600067138672,171.99000549316406,170.9655303955078,32151700,0.0,0.0,173.6100056966146,5581856820.155844,yahoo
AVGO,2025-03-28,171.92999267578125,173.3000030517578,166.47000122070312,169.1199951171875,168.11260986328125,30391500,0.0,0.0,169.62999979654947,5155310138.8168335,yahoo
AVGO,2025-03-31,164.49000549316406,167.94000244140625,160.6199951171875,167.42999267578125,166.43267822265625,35656400,0.0,0.0,165.32999674479166,5895072495.930989,yahoo
AVGO,2025-04-01,166.3699951171875,168.7100067138672,163.4199981689453,168.52000427246094,167.5161895751953,20472400,0.0,0.0,166.88333638509116,3416502415.81014,yahoo
AVGO,2025-04-02,166.0800018310547,173.42999267578125,165.5,172.08999633789062,171.06492614746094,19523700,0.0,0.0,170.33999633789062,3325666986.502075,yahoo
AVGO,2025-04-03,160.5399932861328,163.42999267578125,153.6999969482422,154.00999450683594,153.09262084960938,44354900,0.0,0.0,157.04666137695312,6965788960.708618,yahoo
AVGO,2025-04-04,148.1699981689453,152.8000030517578,139.1699981689453,146.2899932861328,145.41860961914062,72302200,0.0,0.0,146.08666483561197,10562387258.277384,yahoo
AVGO,2025-04-07,144.49000549316406,160.42999267578125,138.10000610351562,154.13999938964844,153.2218475341797,68503500,0.0,0.0,150.88999938964844,10336493073.188782,yahoo
AVGO,2025-04-08,167.6199951171875,169.77999877929688,153.08999633789062,156.02999877929688,155.1005859375,58888200,0.0,0.0,159.63333129882812,9400519540.19165,yahoo
AVGO,2025-04-09,160.5,187.3300018310547,157.50999450683594,185.14999389648438,184.04713439941406,72708300,0.0,0.0,176.663330078125,12844890402.319336,yahoo
AVGO,2025-04-10,175.3000030517578,176.9499969482422,166.39999389648438,172.3000030517578,171.273681640625,51212200,0.0,0.0,171.88333129882812,8802523539.141846,yahoo
AVGO,2025-04-11,173.6199951171875,182.66000366210938,173.30999755859375,181.94000244140625,180.85626220703125,33964100,0.0,0.0,179.30333455403647,6089876385.12675,yahoo
AVGO,2025-04-14,185.0800018310547,186.0,175.82000732421875,178.36000061035156,177.29759216308594,25748300,0.0,0.0,180.06000264485678,4636238966.100566,yahoo
AVGO,2025-04-15,179.72999572753906,182.25999450683594,178.0800018310547,178.9499969482422,177.88406372070312,17242400,0.0,0.0,179.7633310953776,3099551260.0789385,yahoo
AVGO,2025-04-16,170.42999267578125,176.0800018310547,166.9199981689453,174.61000061035156,173.56993103027344,34638600,0.0,0.0,172.5366668701172,5976428589.047241,yahoo
AVGO,2025-04-17,176.25,176.25,169.9199981689453,170.99000549316406,169.97149658203125,22501800,0.0,0.0,172.38666788736978,3879010323.4680176,yahoo
AVGO,2025-04-21,166.99000549316406,168.0,161.61000061035156,166.2100067138672,165.219970703125,23469800,0.0,0.0,165.2733357747396,3878932135.9659834,yahoo
AVGO,2025-04-22,167.42999267578125,170.52000427246094,165.22000122070312,169.5800018310547,168.56988525390625,18504900,0.0,0.0,168.44000244140625,3116965401.1779785,yahoo
AVGO,2025-04-23,177.77999877929688,180.4499969482422,175.82000732421875,176.91000366210938,175.85623168945312,24380500,0.0,0.0,177.72666931152344,4333065061.149597,yahoo
AVGO,2025-04-24,179.69000244140625,188.57000732421875,178.3000030517578,188.14999389648438,187.0292510986328,27576900,0.0,0.0,185.0066680908203,5101910385.273743,yahoo
AVGO,2025-04-25,186.9199981689453,193.3699951171875,186.88999938964844,192.30999755859375,191.16448974609375,21242300,0.0,0.0,190.8566640218099,4054234514.1504927,yahoo
AVGO,2025-04-28,190.52999877929688,193.10000610351562,187.67999267578125,192.47000122070312,191.32354736328125,16385800,0.0,0.0,191.08333333333334,3131053283.3333335,yahoo
AVGO,2025-04-29,191.72000122070312,193.25,190.10000610351562,191.1699981689453,190.03128051757812,14630000,0.0,0.0,191.5066680908203,2801742554.168701,yahoo
AVGO,2025-04-30,185.89999389648438,193.1999969482422,184.02000427246094,192.47000122070312,191.32354736328125,22768900,0.0,0.0,189.89666748046875,4323738232.196045,yahoo
AVGO,2025-05-01,198.13999938964844,201.39999389648438,196.24000549316406,197.3300018310547,196.15460205078125,24939700,0.0,0.0,198.32333374023438,4946124446.481323,yahoo
AVGO,2025-05-02,203.89999389648438,205.67999267578125,201.0800018310547,203.63999938964844,202.427001953125,17766800,0.0,0.0,203.46666463216147,3614951537.1866865,yahoo
AVGO,2025-05-05,200.25,203.22999572753906,200.0,200.72000122070312,199.52439880371094,14025400,0.0,0.0,201.31666564941406,2823546762.399292,yahoo
AVGO,2025-05-06,196.44000244140625,201.91000366210938,195.94000244140625,200.08999633789062,198.8981475830078,16348800,0.0,0.0,199.3133341471354,3258533837.3046875,yahoo
AVGO,2025-05-07,199.2899932861328,206.22999572753906,198.42999267578125,204.80999755859375,203.5900421142578,20253700,0.0,0.0,203.1566619873047,4114674084.892273,yahoo
AVGO,2025-05-08,208.0,211.16000366210938,203.69000244140625,207.77000427246094,206.5323944091797,18460900,0.0,0.0,207.54000345865884,3831375249.849955,yahoo
AVGO,2025-05-09,209.3300018310547,209.9600067138672,206.52000427246094,208.1999969482422,206.9598388671875,13289200,0.0,0.0,208.22666931152344,2767165853.8146973,yahoo
AVGO,2025-05-12,219.49000549316406,221.8000030517578,215.8800048828125,221.5800018310547,220.26014709472656,25437700,0.0,0.0,219.75333658854166,5590019450.138346,yahoo
AVGO,2025-05-13,222.0,235.27999877929688,222.0,232.4199981689453,231.0355682373047,28790500,0.0,0.0,229.8999989827474,6618935920.71279,yahoo
AVGO,2025-05-14,230.22999572753906,233.5,228.35000610351562,232.1199951171875,230.7373504638672,19751400,0.0,0.0,231.32333374023438,4568959694.036865,yahoo
AVGO,2025-05-15,230.16000366210938,234.4600067138672,228.07000732421875,232.63999938964844,231.25425720214844,18803700,0.0,0.0,231.72333780924478,4357256127.163696,yahoo
AVGO,2025-05-16,232.32000732421875,232.63999938964844,226.38999938964844,228.61000061035156,227.24826049804688,23094600,0.0,0.0,229.2133331298828,5293590243.301392,yahoo
AVGO,2025-05-19,221.85000610351562,231.25,221.60000610351562,230.6300048828125,229.25624084472656,15355500,0.0,0.0,227.82667032877603,3498392436.2335205,yahoo
AVGO,2025-05-20,226.49000549316406,231.77000427246094,226.33999633789062,231.67999267578125,230.29998779296875,11787200,0.0,0.0,229.92999776204428,2710230869.6207685,yahoo
AVGO,2025-05-21,228.38999938964844,236.5,227.8300018310547,229.72999572753906,228.36158752441406,17642900,0.0,0.0,231.35333251953125,4081743710.308838,yahoo
AVGO,2025-05-22,228.33999633789062,233.69000244140625,227.42999267578125,230.52999877929688,229.15682983398438,14340200,0.0,0.0,230.54999796549478,3306133080.824788,yahoo
AVGO,2025-05-23,226.94000244140625,230.64999389648438,226.17999267578125,228.72000122070312,227.35760498046875,15385600,0.0,0.0,228.51666259765625,3515865964.0625,yahoo
AVGO,2025-05-27,232.8699951171875,236.47999572753906,231.1300048828125,235.64999389648438,234.24632263183594,17941700,0.0,0.0,234.4199981689453,4205893281.147766,yahoo
AVGO,2025-05-28,237.14999389648438,240.99000549316406,234.42999267578125,239.42999267578125,238.00381469726562,20443000,0.0,0.0,238.28333028157553,4871226120.946249,yahoo
AVGO,2025-05-29,245.91000366210938,246.07000732421875,237.39999389648438,241.97000122070312,240.5286865234375,20743700,0.0,0.0,241.8133341471354,5016103259.547933,yahoo
AVGO,2025-05-30,241.22000122070312,243.1699981689453,234.89999389648438,242.07000732421875,240.62811279296875,27088600,0.0,0.0,240.04666646321616,6502528129.155478,yahoo
AVGO,2025-06-02,243.25,250.0,243.19000244140625,248.7100067138672,247.22854614257812,19197000,0.0,0.0,247.3000030517578,4747418158.584595,yahoo
AVGO,2025-06-03,250.0800018310547,257.8800048828125,249.39999389648438,256.8500061035156,255.320068359375,30380200,0.0,0.0,254.71000162760416,7738140791.446939,yahoo
AVGO,2025-06-04,258.05999755859375,265.42999267578125,257.5899963378906,261.0799865722656,259.52484130859375,31536000,0.0,0.0,261.3666585286458,8242458943.359374,yahoo
AVGO,2025-06-05,262.95001220703125,264.8900146484375,259.05999755859375,259.92999267578125,258.3817138671875,41970900,0.0,0.0,261.2933349609375,10966716432.312012,yahoo
AVGO,2025-06-06,251.13999938964844,255.32000732421875,246.1300048828125,246.92999267578125,245.45913696289062,41146700,0.0,0.0,249.46000162760416,10264455848.97054,yahoo
AVGO,2025-06-09,245.0500030517578,248.1699981689453,241.11000061035156,244.27999877929688,242.82493591308594,25334100,0.0,0.0,244.5199991861979,6194694111.383057,yahoo
AVGO,2025-06-10,244.22000122070312,246.27999877929688,241.39999389648438,244.6300048828125,243.1728515625,25491300,0.0,0.0,244.10333251953125,6222511280.255127,yahoo
AVGO,2025-06-11,246.36000061035156,254.77000427246094,243.8000030517578,252.91000366210938,251.40353393554688,24599000,0.0,0.0,250.49333699544272,6161885596.7508955,yahoo
AVGO,2025-06-12,250.19000244140625,257.8900146484375,249.5,256.07000732421875,254.54469299316406,20410900,0.0,0.0,254.4866739908854,5194302054.1605625,yahoo
AVGO,2025-06-13,250.66000366210938,254.0,248.35000610351562,248.6999969482422,247.21859741210938,19028400,0.0,0.0,250.3500010172526,4763759959.356689,yahoo
AVGO,2025-06-16,250.35000610351562,255.19000244140625,249.57000732421875,252.10000610351562,250.5983428955078,20363000,0.0,0.0,252.28667195638022,5137313501.0477705,yahoo
AVGO,2025-06-17,250.9499969482422,253.9600067138672,247.9199981689453,249.3699951171875,247.8845977783203,22014300,0.0,0.0,250.41666666666666,5512747625.0,yahoo
AVGO,2025-06-18,250.88999938964844,255.63999938964844,249.41000366210938,251.25999450683594,249.76333618164062,30435500,0.0,0.0,252.10333251953125,7672890976.898193,yahoo
AVGO,2025-06-20,253.2100067138672,253.52000427246094,244.1699981689453,249.99000549316406,249.0858154296875,42134900,0.59,0.0,249.22666931152344,10501140788.774109,yahoo
AVGO,2025-06-23,249.11000061035156,254.2100067138672,246.4600067138672,253.77000427246094,252.85214233398438,19747000,0.0,0.0,251.4800059000651,4965975676.508585,yahoo
AVGO,2025-06-24,258.7699890136719,265.8699951171875,258.7699890136719,263.7699890136719,262.81597900390625,32764900,0.0,0.0,262.80332438151044,8610724643.027752,yahoo
AVGO,2025-06-25,266.0,269.8699951171875,263.42999267578125,264.6499938964844,263.69281005859375,18894200,0.0,0.0,265.9833272298177,5025542181.345621,yahoo
AVGO,2025-06-26,265.0799865722656,271.6700134277344,264.1300048828125,270.1700134277344,269.1928405761719,23569600,0.0,0.0,268.65667724609375,6332130420.019531,yahoo
AVGO,2025-06-27,270.29998779296875,271.8500061035156,266.8800048828125,269.3500061035156,268.3758239746094,27477600,0.0,0.0,269.36000569661456,7401366492.529296,yahoo
AVGO,2025-06-30,274.7300109863281,277.7099914550781,272.1300048828125,275.6499938964844,274.6529846191406,24708400,0.0,0.0,275.163330078125,6798845624.902344,yahoo
AVGO,2025-07-01,274.3999938964844,274.5,262.6600036621094,264.739990234375,263.7824401855469,28847600,0.0,0.0,267.2999979654948,7710963421.309408,yahoo
AVGO,2025-07-02,263.989990234375,272.0,262.7300109863281,269.8999938964844,268.9237976074219,17582100,0.0,0.0,268.2100016276042,4715695069.616699,yahoo
AVGO,2025-07-03,270.7300109863281,275.79998779296875,270.1199951171875,275.17999267578125,274.1846923828125,10592700,0.0,0.0,273.6999918619792,2899221903.7963867,yahoo
AVGO,2025-07-07,275.1300048828125,277.55999755859375,272.6600036621094,274.17999267578125,273.18829345703125,16760600,0.0,0.0,274.7999979654948,4605812845.900473,yahoo
AVGO,2025-07-08,276.3500061035156,276.3500061035156,271.1499938964844,271.79998779296875,270.8169250488281,14869400,0.0,0.0,273.09999593098956,4060833079.4962564,yahoo
AVGO,2025-07-09,272.9599914550781,279.45001220703125,272.7200012207031,277.8999938964844,276.8948669433594,20133000,0.0,0.0,276.69000244140625,5570599819.152832,yahoo
AVGO,2025-07-10,279.7900085449219,281.17999267578125,272.70001220703125,275.3999938964844,274.4039001464844,17891600,0.0,0.0,276.4266662597656,4945715342.053223,yahoo
AVGO,2025-07-11,274.1400146484375,276.4700012207031,271.8900146484375,274.3800048828125,273.3876037597656,14274700,0.0,0.0,274.2466735839844,3914788991.4093018,yahoo
AVGO,2025-07-14,274.1300048828125,278.3599853515625,269.5799865722656,275.6000061035156,274.6031799316406,11934200,0.0,0.0,274.51332600911456,3276096935.257975,yahoo
AVGO,2025-07-15,279.80999755859375,283.3599853515625,277.8500061035156,280.94000244140625,279.9238586425781,17918400,0.0,0.0,280.71666463216144,5029993483.544922,yahoo
AVGO,2025-07-16,280.1099853515625,281.510009765625,275.6700134277344,280.80999755859375,279.7943420410156,15031000,0.0,0.0,279.3300069173177,4198609333.974202,yahoo
AVGO,2025-07-17,281.1400146484375,288.2799987792969,279.9100036621094,286.45001220703125,285.4139404296875,17231100,0.0,0.0,284.8800048828125,4908795852.13623,yahoo
AVGO,2025-07-18,287.1099853515625,287.5299987792969,281.0,283.3399963378906,282.315185546875,15012400,0.0,0.0,283.9566650390625,4262871038.232422,yahoo
AVGO,2025-07-21,283.9599914550781,290.5400085449219,283.6300048828125,288.2099914550781,287.1675720214844,17726800,0.0,0.0,287.4600016276042,5095745956.852214,yahoo
AVGO,2025-07-22,287.6499938964844,288.0,276.42999267578125,278.5899963378906,277.5823669433594,16564800,0.0,0.0,281.0066630045573,4654819171.337891,yahoo
AVGO,2025-07-23,276.7799987792969,284.0,273.0,283.69000244140625,282.6639099121094,20556200,0.0,0.0,280.23000081380206,5760463942.728678,yahoo
AVGO,2025-07-24,289.7900085449219,291.20001220703125,283.5,288.7099914550781,287.665771484375,16413800,0.0,0.0,287.80333455403644,4723946372.703043,yahoo
AVGO,2025-07-25,288.07000732421875,292.5899963378906,287.2699890136719,290.17999267578125,289.13043212890625,12476200,0.0,0.0,290.01332600911456,3618264257.954915,yahoo
AVGO,2025-07-28,292.4599914550781,295.45001220703125,290.5899963378906,294.29998779296875,293.23553466796875,13683400,0.0,0.0,293.44666544596356,4015348101.963298,yahoo
AVGO,2025-07-29,297.5,302.19000244140625,294.8699951171875,297.4200134277344,296.3442687988281,19210800,0.0,0.0,298.1600036621094,5727892198.352051,yahoo
AVGO,2025-07-30,297.1499938964844,303.260009765625,295.79998779296875,302.6199951171875,301.52545166015625,16738900,0.0,0.0,300.55999755859375,5031043743.133545,yahoo
AVGO,2025-07-31,302.79998779296875,306.95001220703125,290.2300109863281,293.70001220703125,292.6377258300781,25488500,0.0,0.0,296.9600118001302,7569065260.767618,yahoo
AVGO,2025-08-01,286.5400085449219,292.6400146484375,281.6099853515625,288.6400146484375,287.5960388183594,21428100,0.0,0.0,287.6300048828125,6163364507.629395,yahoo
AVGO,2025-08-04,292.20001220703125,298.4800109863281,291.3999938964844,297.7200012207031,296.6431884765625,17164600,0.0,0.0,295.8666687011719,5078433021.588135,yahoo
AVGO,2025-08-05,297.80999755859375,301.20001220703125,291.45001220703125,292.92999267578125,291.8705139160156,18477500,0.0,0.0,295.19333902994794,5454434921.925863,yahoo
AVGO,2025-08-06,292.8999938964844,302.80999755859375,291.8999938964844,301.6700134277344,300.57891845703125,17392100,0.0,0.0,298.7933349609375,5196643560.974121,yahoo
AVGO,2025-08-07,306.1700134277344,310.3399963378906,299.8800048828125,303.760009765625,302.6613464355469,16319400,0.0,0.0,304.6600036621094,4971868463.763428,yahoo
AVGO,2025-08-08,304.04998779296875,307.8699951171875,302.54998779296875,304.9700012207031,303.8669738769531,12458700,0.0,0.0,305.12999471028644,3801523065.097046,yahoo
AVGO,2025-08-11,305.04998779296875,308.30999755859375,301.2900085449219,303.8999938964844,302.80084228515625,12396400,0.0,0.0,304.5,3774703800.0,yahoo
AVGO,2025-08-12,306.6300048828125,313.44000244140625,304.6700134277344,312.8299865722656,311.6985168457031,17609600,0.0,0.0,310.31333414713544,5464493688.997396,yahoo
AVGO,2025-08-13,316.75,317.3500061035156,304.75,309.0899963378906,307.9720764160156,17371200,0.0,0.0,310.39666748046875,5391962590.136719,yahoo
AVGO,2025-08-14,307.010009765625,314.1700134277344,307.0,311.2300109863281,310.1043395996094,15717600,0.0,0.0,310.8000081380208,4885030207.910156,yahoo
AVGO,2025-08-15,311.0299987792969,311.5,299.760009765625,306.3399963378906,305.23199462890625,22806900,0.0,0.0,305.8666687011719,6975870526.400757,yahoo
AVGO,2025-08-18,302.70001220703125,306.1700134277344,299.0,305.760009765625,304.65411376953125,14724700,0.0,0.0,303.6433410644531,4471057104.171753,yahoo
AVGO,2025-08-19,302.4200134277344,302.8999938964844,292.3900146484375,294.9100036621094,293.8433532714844,20149600,0.0,0.0,296.73333740234375,5979058055.322266,yahoo
AVGO,2025-08-20,295.4599914550781,295.489990234375,281.8699951171875,291.1700134277344,290.11688232421875,23600500,0.0,0.0,289.50999959309894,6832580745.396932,yahoo
AVGO,2025-08-21,290.05999755859375,292.3900146484375,286.1700134277344,289.6000061035156,288.55255126953125,14946300,0.0,0.0,289.3866780598958,4325260106.286621,yahoo
AVGO,2025-08-22,291.75,300.0899963378906,289.010009765625,294.0,292.9366455078125,16301300,0.0,0.0,294.3666687011719,4798559376.498413,yahoo
AVGO,2025-08-25,292.80999755859375,298.3999938964844,291.7099914550781,294.2300109863281,293.16583251953125,15124700,0.0,0.0,294.7799987792969,4458459047.537231,yahoo
AVGO,2025-08-26,294.3500061035156,300.25,293.989990234375,298.010009765625,296.93212890625,25689100,0.0,0.0,297.4166666666667,7640366491.666667,yahoo
AVGO,2025-08-27,297.5299987792969,301.17999267578125,293.7799987792969,300.25,299.1640319824219,13830300,0.0,0.0,298.40333048502606,4127007581.607056,yahoo
AVGO,2025-08-28,302.92999267578125,311.0,302.3299865722656,308.6499938964844,307.53363037109375,18907100,0.0,0.0,307.32666015625,5810655896.240234,yahoo
AVGO,2025-08-29,307.010009765625,307.010009765625,293.6600036621094,297.3900146484375,296.31439208984375,21610700,0.0,0.0,299.3533426920573,6469235282.915243,yahoo
AVGO,2025-09-02,289.3399963378906,298.7099914550781,287.1700134277344,298.239990234375,297.16131591796875,19693000,0.0,0.0,294.7066650390625,5803658354.614258,yahoo
AVGO,2025-09-03,302.2900085449219,304.45001220703125,296.3999938964844,302.3900146484375,301.2962951660156,18529400,0.0,0.0,301.0800069173177,5578831880.173746,yahoo
AVGO,2025-09-04,305.05999755859375,308.7799987792969,302.25,306.1000061035156,304.9928894042969,31220800,0.0,0.0,305.7100016276042,9544510818.815105,yahoo
AVGO,2025-09-05,355.7799987792969,356.3399963378906,331.4200134277344,334.8900146484375,333.6787414550781,78401600,0.0,0.0,340.8833414713542,26725799384.700523,yahoo
AVGO,2025-09-08,342.75,354.1700134277344,341.25,345.6499938964844,344.3998107910156,43535600,0.0,0.0,347.02333577473956,15107869136.954752,yahoo
AVGO,2025-09-09,349.54998779296875,350.9800109863281,335.8299865722656,336.6700134277344,335.45233154296875,26972300,0.0,0.0,341.1600036621094,9201869966.775513,yahoo
AVGO,2025-09-10,351.5199890136719,372.9700012207031,350.54998779296875,369.57000732421875,368.2333068847656,51086800,0.0,0.0,364.3633321126302,18614156674.971516,yahoo
AVGO,2025-09-11,371.17999267578125,374.2300109863281,358.760009765625,359.6300048828125,358.3292541503906,29430900,0.0,0.0,364.20667521158856,10718930237.484741,yahoo
AVGO,2025-09-12,362.9100036621094,364.3900146484375,357.1600036621094,359.8699951171875,358.5683898925781,31949800,0.0,0.0,360.4733378092448,11517051048.33781,yahoo
AVGO,2025-09-15,359.8699951171875,365.5,356.3399963378906,364.0899963378906,362.77313232421875,21792200,0.0,0.0,361.97666422526044,7888267862.129721,yahoo
AVGO,2025-09-16,365.42999267578125,365.69000244140625,356.989990234375,360.0,358.69793701171875,21306500,0.0,0.0,360.89333089192706,7689373754.648844,yahoo
AVGO,2025-09-17,358.8500061035156,359.92999267578125,341.5,346.1700134277344,344.9179382324219,45197100,0.0,0.0,349.2000020345052,15782827411.953735,yahoo
AVGO,2025-09-18,350.0,350.70001220703125,343.7900085449219,345.3500061035156,344.1009216308594,24663900,0.0,0.0,346.61334228515625,8548836812.786865,yahoo
AVGO,2025-09-19,344.6499938964844,346.2699890136719,336.42999267578125,344.94000244140625,343.6923828125,41240100,0.0,0.0,342.5466613769531,14126658569.851685,yahoo
AVGO,2025-09-22,342.42999267578125,346.6700134277344,337.94000244140625,338.7900085449219,338.14300537109375,28660000,0.59,0.0,341.1333414713542,9776881566.569012,yahoo
AVGO,2025-09-23,340.239990234375,345.2200012207031,337.0199890136719,338.94000244140625,338.292724609375,21944100,0.0,0.0,340.39333089192706,7469625292.425537,yahoo
AVGO,2025-09-24,339.760009765625,340.0799865722656,333.80999755859375,339.30999755859375,338.6620178222656,19677300,0.0,0.0,337.7333272298177,6645679999.899292,yahoo
AVGO,2025-09-25,332.989990234375,338.05999755859375,327.29998779296875,336.1000061035156,335.4581298828125,21678200,0.0,0.0,333.8199971516927,7236616662.253824,yahoo
AVGO,2025-09-26,337.42999267578125,339.0799865722656,330.5799865722656,334.5299987792969,333.8911437988281,15464700,0.0,0.0,334.72999064127606,5176498886.270142,yahoo
AVGO,2025-09-29,336.0,341.04998779296875,327.54998779296875,327.8999938964844,327.2738037109375,21336000,0.0,0.0,332.1666564941406,7087107782.958984,yahoo
AVGO,2025-09-30,330.1199951171875,331.04998779296875,324.6099853515625,329.9100036621094,329.27996826171875,20109500,0.0,0.0,328.52332560221356,6606439816.197714,yahoo
AVGO,2025-10-01,328.1499938964844,337.95001220703125,324.5,333.3900146484375,332.7533264160156,21122700,0.0,0.0,331.94667561848956,7011610045.08667,yahoo
AVGO,2025-10-02,347.6099853515625,347.6099853515625,335.25,338.17999267578125,337.5341491699219,19917600,0.0,0.0,340.34665934244794,6778888622.119141,yahoo
AVGO,2025-10-03,341.5,344.3999938964844,335.739990234375,338.3699951171875,337.7237854003906,14749100,0.0,0.0,339.5033264160156,5007368511.642456,yahoo
AVGO,2025-10-06,335.9200134277344,344.1300048828125,334.55999755859375,335.489990234375,334.84930419921875,18465700,0.0,0.0,338.05999755859375,6242514496.917725,yahoo
AVGO,2025-10-07,337.0299987792969,338.1099853515625,326.5799865722656,336.4100036621094,335.7675476074219,18086700,0.0,0.0,333.6999918619792,6035531642.810059,yahoo
AVGO,2025-10-08,333.82000732421875,346.5400085449219,332.6199951171875,345.5,344.8401794433594,21478300,0.0,0.0,341.55333455403644,7335984985.551961,yahoo
AVGO,2025-10-09,345.75,347.30999755859375,340.3999938964844,345.0199890136719,344.361083984375,17643700,0.0,0.0,344.2433268229167,6073725985.465495,yahoo
AVGO,2025-10-10,345.3900146484375,350.6000061035156,324.04998779296875,324.6300048828125,324.0100402832031,28941000,0.0,0.0,333.0933329264323,9640054148.223877,yahoo
AVGO,2025-10-13,352.7699890136719,359.3800048828125,343.5199890136719,356.70001220703125,356.018798828125,45984300,0.0,0.0,353.2000020345052,16241654853.555298,yahoo
AVGO,2025-10-14,350.1300048828125,350.6700134277344,339.6499938964844,344.1300048828125,343.4728088378906,22078000,0.0,0.0,344.81667073567706,7612862456.502278,yahoo
AVGO,2025-10-15,354.4700012207031,359.3999938964844,347.5,351.3299865722656,350.6590270996094,23918500,0.0,0.0,352.7433268229167,8437091262.613933,yahoo
AVGO,2025-10-16,356.79998779296875,363.239990234375,349.489990234375,354.1499938964844,353.4736633300781,20317200,0.0,0.0,355.6266581217448,7225337938.391113,yahoo
AVGO,2025-10-17,349.6099853515625,350.9700012207031,340.7799987792969,349.3299865722656,348.6628723144531,20937900,0.0,0.0,347.0266621907552,7266009550.283813,yahoo
AVGO,2025-10-20,353.79998779296875,356.5899963378906,347.8399963378906,349.239990234375,348.5730285644531,15640200,0.0,0.0,351.22332763671875,5493203088.903809,yahoo
AVGO,2025-10-21,350.0,351.1000061035156,341.30999755859375,342.6600036621094,342.005615234375,16092600,0.0,0.0,345.02333577473956,5552322533.288574,yahoo
AVGO,2025-10-22,347.29998779296875,348.010009765625,335.510009765625,340.29998779296875,339.6501159667969,19268800,0.0,0.0,341.27333577473956,6575927652.376302,yahoo
AVGO,2025-10-23,340.3999938964844,346.57000732421875,340.3999938964844,344.2900085449219,343.63250732421875,12859200,0.0,0.0,343.7533365885417,4420392905.859375,yahoo
AVGO,2025-10-24,352.510009765625,358.29998779296875,350.8800048828125,354.1300048828125,353.4537048339844,16143700,0.0,0.0,354.43666585286456,5721919202.52889,yahoo
AVGO,2025-10-27,361.5400085449219,362.75,355.0799865722656,362.04998779296875,361.35858154296875,20065800,0.0,0.0,359.9599914550781,7222885196.539307,yahoo
AVGO,2025-10-28,362.6199951171875,374.05999755859375,362.5299987792969,372.9700012207031,372.2577209472656,21056000,0.0,0.0,369.85333251953125,7787631769.53125,yahoo
AVGO,2025-10-29,373.19000244140625,386.4800109863281,373.19000244140625,385.9800109863281,385.2428894042969,24975200,0.0,0.0,381.8833414713542,9537612829.915365,yahoo
AVGO,2025-10-30,386.3999938964844,386.3999938964844,370.05999755859375,376.4700012207031,375.75103759765625,24295300,0.0,0.0,377.64333089192706,9174958017.018635,yahoo
AVGO,2025-10-31,378.2699890136719,378.82000732421875,365.1000061035156,369.6300048828125,368.9241027832031,21598400,0.0,0.0,371.18333943684894,8016966238.492838,yahoo
AVGO,2025-11-03,372.0,374.8500061035156,361.9800109863281,362.54998779296875,361.85760498046875,17198900,0.0,0.0,366.4600016276042,6302708921.993002,yahoo
AVGO,2025-11-04,358.5199890136719,368.95001220703125,351.0,351.94000244140625,351.26788330078125,24047500,0.0,0.0,357.2966715494792,8592091709.086102,yahoo
AVGO,2025-11-05,350.8900146484375,364.8699951171875,350.0899963378906,358.9800109863281,358.2944641113281,17087600,0.0,0.0,357.98000081380206,6117019061.905924,yahoo
AVGO,2025-11-06,360.1099853515625,363.5,352.7099914550781,355.5899963378906,354.9109191894531,19896900,0.0,0.0,357.26666259765625,7108499059.039307,yahoo
AVGO,2025-11-07,354.19000244140625,354.5,337.2699890136719,349.42999267578125,348.7626647949219,21903200,0.0,0.0,347.06666056315106,7601870479.646811,yahoo
AVGO,2025-11-10,357.8999938964844,360.0,354.6099853515625,358.3900146484375,357.7055969238281,16409000,0.0,0.0,357.6666666666667,5868952333.333334,yahoo
AVGO,2025-11-11,358.9700012207031,361.8900146484375,349.6700134277344,351.9599914550781,351.287841796875,16446800,0.0,0.0,354.5066731770833,5830500352.408854,yahoo
AVGO,2025-11-12,358.0400085449219,358.8699951171875,351.67999267578125,355.2200012207031,354.5416259765625,12190500,0.0,0.0,355.2566630045573,4330756350.357056,yahoo
AVGO,2025-11-13,351.5799865722656,353.54998779296875,334.1600036621094,339.9800109863281,339.33074951171875,22616600,0.0,0.0,342.56333414713544,7747617903.0721035,yahoo
AVGO,2025-11-14,331.4700012207031,344.739990234375,329.05999755859375,342.4599914550781,341.80596923828125,18500800,0.0,0.0,338.7533264160156,6267207541.357422,yahoo
AVGO,2025-11-17,339.82000732421875,352.20001220703125,337.5199890136719,342.6499938964844,341.9956359863281,14799600,0.0,0.0,344.1233317057292,5092887659.912109,yahoo
AVGO,2025-11-18,343.20001220703125,347.9700012207031,335.510009765625,340.5,339.8497314453125,21726800,0.0,0.0,341.32667032877606,7415936300.899252,yahoo
AVGO,2025-11-19,340.7099914550781,359.69000244140625,337.79998779296875,354.4200134277344,353.7431640625,21851900,0.0,0.0,350.6366678873698,7662077403.008017,yahoo
AVGO,2025-11-20,366.0,376.0799865722656,345.17999267578125,346.82000732421875,346.1576843261719,28867000,0.0,0.0,356.0266621907552,10277421657.46053,yahoo
AVGO,2025-11-21,345.1600036621094,348.6000061035156,331.79998779296875,340.20001220703125,339.5503234863281,30280300,0.0,0.0,340.2000020345052,10301358121.605427,yahoo
AVGO,2025-11-24,347.7300109863281,382.0,347.6600036621094,377.9599914550781,377.2381896972656,47262400,0.0,0.0,369.2066650390625,17449593085.742188,yahoo
AVGO,2025-11-25,384.92999267578125,388.1300048828125,371.75,385.0299987792969,384.2947082519531,33507600,0.0,0.0,381.6366678873698,12787728812.902832,yahoo
AVGO,2025-11-26,385.54998779296875,399.8699951171875,383.260009765625,397.57000732421875,396.8107604980469,28693000,0.0,0.0,393.56667073567706,11292608483.418781,yahoo
AVGO,2025-11-28,399.3500061035156,403.0,397.1600036621094,402.9599914550781,402.1904602050781,13365500,0.0,0.0,401.0399983723958,5360100098.246256,yahoo
AVGO,2025-12-01,394.8500061035156,395.4200134277344,385.1000061035156,386.0799865722656,385.3426818847656,23252000,0.0,0.0,388.8666687011719,9041927780.639648,yahoo
AVGO,2025-12-02,388.30999755859375,393.5,379.7900085449219,381.57000732421875,380.84130859375,22207000,0.0,0.0,384.9533386230469,8548658790.802002,yahoo
AVGO,2025-12-03,380.0,382.29998779296875,370.6499938964844,380.6099853515625,379.88311767578125,21336400,0.0,0.0,377.8533223470052,8062029626.924642,yahoo
AVGO,2025-12-04,380.67999267578125,383.8900146484375,376.5299987792969,381.0299987792969,380.3023376464844,15845900,0.0,0.0,380.48333740234375,6029100916.143799,yahoo
AVGO,2025-12-05,386.1700134277344,393.5299987792969,385.1499938964844,390.239990234375,389.4947509765625,24779900,0.0,0.0,389.63999430338544,9655240094.83846,yahoo
AVGO,2025-12-08,402.4800109863281,407.2900085449219,397.3999938964844,401.1000061035156,400.3340148925781,30410600,0.0,0.0,401.9300028483073,12222932544.618734,yahoo
AVGO,2025-12-09,398.75,406.92999267578125,395.510009765625,406.2900085449219,405.51409912109375,24546000,0.0,0.0,402.9100036621094,9889828949.890137,yahoo
AVGO,2025-12-10,402.20001220703125,414.6099853515625,399.55999755859375,412.9700012207031,412.18133544921875,31531000,0.0,0.0,409.0466613769531,12897650279.876709,yahoo
AVGO,2025-12-11,404.8299865722656,409.29998779296875,394.19000244140625,406.3699951171875,405.59393310546875,45681600,0.0,0.0,403.2866617838542,18422779968.945312,yahoo
AVGO,2025-12-12,379.9599914550781,382.0,355.1499938964844,359.92999267578125,359.24261474609375,95588500,0.0,0.0,365.6933288574219,34956076765.48767,yahoo
AVGO,2025-12-15,361.8900146484375,362.0,337.510009765625,339.80999755859375,339.1610412597656,65894900,0.0,0.0,346.44000244140625,22828629316.87622,yahoo
AVGO,2025-12-16,336.0199890136719,347.5,335.05999755859375,341.29998779296875,340.648193359375,58061100,0.0,0.0,341.2866617838542,19815478998.498535,yahoo
AVGO,2025-12-17,346.6099853515625,346.6099853515625,321.4200134277344,326.0199890136719,325.3973693847656,73300900,0.0,0.0,331.34999593098956,24288252916.737873,yahoo
AVGO,2025-12-18,336.0,336.0299987792969,323.6300048828125,329.8800048828125,329.2500305175781,54501900,0.0,0.0,329.84666951497394,17977270197.23816,yahoo
AVGO,2025-12-19,333.3399963378906,343.45001220703125,332.5799865722656,340.3599853515625,339.7099914550781,159095200,0.0,0.0,338.7966613769531,53900922601.09863,yahoo
AVGO,2025-12-22,346.0299987792969,346.239990234375,337.2200012207031,341.45001220703125,341.45001220703125,28739600,0.65,0.0,341.6366678873698,9818501180.415854,yahoo
AVGO,2025-12-23,340.80999755859375,350.1099853515625,338.5400085449219,349.32000732421875,349.32000732421875,28232600,0.0,0.0,345.99000040690106,9768197285.487875,yahoo
AVGO,2025-12-24,350.69000244140625,352.8599853515625,347.1400146484375,350.2200012207031,350.2200012207031,11424400,0.0,0.0,350.0733337402344,3999377793.9819336,yahoo
AVGO,2025-12-26,351.05999755859375,353.25,347.75,352.1300048828125,352.1300048828125,15028100,0.0,0.0,351.0433349609375,5275514342.126465,yahoo
AVGO,2025-12-29,348.7200012207031,350.3299865722656,344.69000244140625,349.3900146484375,349.3900146484375,21946900,0.0,0.0,348.1366678873698,7640520636.457316,yahoo
AVGO,2025-12-30,349.9700012207031,352.67999267578125,349.29998779296875,349.8500061035156,349.8500061035156,16633600,0.0,0.0,350.60999552408856,5831906421.5494795,yahoo
AVGO,2025-12-31,349.7300109863281,349.8800048828125,345.4200134277344,346.1000061035156,346.1000061035156,15346100,0.0,0.0,347.1333414713542,5327142971.553549,yahoo
AVGO,2026-01-02,352.7799987792969,360.6600036621094,345.55999755859375,347.6199951171875,347.6199951171875,25398600,0.0,0.0,351.2799987792969,8922020176.99585,yahoo
AVGO,2026-01-05,354.739990234375,355.0299987792969,336.5,343.4200134277344,343.4200134277344,31136000,0.0,0.0,344.98333740234375,10741401193.359375,yahoo
AVGO,2026-01-06,343.6000061035156,349.04998779296875,338.0,343.7699890136719,343.7699890136719,27135500,0.0,0.0,343.6066589355469,9323938493.545532,yahoo
AVGO,2026-01-07,341.70001220703125,349.70001220703125,335.8800048828125,343.5,343.5,20249300,0.0,0.0,343.02667236328125,6946049996.685791,yahoo
AVGO,2026-01-08,342.7799987792969,343.67999267578125,330.5,332.4800109863281,332.4800109863281,24385200,0.0,0.0,335.55333455403644,8182535173.76709,yahoo
AVGO,2026-01-09,337.9200134277344,347.3900146484375,333.5,344.9700012207031,344.9700012207031,22482500,0.0,0.0,341.9533386230469,7687965935.592651,yahoo
AVGO,2026-01-12,340.95001220703125,353.8999938964844,340.95001220703125,352.2099914550781,352.2099914550781,20949600,0.0,0.0,349.01999918619794,7311829374.951172,yahoo
AVGO,2026-01-13,352.8800048828125,359.489990234375,350.9100036621094,354.6099853515625,354.6099853515625,18308000,0.0,0.0,355.0033264160156,6499400900.024414,yahoo
AVGO,2026-01-14,348.9700012207031,350.69000244140625,334.4200134277344,339.8900146484375,339.8900146484375,30094700,0.0,0.0,341.6666768391927,10282356139.472452,yahoo
AVGO,2026-01-15,349.1199951171875,349.67999267578125,341.6700134277344,343.0199890136719,343.0199890136719,22218800,0.0,0.0,344.7899983723958,7660820015.836588,yahoo
AVGO,2026-01-16,346.2699890136719,354.510009765625,344.04998779296875,351.7099914550781,351.7099914550781,31291200,0.0,0.0,350.0899963378906,10954736093.408203,yahoo
AVGO,2026-01-20,344.1000061035156,345.3999938964844,331.79998779296875,332.6000061035156,332.6000061035156,32293900,0.0,0.0,336.59999593098956,10870126608.595783,yahoo
AVGO,2026-01-21,335.510009765625,335.79998779296875,324.20001220703125,328.79998779296875,328.79998779296875,32006600,0.0,0.0,329.59999593098956,10549375229.76481,yahoo
AVGO,2026-01-22,335.3500061035156,336.989990234375,324.8900146484375,325.489990234375,325.489990234375,24275400,0.0,0.0,329.1233317057292,7989600526.489258,yahoo
AVGO,2026-01-23,319.29998779296875,321.989990234375,314.1099853515625,320.04998779296875,320.04998779296875,30259500,0.0,0.0,318.71665445963544,9644206605.621338,yahoo
AVGO,2026-01-26,319.79998779296875,328.67999267578125,317.6000061035156,324.8500061035156,324.8500061035156,25006400,0.0,0.0,323.7100016276042,8094821784.700521,yahoo
AVGO,2026-01-27,329.760009765625,334.760009765625,327.0199890136719,332.7900085449219,332.7900085449219,25537600,0.0,0.0,331.52333577473956,8466310339.680989,yahoo
AVGO,2026-01-28,338.8500061035156,339.989990234375,326.70001220703125,333.239990234375,333.239990234375,23001700,0.0,0.0,333.30999755859375,7666696570.843506,yahoo
AVGO,2026-01-29,332.55999755859375,335.95001220703125,320.2799987792969,330.7300109863281,330.7300109863281,20447500,0.0,0.0,328.98667399088544,6726955016.42863,yahoo
AVGO,2026-01-30,332.44000244140625,338.20001220703125,328.3299865722656,331.29998779296875,331.29998779296875,28313000,0.0,0.0,332.60999552408856,9417186803.27352,yahoo
AVGO,2026-02-02,326.1099853515625,336.05999755859375,325.75,331.1099853515625,331.1099853515625,17278200,0.0,0.0,330.97332763671875,5718623349.572754,yahoo
AVGO,2026-02-03,336.739990234375,338.8999938964844,308.6499938964844,320.3299865722656,320.3299865722656,36914800,0.0,0.0,322.6266581217448,11909698559.232586,yahoo
AVGO,2026-02-04,319.510009765625,319.510009765625,295.29998779296875,308.04998779296875,308.04998779296875,43330300,0.0,0.0,307.6199951171875,13329266674.42627,yahoo
AVGO,2026-02-05,314.3399963378906,326.5299987792969,306.70001220703125,310.510009765625,310.510009765625,42775800,0.0,0.0,314.5800069173177,13456411459.893799,yahoo
AVGO,2026-02-06,320.1000061035156,335.0,316.29998779296875,332.9200134277344,332.9200134277344,33003400,0.0,0.0,328.0733337402344,10827535462.762451,yahoo
AVGO,2026-02-09,330.7699890136719,352.3399963378906,330.6499938964844,343.94000244140625,343.94000244140625,30091000,0.0,0.0,342.30999755859375,10300450136.535645,yahoo
AVGO,2026-02-10,347.4700012207031,348.010009765625,339.8399963378906,340.44000244140625,340.44000244140625,19542700,0.0,0.0,342.7633361816406,6698521049.996948,yahoo
AVGO,2026-02-11,346.79998779296875,347.20001220703125,333.739990234375,342.760009765625,342.760009765625,17004700,0.0,0.0,341.23333740234375,5802570532.525635,yahoo
AVGO,2026-02-12,343.8299865722656,346.2900085449219,329.55999755859375,331.1700134277344,331.1700134277344,22007300,0.0,0.0,335.67333984375,7387263891.943359,yahoo
AVGO,2026-02-13,329.8500061035156,334.32000732421875,324.69000244140625,325.1700134277344,325.1700134277344,18379500,0.0,0.0,328.0600077311198,6029578912.094116,yahoo
