symbol,date,open,high,low,close,adjusted_close,volume,dividends,stock_splits,typical_price,traded_value,source
GOOG,2023-02-17,95.06999969482422,95.75,93.44999694824219,94.58999633789062,93.88582611083984,31095100,0.0,0.0,94.59666442871094,2941492740.0772095,yahoo
GOOG,2023-02-21,93.23999786376953,93.41500091552734,92.0,92.05000305175781,91.36475372314453,28367200,0.0,0.0,92.48833465576172,2623635086.846924,yahoo
GOOG,2023-02-22,91.93399810791016,92.36000061035156,90.87000274658203,91.80000305175781,91.11661529541016,29891100,0.0,0.0,91.67666880289714,2740316474.8542786,yahoo
GOOG,2023-02-23,92.12999725341797,92.12999725341797,90.01000213623047,91.06999969482422,90.39204406738281,32423700,0.0,0.0,91.06999969482422,2952826349.105072,yahoo
GOOG,2023-02-24,89.62999725341797,90.12999725341797,88.86000061035156,89.3499984741211,88.68485260009766,31295600,0.0,0.0,89.44666544596355,2799287063.130697,yahoo
GOOG,2023-02-27,90.08999633789062,90.44999694824219,89.61000061035156,90.0999984741211,89.42926788330078,22724300,0.0,0.0,90.05333201090495,2046398932.6154075,yahoo
GOOG,2023-02-28,89.54000091552734,91.44999694824219,89.5199966430664,90.30000305175781,89.6277847290039,30546900,0.0,0.0,90.42333221435547,2762152486.818695,yahoo
GOOG,2023-03-01,90.16000366210938,91.19999694824219,89.8499984741211,90.51000213623047,89.83621978759766,26323900,0.0,0.0,90.51999918619792,2382839406.5775557,yahoo
GOOG,2023-03-02,89.86000061035156,92.4800033569336,89.7699966430664,92.30999755859375,91.62281799316406,23328600,0.0,0.0,91.51999918619792,2135033453.0151367,yahoo
GOOG,2023-03-03,92.73999786376953,94.11000061035156,92.66000366210938,94.0199966430664,93.32007598876953,30242500,0.0,0.0,93.59666697184245,2830597200.8959455,yahoo
GOOG,2023-03-06,94.36000061035156,96.30000305175781,94.30000305175781,95.58000183105469,94.86847686767578,28288200,0.0,0.0,95.39333597819011,2698505766.8182373,yahoo
GOOG,2023-03-07,95.41999816894531,96.08999633789062,93.84400177001953,94.16999816894531,93.4689712524414,24101500,0.0,0.0,94.70133209228516,2282444155.4222107,yahoo
GOOG,2023-03-08,94.40499877929688,96.23999786376953,94.40499877929688,94.6500015258789,93.94540405273438,25395200,0.0,0.0,95.09833272298177,2415041179.1666665,yahoo
GOOG,2023-03-09,94.48999786376953,95.91999816894531,92.3550033569336,92.66000366210938,91.97021484375,24438900,0.0,0.0,93.64500172932942,2288580832.762909,yahoo
GOOG,2023-03-10,92.5,93.18000030517578,90.80000305175781,91.01000213623047,90.33248901367188,32850100,0.0,0.0,91.66333516438802,3011149726.4836626,yahoo
GOOG,2023-03-13,90.56500244140625,93.08000183105469,89.94000244140625,91.66000366210938,90.9776611328125,31508600,0.0,0.0,91.56000264485677,2884927499.335734,yahoo
GOOG,2023-03-14,93.06999969482422,94.83000183105469,92.77999877929688,94.25,93.54837799072266,32303900,0.0,0.0,93.95333353678386,3035059091.238912,yahoo
GOOG,2023-03-15,93.54000091552734,97.25,93.04000091552734,96.55000305175781,95.83124542236328,38367300,0.0,0.0,95.61333465576172,3668425494.7380066,yahoo
GOOG,2023-03-16,96.56999969482422,101.97000122070312,95.87000274658203,101.06999969482422,100.31761169433594,54499500,0.0,0.0,99.6366678873698,5430148581.52771,yahoo
GOOG,2023-03-17,100.83999633789062,103.48999786376953,100.75,102.45999908447266,101.6972427368164,76140300,0.0,0.0,102.23333231608073,7784076592.546082,yahoo
GOOG,2023-03-20,101.05999755859375,102.58000183105469,100.79000091552734,101.93000030517578,101.17119598388672,26033900,0.0,0.0,101.76666768391927,2649383249.8163857,yahoo
GOOG,2023-03-21,101.9800033569336,105.95999908447266,101.86000061035156,105.83999633789062,105.05208587646484,33122800,0.0,0.0,104.55333201090495,3463099105.5308027,yahoo
GOOG,2023-03-22,105.13999938964844,107.51000213623047,104.20999908447266,104.22000122070312,103.44416046142578,32336900,0.0,0.0,105.31333414713542,3405506754.9825034,yahoo
GOOG,2023-03-23,105.88999938964844,107.10099792480469,105.41000366210938,106.26000213623047,105.4689712524414,31385800,0.0,0.0,106.25700124104817,3334960989.5512896,yahoo
GOOG,2023-03-24,105.73999786376953,106.16000366210938,104.73999786376953,106.05999755859375,105.27044677734375,25236200,0.0,0.0,105.65333302815755,2666288642.9651895,yahoo
GOOG,2023-03-27,105.31999969482422,105.4000015258789,102.62999725341797,103.05999755859375,102.29278564453125,25393400,0.0,0.0,103.69666544596355,2633210904.3355308,yahoo
GOOG,2023-03-28,103.0,103.0,100.27999877929688,101.36000061035156,100.6054458618164,24913500,0.0,0.0,101.54666646321614,2529882874.9313354,yahoo
GOOG,2023-03-29,102.72000122070312,102.81999969482422,101.02999877929688,101.9000015258789,101.14142608642578,26148300,0.0,0.0,101.91666666666667,2664947575.0,yahoo
GOOG,2023-03-30,101.44000244140625,101.61000061035156,100.29000091552734,101.31999969482422,100.56573486328125,25009800,0.0,0.0,101.07333374023438,2527823862.1765137,yahoo
GOOG,2023-03-31,101.70999908447266,104.19000244140625,101.44000244140625,104.0,103.22578430175781,28108000,0.0,0.0,103.21000162760417,2901026725.748698,yahoo
GOOG,2023-04-03,102.66999816894531,104.94999694824219,102.37999725341797,104.91000366210938,104.12902069091797,20719900,0.0,0.0,104.07999928792317,2156527177.245839,yahoo
GOOG,2023-04-04,104.83999633789062,106.0999984741211,104.5999984741211,105.12000274658203,104.33745574951172,20377200,0.0,0.0,105.27333323160808,2145175765.927124,yahoo
GOOG,2023-04-05,106.12000274658203,106.54000091552734,104.10199737548828,104.94999694824219,104.1687240600586,21864200,0.0,0.0,105.19733174641927,2300055500.77006,yahoo
GOOG,2023-04-06,105.7699966430664,109.62999725341797,104.81500244140625,108.9000015258789,108.08930969238281,34684200,0.0,0.0,107.7816670735677,3738320897.113037,yahoo
GOOG,2023-04-10,107.38999938964844,107.97000122070312,105.5999984741211,106.94999694824219,106.15382385253906,19741500,0.0,0.0,106.83999888102214,2109181837.9096985,yahoo
GOOG,2023-04-11,106.91999816894531,107.22000122070312,105.27999877929688,106.12000274658203,105.33001708984375,18721300,0.0,0.0,106.20666758219402,1988326885.8065288,yahoo
GOOG,2023-04-12,107.38999938964844,107.58699798583984,104.97000122070312,105.22000122070312,104.43671417236328,22761600,0.0,0.0,105.92566680908203,2411037657.6416016,yahoo
GOOG,2023-04-13,106.47000122070312,108.26499938964844,106.44000244140625,108.19000244140625,107.38459777832031,21650700,0.0,0.0,107.63166809082031,2330300956.3339233,yahoo
GOOG,2023-04-14,107.69000244140625,109.58000183105469,107.58999633789062,109.45999908447266,108.6451416015625,20758700,0.0,0.0,108.87666575113933,2260138041.328176,yahoo
GOOG,2023-04-17,105.43000030517578,106.70999908447266,105.31999969482422,106.41999816894531,105.62776947021484,29043400,0.0,0.0,106.14999898274739,3082956880.4555254,yahoo
GOOG,2023-04-18,107.0,107.05000305175781,104.77999877929688,105.12000274658203,104.33745574951172,17641400,0.0,0.0,105.6500015258789,1863813936.9186401,yahoo
GOOG,2023-04-19,104.21499633789062,105.7249984741211,103.80000305175781,105.0199966430664,104.23818969726562,16732000,0.0,0.0,104.84833272298177,1754322303.120931,yahoo
GOOG,2023-04-20,104.6500015258789,106.88800048828125,104.63999938964844,105.9000015258789,105.11165618896484,22515300,0.0,0.0,105.80933380126953,2382328893.335724,yahoo
GOOG,2023-04-21,106.08999633789062,106.63999938964844,105.48500061035156,105.91000366210938,105.12157440185547,22379000,0.0,0.0,106.0116678873698,2372435115.6514487,yahoo
GOOG,2023-04-24,106.05000305175781,107.31999969482422,105.36000061035156,106.77999877929688,105.98509979248047,21410900,0.0,0.0,106.48666636149089,2279975364.7992454,yahoo
GOOG,2023-04-25,106.61000061035156,107.44000244140625,104.55999755859375,104.61000061035156,103.83123779296875,31408100,0.0,0.0,105.53666687011719,3314706186.7233276,yahoo
GOOG,2023-04-26,105.55999755859375,107.0199966430664,103.2699966430664,104.44999694824219,103.67243194580078,37068200,0.0,0.0,104.913330078125,3888948302.001953,yahoo
GOOG,2023-04-27,105.2300033569336,109.1500015258789,104.41999816894531,108.37000274658203,107.56327056884766,38235200,0.0,0.0,107.31333414713542,4103146793.7825522,yahoo
GOOG,2023-04-28,107.80000305175781,108.29000091552734,106.04000091552734,108.22000122070312,107.41437530517578,23957900,0.0,0.0,107.51666768391927,2575873572.7045693,yahoo
GOOG,2023-05-01,107.72000122070312,108.68000030517578,107.5,107.70999908447266,106.90817260742188,20926300,0.0,0.0,107.96333312988281,2259273098.0758667,yahoo
GOOG,2023-05-02,107.66000366210938,107.7300033569336,104.5,105.9800033569336,105.19104766845703,20343100,0.0,0.0,106.07000223795573,2157792662.5269575,yahoo
GOOG,2023-05-03,106.22000122070312,108.12999725341797,105.62000274658203,106.12000274658203,105.33001708984375,17116300,0.0,0.0,106.62333424886067,1824996976.003774,yahoo
GOOG,2023-05-04,106.16000366210938,106.30000305175781,104.69999694824219,105.20999908447266,104.42677307128906,19780600,0.0,0.0,105.40333302815755,2084941169.2967732,yahoo
GOOG,2023-05-05,105.31999969482422,106.44000244140625,104.73899841308594,106.21499633789062,105.42430114746094,20710600,0.0,0.0,105.79799906412761,2191140039.4175215,yahoo
GOOG,2023-05-08,105.79499816894531,108.41999816894531,105.79000091552734,108.23999786376953,107.4342269897461,17266000,0.0,0.0,107.48333231608073,1855807215.76945,yahoo
GOOG,2023-05-09,108.77999877929688,110.59500122070312,107.7249984741211,107.94000244140625,107.13646697998047,24782400,0.0,0.0,108.75333404541016,2695168625.6469727,yahoo
GOOG,2023-05-10,108.55000305175781,113.51000213623047,108.4800033569336,112.27999877929688,111.44416046142578,47533500,0.0,0.0,111.42333475748698,5296341082.695007,yahoo
GOOG,2023-05-11,115.86000061035156,118.44000244140625,114.93000030517578,116.9000015258789,116.02976989746094,57115100,0.0,0.0,116.75666809082031,6668568773.674011,yahoo
GOOG,2023-05-12,117.0,118.26000213623047,116.55000305175781,117.91999816894531,117.04216003417969,31293800,0.0,0.0,117.57666778564453,3679420726.350403,yahoo
GOOG,2023-05-15,116.48999786376953,118.79499816894531,116.4800033569336,116.95999908447266,116.08930969238281,22107900,0.0,0.0,117.41166687011719,2595725389.997864,yahoo
GOOG,2023-05-16,116.83000183105469,121.19999694824219,116.83000183105469,120.08999633789062,119.19601440429688,32370100,0.0,0.0,119.37333170572917,3864126684.647624,yahoo
GOOG,2023-05-17,120.18000030517578,122.27999877929688,119.45999908447266,121.4800033569336,120.5756607055664,26659600,0.0,0.0,121.07333374023438,3227766648.1811523,yahoo
GOOG,2023-05-18,121.55999755859375,123.9000015258789,121.48999786376953,123.5199966430664,122.60047912597656,27014500,0.0,0.0,122.96999867757161,3321973029.275258,yahoo
GOOG,2023-05-19,124.19999694824219,126.47899627685547,122.72000122070312,123.25,122.3324966430664,30268900,0.0,0.0,124.14966583251953,3757873820.1179504,yahoo
GOOG,2023-05-22,123.51000213623047,127.05000305175781,123.44999694824219,125.87000274658203,124.93299102783203,29760200,0.0,0.0,125.45666758219402,3733615518.5796103,yahoo
GOOG,2023-05-23,124.93000030517578,125.41999816894531,123.05000305175781,123.29000091552734,122.3721923828125,24477900,0.0,0.0,123.92000071207683,3033301385.4301453,yahoo
GOOG,2023-05-24,121.87999725341797,122.75,120.75,121.63999938964844,120.7344741821289,23087900,0.0,0.0,121.71333312988281,2810105263.9694214,yahoo
GOOG,2023-05-25,125.20999908447266,125.9800033569336,122.9000015258789,124.3499984741211,123.42430114746094,33812700,0.0,0.0,124.41000111897786,4206638044.835663,yahoo
GOOG,2023-05-26,124.06500244140625,126.0,123.29000091552734,125.43000030517578,124.49626159667969,25154700,0.0,0.0,124.9066670735677,3141989738.2354736,yahoo
GOOG,2023-05-30,126.29000091552734,126.37999725341797,122.88999938964844,124.63999938964844,123.7121353149414,27230700,0.0,0.0,124.63666534423828,3393943642.9893494,yahoo
GOOG,2023-05-31,123.69999694824219,124.9000015258789,123.0999984741211,123.37000274658203,122.45159912109375,41548800,0.0,0.0,123.79000091552734,5143325990.0390625,yahoo
GOOG,2023-06-01,123.5,125.04000091552734,123.30000305175781,124.37000274658203,123.44415283203125,25017700,0.0,0.0,124.23666890462239,3108115711.6551714,yahoo
GOOG,2023-06-02,124.48999786376953,126.74500274658203,124.3499984741211,125.2300033569336,124.29774475097656,19367500,0.0,0.0,125.44166819254558,2429491508.7191267,yahoo
GOOG,2023-06-05,124.61000061035156,127.98999786376953,124.37999725341797,126.62999725341797,125.68730926513672,22672500,0.0,0.0,126.33333079020183,2864292442.340851,yahoo
GOOG,2023-06-06,126.5999984741211,128.8800048828125,125.97000122070312,127.91000366210938,126.95779418945312,19450100,0.0,0.0,127.586669921875,2481573488.647461,yahoo
GOOG,2023-06-07,127.57499694824219,129.5500030517578,122.62999725341797,122.94000244140625,122.0248031616211,34179300,0.0,0.0,125.04000091552734,4273779703.2920837,yahoo
GOOG,2023-06-08,122.58499908447266,123.7300033569336,122.01000213623047,122.66999816894531,121.75680541992188,24815000,0.0,0.0,122.80333455403645,3047364746.9584146,yahoo
GOOG,2023-06-09,122.55999755859375,124.28500366210938,122.41999816894531,122.87000274658203,121.95531463623047,20304500,0.0,0.0,123.19166819254558,2501345226.8155417,yahoo
GOOG,2023-06-12,123.3949966430664,124.75,122.3499984741211,124.3499984741211,123.42430114746094,22255700,0.0,0.0,123.81666564941406,2755626565.6936646,yahoo
GOOG,2023-06-13,125.6500015258789,125.86000061035156,123.84500122070312,124.43000030517578,123.50370025634766,19287700,0.0,0.0,124.71166737874348,2405401226.9009905,yahoo
GOOG,2023-06-14,123.80000305175781,124.79000091552734,122.16000366210938,124.37999725341797,123.4540786743164,24659600,0.0,0.0,123.77666727701823,3052283104.384359,yahoo
GOOG,2023-06-15,123.87999725341797,126.16000366210938,123.13999938964844,125.79000091552734,124.85358428955078,24517100,0.0,0.0,125.03000132242839,3065373045.422109,yahoo
GOOG,2023-06-16,126.69999694824219,126.69999694824219,123.79000091552734,124.05999755859375,123.13645935058594,56699200,0.0,0.0,124.8499984741211,7078895033.483887,yahoo
GOOG,2023-06-20,123.53500366210938,125.17500305175781,122.83000183105469,123.8499984741211,122.92802429199219,22698000,0.0,0.0,123.95166778564453,2813454955.3985596,yahoo
GOOG,2023-06-21,123.23500061035156,123.41000366210938,120.86000061035156,121.26000213623047,120.3572998046875,22612000,0.0,0.0,121.8433354695638,2755121501.6377764,yahoo
GOOG,2023-06-22,120.66000366210938,123.93499755859375,119.5999984741211,123.87000274658203,122.94786834716797,20781900,0.0,0.0,122.4683329264323,2545124648.0438232,yahoo
GOOG,2023-06-23,122.04000091552734,123.44000244140625,121.86000061035156,123.0199966430664,122.10419464111328,29573100,0.0,0.0,122.77333323160808,3630788060.9916687,yahoo
GOOG,2023-06-26,121.46600341796875,122.72000122070312,118.98999786376953,119.08999633789062,118.20343780517578,23185000,0.0,0.0,120.26666514078777,2788382631.2891645,yahoo
GOOG,2023-06-27,117.83999633789062,119.8949966430664,116.91000366210938,119.01000213623047,118.1240463256836,27221700,0.0,0.0,118.60500081380208,3228629750.653076,yahoo
GOOG,2023-06-28,117.95999908447266,121.2699966430664,117.5999984741211,121.08000183105469,120.17864990234375,19753100,0.0,0.0,119.98333231608073,2370042761.5727744,yahoo
GOOG,2023-06-29,120.08999633789062,120.91000366210938,119.20999908447266,120.01000213623047,119.11660766601562,18517500,0.0,0.0,120.0433349609375,2222902455.13916,yahoo
GOOG,2023-06-30,121.0999984741211,122.02999877929688,120.87999725341797,120.97000122070312,120.06946563720703,23871800,0.0,0.0,121.29333241780598,2895490172.811381,yahoo
GOOG,2023-07-03,120.31999969482422,121.0199966430664,119.70500183105469,120.55999755859375,119.66251373291016,13888300,0.0,0.0,120.42833201090495,1672544803.4670513,yahoo
GOOG,2023-07-05,120.05999755859375,123.37000274658203,120.05999755859375,122.62999725341797,121.71709442138672,17830300,0.0,0.0,122.01999918619792,2175653191.489665,yahoo
GOOG,2023-07-06,120.63999938964844,121.1500015258789,119.25,120.93000030517578,120.02975463867188,17732500,0.0,0.0,120.44333394368489,2135761419.1563923,yahoo
GOOG,2023-07-07,120.88999938964844,121.75,120.08999633789062,120.13999938964844,119.2456283569336,20997700,0.0,0.0,120.65999857584636,2533582452.0960493,yahoo
GOOG,2023-07-10,119.06999969482422,119.06999969482422,116.63999938964844,116.87000274658203,115.9999771118164,32960100,0.0,0.0,117.52666727701823,3873690706.1172485,yahoo
GOOG,2023-07-11,116.76000213623047,118.2249984741211,115.83000183105469,117.70999908447266,116.83372497558594,18286600,0.0,0.0,117.25499979654948,2144195279.2795818,yahoo
GOOG,2023-07-12,119.30000305175781,120.95999908447266,119.0,119.62000274658203,118.7295150756836,22059600,0.0,0.0,119.86000061035156,2644063669.4641113,yahoo
GOOG,2023-07-13,121.54000091552734,125.33499908447266,121.05999755859375,124.83000183105469,123.90072631835938,31535900,0.0,0.0,123.74166615804036,3902304809.793345,yahoo
GOOG,2023-07-14,125.12999725341797,127.08999633789062,124.9000015258789,125.69999694824219,124.76424407958984,20499800,0.0,0.0,125.89666493733723,2580856451.882426,yahoo
GOOG,2023-07-17,126.05999755859375,127.27999877929688,124.5,125.05999755859375,124.12901306152344,20675300,0.0,0.0,125.6133321126302,2597093325.428263,yahoo
GOOG,2023-07-18,124.90499877929688,124.98999786376953,123.30000305175781,124.08000183105469,123.15631103515625,21045800,0.0,0.0,124.12333424886067,2612274867.934672,yahoo
GOOG,2023-07-19,124.79000091552734,125.47000122070312,122.47000122070312,122.77999877929688,121.8659896850586,22313800,0.0,0.0,123.57333374023438,2757390654.412842,yahoo
GOOG,2023-07-20,122.12000274658203,124.69999694824219,118.68499755859375,119.52999877929688,118.64017486572266,27541700,0.0,0.0,120.97166442871094,3331765290.196228,yahoo
GOOG,2023-07-21,120.87000274658203,121.30000305175781,119.06999969482422,120.30999755859375,119.41437530517578,56514600,0.0,0.0,120.22666676839192,6794561981.748962,yahoo
GOOG,2023-07-24,121.9260025024414,123.3499984741211,121.37999725341797,121.87999725341797,120.9726791381836,22276100,0.0,0.0,122.20333099365234,2722213621.547699,yahoo
GOOG,2023-07-25,121.87999725341797,123.69000244140625,121.52999877929688,122.79000091552734,121.87591552734375,31820800,0.0,0.0,122.67000071207683,3903457558.6588545,yahoo
GOOG,2023-07-26,130.36000061035156,131.3699951171875,128.7100067138672,129.66000366210938,128.6947784423828,46216900,0.0,0.0,129.91333516438803,6004191619.959005,yahoo
GOOG,2023-07-27,131.8000030517578,133.60000610351562,129.17999267578125,129.8699951171875,128.9031982421875,35931600,0.0,0.0,130.88333129882812,4702847506.896973,yahoo
GOOG,2023-07-28,130.97000122070312,134.07000732421875,130.9199981689453,133.00999450683594,132.0198211669922,26971000,0.0,0.0,132.66666666666666,3578152666.6666665,yahoo
GOOG,2023-07-31,133.00999450683594,133.8300018310547,132.1300048828125,133.11000061035156,132.1190948486328,18381900,0.0,0.0,133.0233357747396,2445221655.8776855,yahoo
GOOG,2023-08-01,130.85499572753906,132.9199981689453,130.75,131.88999938964844,130.9081573486328,22154300,0.0,0.0,131.85333251953125,2921118284.637451,yahoo
GOOG,2023-08-02,129.83999633789062,130.4199981689453,127.8499984741211,128.63999938964844,127.68235778808594,22705800,0.0,0.0,128.96999867757162,2928366995.9732056,yahoo
GOOG,2023-08-03,128.3699951171875,129.77000427246094,127.7750015258789,128.77000427246094,127.81140899658203,15018100,0.0,0.0,128.77167002360025,1933905817.581431,yahoo
GOOG,2023-08-04,129.60000610351562,131.92999267578125,128.31500244140625,128.5399932861328,127.58309936523438,20521900,0.0,0.0,129.5949961344401,2659535551.171366,yahoo
GOOG,2023-08-07,129.50999450683594,132.05999755859375,129.42999267578125,131.94000244140625,130.95779418945312,17621000,0.0,0.0,131.1433308919271,2310876633.6466475,yahoo
GOOG,2023-08-08,130.97999572753906,131.94000244140625,130.1300048828125,131.83999633789062,130.85855102539062,16836000,0.0,0.0,131.30333455403647,2210622940.551758,yahoo
GOOG,2023-08-09,132.19000244140625,132.47000122070312,129.5050048828125,130.14999389648438,129.1811065673828,17745200,0.0,0.0,130.70833333333334,2319445516.666667,yahoo
GOOG,2023-08-10,131.97000122070312,132.64700317382812,130.03500366210938,130.2100067138672,129.24069213867188,17855700,0.0,0.0,130.96400451660156,2338453975.4470825,yahoo
GOOG,2023-08-11,129.20199584960938,130.44000244140625,128.75,130.1699981689453,129.2009735107422,15205500,0.0,0.0,129.7866668701172,1973471163.093567,yahoo
GOOG,2023-08-14,129.85000610351562,131.91000366210938,129.58999633789062,131.8300018310547,130.84861755371094,17526200,0.0,0.0,131.11000061035156,2297860092.6971436,yahoo
GOOG,2023-08-15,131.58999633789062,131.99000549316406,129.81900024414062,130.27000427246094,129.30023193359375,14769200,0.0,0.0,130.69300333658853,1930231104.8787434,yahoo
GOOG,2023-08-16,129.27999877929688,130.8979949951172,128.4600067138672,129.11000061035156,128.14886474609375,17548400,0.0,0.0,129.4893341064453,2272330630.633545,yahoo
GOOG,2023-08-17,130.4499969482422,132.49099731445312,129.85000610351562,130.4600067138672,129.4888153076172,23665600,0.0,0.0,130.9336700439453,3098623861.791992,yahoo
GOOG,2023-08-18,129.05999755859375,129.8300018310547,127.0,128.11000061035156,127.15631103515625,23627200,0.0,0.0,128.3133341471354,3031684808.5611978,yahoo
GOOG,2023-08-21,127.8499984741211,129.25999450683594,127.16000366210938,128.92999267578125,127.9701919555664,21851100,0.0,0.0,128.4499969482422,2806773728.315735,yahoo
GOOG,2023-08-22,129.1300048828125,130.9499969482422,128.9250030517578,129.69000244140625,128.7245330810547,15557900,0.0,0.0,129.8550008138021,2020271117.1610515,yahoo
GOOG,2023-08-23,130.85000610351562,134.07000732421875,130.50999450683594,133.2100067138672,132.21835327148438,26497000,0.0,0.0,132.59666951497397,3513413952.138265,yahoo
GOOG,2023-08-24,134.7270050048828,134.97000122070312,130.3000030517578,130.4199981689453,129.4490966796875,18680400,0.0,0.0,131.89666748046875,2463882507.2021484,yahoo
GOOG,2023-08-25,130.13999938964844,131.39999389648438,128.0399932861328,130.69000244140625,129.71710205078125,20678100,0.0,0.0,130.04332987467447,2689048979.4815063,yahoo
GOOG,2023-08-28,132.0800018310547,133.24000549316406,130.85000610351562,131.7899932861328,130.8089141845703,16715500,0.0,0.0,131.96000162760416,2205777407.2062173,yahoo
GOOG,2023-08-29,132.9980010986328,137.2949981689453,132.97999572753906,135.49000549316406,134.48138427734375,30803300,0.0,0.0,135.25499979654947,4166300335.2330523,yahoo
GOOG,2023-08-30,135.57000732421875,137.25,135.02099609375,136.92999267578125,135.91064453125,21773400,0.0,0.0,136.40032958984375,2969898936.291504,yahoo
GOOG,2023-08-31,137.0500030517578,138.39999389648438,136.82000732421875,137.35000610351562,136.3275604248047,28147900,0.0,0.0,137.5233357747396,3870993103.0537925,yahoo
GOOG,2023-09-01,138.42999267578125,138.5800018310547,135.94000244140625,136.8000030517578,135.78163146972656,16671600,0.0,0.0,137.1066691080729,2285787544.7021484,yahoo
GOOG,2023-09-05,136.44000244140625,137.3699951171875,135.55999755859375,136.7100067138672,135.69229125976562,17730200,0.0,0.0,136.54666646321616,2420999705.726115,yahoo
GOOG,2023-09-06,137.01499938964844,137.47999572753906,134.69000244140625,135.3699951171875,134.36227416992188,15814300,0.0,0.0,135.84666442871094,2148319905.2749634,yahoo
GOOG,2023-09-07,134.60000610351562,136.5800018310547,133.9600067138672,136.1999969482422,135.18606567382812,16976000,0.0,0.0,135.5800018310547,2301606111.0839844,yahoo
GOOG,2023-09-08,135.8699951171875,137.51499938964844,135.8699951171875,137.1999969482422,136.17861938476562,17810700,0.0,0.0,136.86166381835938,2437602035.7696533,yahoo
GOOG,2023-09-11,137.3800048828125,138.26400756835938,136.5500030517578,137.74000549316406,136.71463012695312,17180800,0.0,0.0,137.51800537109375,2362669346.6796875,yahoo
GOOG,2023-09-12,137.1300048828125,137.63999938964844,135.92999267578125,136.07000732421875,135.05706787109375,15212900,0.0,0.0,136.54666646321616,2077270782.238261,yahoo
GOOG,2023-09-13,135.89999389648438,137.6999969482422,134.92999267578125,137.5,136.47640991210938,16394900,0.0,0.0,136.70999654134116,2241346722.2956343,yahoo
GOOG,2023-09-14,138.38999938964844,139.5500030517578,137.05999755859375,138.99000549316406,137.95533752441406,19064600,0.0,0.0,138.53333536783853,2641082625.4536943,yahoo
GOOG,2023-09-15,138.8000030517578,139.36000061035156,137.17999267578125,138.3000030517578,137.27044677734375,48958800,0.0,0.0,138.27999877929688,6770022804.23584,yahoo
GOOG,2023-09-18,137.6300048828125,139.92999267578125,137.6300048828125,138.9600067138672,137.925537109375,16233600,0.0,0.0,138.84000142415366,2253873047.1191406,yahoo
GOOG,2023-09-19,138.25,139.1750030517578,137.5,138.8300018310547,137.7965087890625,15479100,0.0,0.0,138.50166829427084,2143881173.693848,yahoo
GOOG,2023-09-20,138.8300018310547,138.83999633789062,134.52000427246094,134.58999633789062,133.5880889892578,21473500,0.0,0.0,135.98333231608072,2920038086.4893594,yahoo
GOOG,2023-09-21,132.38999938964844,133.19000244140625,131.08999633789062,131.36000061035156,130.38209533691406,22058400,0.0,0.0,131.87999979654947,2909061787.512207,yahoo
GOOG,2023-09-22,131.67999267578125,133.00999450683594,130.50999450683594,131.25,130.27293395996094,17348700,0.0,0.0,131.58999633789062,2282915369.467163,yahoo
GOOG,2023-09-25,130.77000427246094,132.22000122070312,130.02999877929688,132.1699981689453,131.1860809326172,14650000,0.0,0.0,131.47333272298178,1926084324.391683,yahoo
GOOG,2023-09-26,130.91400146484375,131.40499877929688,128.19000244140625,129.4499969482422,128.486328125,20378800,0.0,0.0,129.6816660563151,2642756736.228434,yahoo
GOOG,2023-09-27,129.44000244140625,131.72000122070312,129.3800048828125,131.4600067138672,130.48135375976562,18764200,0.0,0.0,130.85333760579428,2455358197.502645,yahoo
GOOG,2023-09-28,130.69000244140625,134.17999267578125,130.69000244140625,133.1300048828125,132.13893127441406,18201400,0.0,0.0,132.66666666666666,2414719066.6666665,yahoo
GOOG,2023-09-29,134.0800018310547,134.88999938964844,131.32000732421875,131.85000610351562,130.8684844970703,23237300,0.0,0.0,132.6866709391276,3083279978.6137896,yahoo
GOOG,2023-10-02,132.15499877929688,135.36000061035156,132.06500244140625,135.1699981689453,134.16375732421875,19210400,0.0,0.0,134.19833374023438,2578003670.4833984,yahoo
GOOG,2023-10-03,134.92999267578125,135.24000549316406,132.81500244140625,133.3000030517578,132.3076629638672,19628700,0.0,0.0,133.78500366210938,2626025701.3824463,yahoo
GOOG,2023-10-04,133.66000366210938,136.57000732421875,133.42999267578125,136.27000427246094,135.2555694580078,22848000,0.0,0.0,135.42333475748697,3094152352.5390625,yahoo
GOOG,2023-10-05,136.1300048828125,136.5,134.4550018310547,135.99000549316406,134.97764587402344,15922900,0.0,0.0,135.6483357747396,2159914885.707601,yahoo
GOOG,2023-10-06,134.94000244140625,139.18600463867188,134.94000244140625,138.72999572753906,137.69723510742188,20826700,0.0,0.0,137.61866760253906,2866142704.5578003,yahoo
GOOG,2023-10-09,137.99000549316406,139.97000122070312,136.6999969482422,139.5,138.46151733398438,16599100,0.0,0.0,138.72333272298178,2302682472.202047,yahoo
GOOG,2023-10-10,139.50999450683594,140.74000549316406,138.42999267578125,139.1999969482422,138.16375732421875,19554900,0.0,0.0,139.4566650390625,2727061139.1723633,yahoo
GOOG,2023-10-11,139.85000610351562,142.22000122070312,139.83999633789062,141.6999969482422,140.64515686035156,20146300,0.0,0.0,141.25333150227866,2845731992.4443564,yahoo
GOOG,2023-10-12,142.16000366210938,142.3800048828125,139.4499969482422,140.2899932861328,139.24563598632812,18173100,0.0,0.0,140.7066650390625,2557076294.4213867,yahoo
GOOG,2023-10-13,140.64999389648438,141.33999633789062,137.97000122070312,138.5800018310547,137.54837036132812,19438700,0.0,0.0,139.29666646321616,2707746110.37852,yahoo
GOOG,2023-10-16,139.72999572753906,140.90499877929688,139.32000732421875,140.49000549316406,139.44415283203125,17345600,0.0,0.0,140.23833719889322,2432518101.717122,yahoo
GOOG,2023-10-17,140.02999877929688,141.25,138.5290069580078,140.99000549316406,139.94044494628906,17424000,0.0,0.0,140.25633748372397,2443826424.3164062,yahoo
GOOG,2023-10-18,140.75,141.99000549316406,138.7050018310547,139.27999877929688,138.24314880371094,18304900,0.0,0.0,139.99166870117188,2562533496.408081,yahoo
GOOG,2023-10-19,139.8000030517578,141.0050048828125,138.60000610351562,138.97999572753906,137.94537353515625,21831200,0.0,0.0,139.52833557128906,3046070999.523926,yahoo
GOOG,2023-10-20,138.58999633789062,139.0399932861328,136.2449951171875,136.74000549316406,135.72207641601562,24970300,0.0,0.0,137.34166463216147,3429462568.3644614,yahoo
GOOG,2023-10-23,136.22999572753906,139.02000427246094,135.11000061035156,137.89999389648438,136.87339782714844,20780700,0.0,0.0,137.34333292643228,2854090598.5443115,yahoo
GOOG,2023-10-24,139.16000366210938,140.7100067138672,138.75,140.1199951171875,139.076904296875,26535200,0.0,0.0,139.86000061035156,3711213088.195801,yahoo
GOOG,2023-10-25,129.77000427246094,130.10000610351562,126.08999633789062,126.66999816894531,125.7270278930664,58796100,0.0,0.0,127.62000020345052,7503558293.962097,yahoo
GOOG,2023-10-26,124.47000122070312,125.45999908447266,122.31999969482422,123.44000244140625,122.52108001708984,33907400,0.0,0.0,123.74000040690105,4195701689.7969565,yahoo
GOOG,2023-10-27,124.02999877929688,124.44000244140625,121.45999908447266,123.4000015258789,122.48136901855469,37367700,0.0,0.0,123.10000101725261,4599963908.01239,yahoo
GOOG,2023-10-30,124.45999908447266,126.55000305175781,123.87999725341797,125.75,124.81388092041016,24165600,0.0,0.0,125.3933334350586,3030205138.458252,yahoo
GOOG,2023-10-31,126.2699966430664,126.55999755859375,123.92500305175781,125.30000305175781,124.36722564697266,21123400,0.0,0.0,125.2616678873698,2645952315.4520674,yahoo
GOOG,2023-11-01,125.33999633789062,127.73999786376953,124.92500305175781,127.56999969482422,126.62032318115234,26536600,0.0,0.0,126.74500020345052,3363381372.398885,yahoo
GOOG,2023-11-02,129.55999755859375,130.08999633789062,128.11000061035156,128.5800018310547,127.62281799316406,24091700,0.0,0.0,128.92666625976562,3106062565.5303955,yahoo
GOOG,2023-11-03,129.08999633789062,130.72999572753906,129.00999450683594,130.3699951171875,129.39947509765625,19529400,0.0,0.0,130.03666178385416,2539537982.6416016,yahoo
GOOG,2023-11-06,130.22000122070312,131.55999755859375,129.92999267578125,131.4499969482422,130.47145080566406,15360400,0.0,0.0,130.97999572753906,2011905126.373291,yahoo
GOOG,2023-11-07,131.97999572753906,133.27999877929688,131.13999938964844,132.39999389648438,131.4143829345703,19223800,0.0,0.0,132.27333068847656,2542796054.4891357,yahoo
GOOG,2023-11-08,132.36000061035156,133.5399932861328,132.16000366210938,133.25999450683594,132.26795959472656,15093600,0.0,0.0,132.98666381835938,2007247509.008789,yahoo
GOOG,2023-11-09,133.36000061035156,133.9600067138672,131.50999450683594,131.69000244140625,130.70965576171875,17976500,0.0,0.0,132.38666788736978,2379848935.2773027,yahoo
GOOG,2023-11-10,131.52999877929688,134.27000427246094,130.8699951171875,134.05999755859375,133.06202697753906,20872900,0.0,0.0,133.06666564941406,2777487205.433655,yahoo
GOOG,2023-11-13,133.36000061035156,134.11000061035156,132.77000427246094,133.63999938964844,132.64512634277344,16409900,0.0,0.0,133.5066680908203,2190831072.7035522,yahoo
GOOG,2023-11-14,135.64999389648438,137.24000549316406,135.10000610351562,135.42999267578125,134.42178344726562,22317300,0.0,0.0,135.92333475748697,3033441838.783264,yahoo
GOOG,2023-11-15,136.63999938964844,136.83999633789062,135.3300018310547,136.3800048828125,135.36476135253906,15840900,0.0,0.0,136.18333435058594,2157266581.114197,yahoo
GOOG,2023-11-16,136.9600067138672,138.8800048828125,136.0800018310547,138.6999969482422,137.66746520996094,17615100,0.0,0.0,137.88666788736978,2428887443.5028076,yahoo
GOOG,2023-11-17,137.82000732421875,138.0,135.47999572753906,136.94000244140625,135.92056274414062,25565300,0.0,0.0,136.8066660563151,3497503459.729512,yahoo
GOOG,2023-11-20,135.5,138.4250030517578,135.49000549316406,137.9199981689453,136.8932647705078,19569400,0.0,0.0,137.27833557128906,2686454660.128784,yahoo
GOOG,2023-11-21,137.94000244140625,138.96499633789062,137.7050018310547,138.6199951171875,137.58807373046875,17648100,0.0,0.0,138.42999776204428,2443026443.5043335,yahoo
GOOG,2023-11-22,139.10000610351562,141.10000610351562,139.0,140.02000427246094,138.97764587402344,17306400,0.0,0.0,140.04000345865884,2423588315.8569336,yahoo
GOOG,2023-11-24,139.5399932861328,139.677001953125,137.47000122070312,138.22000122070312,137.19105529785156,8828600,0.0,0.0,138.4556681315104,1222369711.6658528,yahoo
GOOG,2023-11-27,137.57000732421875,139.6300048828125,137.5399932861328,138.0500030517578,137.02232360839844,17886400,0.0,0.0,138.40666707356772,2475597009.9446616,yahoo
GOOG,2023-11-28,137.6300048828125,138.66000366210938,137.0399932861328,138.6199951171875,137.58807373046875,17046900,0.0,0.0,138.1066640218099,2354290490.913391,yahoo
GOOG,2023-11-29,138.98500061035156,139.6699981689453,136.2949981689453,136.39999389648438,135.3845672607422,21014700,0.0,0.0,137.45499674479166,2888575520.0927734,yahoo
GOOG,2023-11-30,136.39999389648438,136.9600067138672,132.7899932861328,133.9199981689453,132.92303466796875,29913500,0.0,0.0,134.5566660563151,4025060830.0755816,yahoo
GOOG,2023-12-01,133.32000732421875,133.5,132.15199279785156,133.32000732421875,132.32752990722656,24268000,0.0,0.0,132.99066670735678,3227417499.6541343,yahoo
GOOG,2023-12-04,131.29400634765625,131.4499969482422,129.39999389648438,130.6300048828125,129.65756225585938,24117100,0.0,0.0,130.4933319091797,3147120734.9868774,yahoo
GOOG,2023-12-05,130.3699951171875,133.5399932861328,129.72999572753906,132.38999938964844,131.40444946289062,19235100,0.0,0.0,131.88666280110678,2536853147.645569,yahoo
GOOG,2023-12-06,132.89999389648438,133.30999755859375,131.30999755859375,131.42999267578125,130.45156860351562,16360600,0.0,0.0,132.01666259765625,2159871810.095215,yahoo
GOOG,2023-12-07,136.60000610351562,140.0,136.22999572753906,138.4499969482422,137.41932678222656,38419400,0.0,0.0,138.2266642252604,5310585503.53597,yahoo
GOOG,2023-12-08,135.66000366210938,137.99000549316406,135.57000732421875,136.63999938964844,135.622802734375,23016100,0.0,0.0,136.73333740234375,3147068166.986084,yahoo
GOOG,2023-12-11,133.82000732421875,134.7899932861328,132.88999938964844,134.6999969482422,133.6972198486328,24502900,0.0,0.0,134.1266632080078,3286492215.9194946,yahoo
GOOG,2023-12-12,133.27000427246094,134.5399932861328,132.8300018310547,133.63999938964844,132.64512634277344,26584000,0.0,0.0,133.6699981689453,3553483231.323242,yahoo
GOOG,2023-12-13,134.5449981689453,134.77999877929688,132.9499969482422,133.97000122070312,132.97268676757812,25414500,0.0,0.0,133.8999989827474,3403001524.147034,yahoo
GOOG,2023-12-14,134.77000427246094,135.03500366210938,131.05999755859375,133.1999969482422,132.2084197998047,29619100,0.0,0.0,133.09833272298178,3942252826.7552695,yahoo
GOOG,2023-12-15,132.9199981689453,134.8300018310547,132.6300048828125,133.83999633789062,132.8436279296875,58594000,0.0,0.0,133.76666768391928,7837924126.271566,yahoo
GOOG,2023-12-18,133.86000061035156,138.3800048828125,133.77000427246094,137.19000244140625,136.168701171875,25699800,0.0,0.0,136.44667053222656,3506652143.344116,yahoo
GOOG,2023-12-19,138.0,138.77000427246094,137.4499969482422,138.10000610351562,137.07196044921875,20661000,0.0,0.0,138.1066691080729,2853421890.4418945,yahoo
GOOG,2023-12-20,140.3300018310547,143.0780029296875,139.41000366210938,139.66000366210938,138.6203155517578,33507300,0.0,0.0,140.71600341796875,4715013341.326904,yahoo
GOOG,2023-12-21,140.77000427246094,142.02999877929688,140.47300720214844,141.8000030517578,140.74440002441406,18101500,0.0,0.0,141.43433634440103,2560173639.3381753,yahoo
GOOG,2023-12-22,142.1300048828125,143.25,142.05499267578125,142.72000122070312,141.6575469970703,18513500,0.0,0.0,142.67499796549478,2641413574.8341875,yahoo
GOOG,2023-12-26,142.97999572753906,143.94500732421875,142.5,142.82000732421875,141.75680541992188,11170100,0.0,0.0,143.08833821614584,1598311046.7081707,yahoo
GOOG,2023-12-27,142.8300018310547,143.32000732421875,141.05099487304688,141.44000244140625,140.38706970214844,17288400,0.0,0.0,141.93700154622397,2453863657.5317383,yahoo
GOOG,2023-12-28,141.85000610351562,142.27000427246094,140.8280029296875,141.27999877929688,140.22825622558594,12192500,0.0,0.0,141.45933532714844,1724742945.9762573,yahoo
GOOG,2023-12-29,140.67999267578125,141.43499755859375,139.89999389648438,140.92999267578125,139.880859375,14881000,0.0,0.0,140.75499471028647,2094575076.283773,yahoo
GOOG,2024-01-02,139.60000610351562,140.61500549316406,137.74000549316406,139.55999755859375,138.52108764648438,20071900,0.0,0.0,139.30500284830728,2796116086.670939,yahoo
GOOG,2024-01-03,138.60000610351562,141.08999633789062,138.42999267578125,140.36000061035156,139.3151092529297,18974300,0.0,0.0,139.95999654134116,2655642962.3743696,yahoo
GOOG,2024-01-04,139.85000610351562,140.63499450683594,138.00999450683594,138.0399932861328,137.01235961914062,18253300,0.0,0.0,138.8949940999349,2535291995.804342,yahoo
GOOG,2024-01-05,138.3520050048828,138.80999755859375,136.85000610351562,137.38999938964844,136.36721801757812,15439500,0.0,0.0,137.68333435058594,2125761840.7058716,yahoo
GOOG,2024-01-08,138.0,140.63999938964844,137.8800048828125,140.52999877929688,139.4838409423828,17645300,0.0,0.0,139.68333435058594,2464754339.616394,yahoo
GOOG,2024-01-09,140.05999755859375,142.8000030517578,139.7899932861328,142.55999755859375,141.49871826171875,19579700,0.0,0.0,141.71666463216147,2774769778.498332,yahoo
GOOG,2024-01-10,142.52000427246094,144.52499389648438,142.4600067138672,143.8000030517578,142.72952270507812,16641900,0.0,0.0,143.59500122070312,2389693650.8148193,yahoo
GOOG,2024-01-11,144.89500427246094,146.66000366210938,142.21499633789062,143.6699981689453,142.60047912597656,17471100,0.0,0.0,144.1816660563151,2519012305.836487,yahoo
GOOG,2024-01-12,144.33999633789062,144.74000549316406,143.36000061035156,144.24000549316406,143.16624450683594,13998700,0.0,0.0,144.11333719889322,2017399373.4461465,yahoo
GOOG,2024-01-16,143.42999267578125,145.83999633789062,143.05599975585938,144.0800018310547,143.00743103027344,19198900,0.0,0.0,144.32533264160156,2770887628.852844,yahoo
GOOG,2024-01-17,142.91000366210938,143.41000366210938,140.50999450683594,142.88999938964844,141.82627868652344,17884500,0.0,0.0,142.2699991861979,2544427800.4455566,yahoo
GOOG,2024-01-18,143.44000244140625,145.5850067138672,143.35000610351562,144.99000549316406,143.91064453125,18876800,0.0,0.0,144.64167277018228,2730371928.548177,yahoo
GOOG,2024-01-19,146.30499267578125,148.0399932861328,145.8000030517578,147.97000122070312,146.86846923828125,27181000,0.0,0.0,147.2699991861979,4002945847.8800454,yahoo
GOOG,2024-01-22,148.7100067138672,150.01499938964844,147.5800018310547,147.7100067138672,146.6103973388672,21829200,0.0,0.0,148.43500264485678,3240217359.7351074,yahoo
GOOG,2024-01-23,147.72000122070312,148.86000061035156,147.19000244140625,148.67999267578125,147.5731658935547,14113600,0.0,0.0,148.2433319091797,2092247089.2333984,yahoo
GOOG,2024-01-24,150.2899932861328,151.57000732421875,149.83999633789062,150.35000610351562,149.2307586669922,19245000,0.0,0.0,150.586669921875,2898040462.6464844,yahoo
GOOG,2024-01-25,151.74000549316406,154.75999450683594,151.22000122070312,153.63999938964844,152.49624633789062,21495100,0.0,0.0,153.2066650390625,3293192585.6811523,yahoo
GOOG,2024-01-26,152.8699951171875,154.11000061035156,152.8000030517578,153.7899932861328,152.6451416015625,19494500,0.0,0.0,153.56666564941406,2993705363.5025024,yahoo
GOOG,2024-01-29,153.63999938964844,155.1999969482422,152.9199981689453,154.83999633789062,153.68731689453125,20909300,0.0,0.0,154.31999715169272,3226723116.4438887,yahoo
GOOG,2024-01-30,154.00999450683594,155.0399932861328,152.77499389648438,153.0500030517578,151.91065979003906,26578900,0.0,0.0,153.62166341145834,4083094829.64681,yahoo
GOOG,2024-01-31,145.38999938964844,145.58999633789062,141.5500030517578,141.8000030517578,140.74440002441406,43908600,0.0,0.0,142.9800008138021,6278051663.73291,yahoo
GOOG,2024-02-01,143.69000244140625,144.6199951171875,142.25999450683594,142.7100067138672,141.6476287841797,25526900,0.0,0.0,143.19666544596353,3655366959.1725664,yahoo
GOOG,2024-02-02,140.88999938964844,143.8800048828125,138.1699981689453,143.5399932861328,142.471435546875,42136100,0.0,0.0,141.86333211263022,5977567548.230998,yahoo
GOOG,2024-02-05,144.0399932861328,146.6699981689453,143.91000366210938,144.92999267578125,143.85108947753906,29254400,0.0,0.0,145.1699981689453,4246861194.4335938,yahoo
GOOG,2024-02-06,145.9600067138672,146.74000549316406,144.52000427246094,145.41000366210938,144.3275146484375,21517700,0.0,0.0,145.55667114257812,3132044782.6446533,yahoo
GOOG,2024-02-07,146.1199951171875,147.0,145.2100067138672,146.67999267578125,145.5880584716797,21436100,0.0,0.0,146.29666646321616,3136029971.972148,yahoo
GOOG,2024-02-08,146.97000122070312,147.61000061035156,146.4199981689453,147.22000122070312,146.1240692138672,18241300,0.0,0.0,147.08333333333334,2682991208.3333335,yahoo
GOOG,2024-02-09,147.9499969482422,150.69500732421875,147.42999267578125,150.22000122070312,149.10169982910156,21877700,0.0,0.0,149.44833374023438,3269585811.0687256,yahoo
GOOG,2024-02-12,149.5399932861328,150.58999633789062,148.55999755859375,148.72999572753906,147.62278747558594,17236100,0.0,0.0,149.29332987467447,2573234763.0528765,yahoo
GOOG,2024-02-13,146.07000732421875,148.0399932861328,145.11000061035156,146.3699951171875,145.28038024902344,18138500,0.0,0.0,146.50666300455728,2657411106.908162,yahoo
GOOG,2024-02-14,147.3699951171875,147.8300018310547,145.55499267578125,147.13999938964844,146.0446319580078,16651800,0.0,0.0,146.84166463216147,2445178031.121826,yahoo
GOOG,2024-02-15,144.4600067138672,144.75999450683594,141.8800048828125,143.94000244140625,142.86846923828125,26724300,0.0,0.0,143.52666727701822,3835649714.311218,yahoo
GOOG,2024-02-16,144.2100067138672,144.47999572753906,141.52000427246094,141.75999450683594,140.70469665527344,21865100,0.0,0.0,142.58666483561197,3117671685.297139,yahoo
GOOG,2024-02-20,140.94000244140625,143.32899475097656,140.8000030517578,142.1999969482422,141.14138793945312,18625600,0.0,0.0,142.1096649169922,2646877774.8779297,yahoo
GOOG,2024-02-21,142.63999938964844,143.97999572753906,141.91000366210938,143.83999633789062,142.76922607421875,16440800,0.0,0.0,143.2433319091797,2355034971.2524414,yahoo
GOOG,2024-02-22,146.1199951171875,146.1999969482422,144.00999450683594,145.32000732421875,144.23818969726562,23024700,0.0,0.0,145.17666625976562,3342649187.6312256,yahoo
GOOG,2024-02-23,144.97000122070312,145.9550018310547,144.7899932861328,145.2899932861328,144.2084197998047,14519400,0.0,0.0,145.3449961344401,2110322136.8743894,yahoo
GOOG,2024-02-26,143.4499969482422,143.83999633789062,138.74000549316406,138.75,137.71710205078125,33513000,0.0,0.0,140.4433339436849,4706677450.454712,yahoo
GOOG,2024-02-27,139.41000366210938,140.49000549316406,138.5,140.10000610351562,139.0570526123047,22364000,0.0,0.0,139.69667053222656,3124176339.782715,yahoo
GOOG,2024-02-28,139.10000610351562,139.27999877929688,136.63999938964844,137.42999267578125,136.40692138671875,30628700,0.0,0.0,137.78333028157553,4220124288.1952925,yahoo
GOOG,2024-02-29,138.35000610351562,139.9499969482422,137.57000732421875,139.77999877929688,138.7394256591797,35485000,0.0,0.0,139.1000010172526,4935963536.097208,yahoo
GOOG,2024-03-01,139.61000061035156,140.0,137.97500610351562,138.0800018310547,137.05209350585938,28551500,0.0,0.0,138.68500264485678,3959664853.0146284,yahoo
GOOG,2024-03-04,136.5399932861328,136.6300048828125,132.86000061035156,134.1999969482422,133.20095825195312,43571500,0.0,0.0,134.5633341471354,5863126313.79191,yahoo
GOOG,2024-03-05,132.74000549316406,134.02000427246094,131.5500030517578,133.77999877929688,132.78408813476562,28447600,0.0,0.0,133.11666870117188,3786849744.543457,yahoo
GOOG,2024-03-06,134.24000549316406,134.74000549316406,131.9499969482422,132.55999755859375,131.5731658935547,23175200,0.0,0.0,133.08333333333334,3084232866.666667,yahoo
GOOG,2024-03-07,133.88999938964844,135.82000732421875,132.66000366210938,135.24000549316406,134.23321533203125,24107300,0.0,0.0,134.5733388264974,3244199851.092021,yahoo
GOOG,2024-03-08,135.03500366210938,138.98500061035156,134.8000030517578,136.2899932861328,135.27540588378906,26495200,0.0,0.0,136.69166564941406,3621673019.7143555,yahoo
GOOG,2024-03-11,137.07000732421875,139.97999572753906,137.07000732421875,138.94000244140625,137.90570068359375,22536400,0.0,0.0,138.66333516438803,3124972386.5987144,yahoo
GOOG,2024-03-12,138.25,140.27999877929688,138.2100067138672,139.6199951171875,138.5806121826172,19019700,0.0,0.0,139.37000020345053,2650775592.869568,yahoo
GOOG,2024-03-13,140.05999755859375,142.19000244140625,140.00999450683594,140.77000427246094,139.72207641601562,19637000,0.0,0.0,140.99000040690103,2768620637.9903154,yahoo
GOOG,2024-03-14,142.3000030517578,144.72999572753906,141.48500061035156,144.33999633789062,143.2654571533203,36117900,0.0,0.0,143.5183308919271,5183580723.321533,yahoo
GOOG,2024-03-15,143.41000366210938,144.33999633789062,141.1300048828125,142.1699981689453,141.1116485595703,41039500,0.0,0.0,142.54666646321616,5850043918.31716,yahoo
GOOG,2024-03-18,149.3699951171875,152.92999267578125,148.13999938964844,148.47999572753906,147.37466430664062,47676700,0.0,0.0,149.8499959309896,7144353301.003012,yahoo
GOOG,2024-03-19,148.97999572753906,149.6199951171875,147.00999450683594,147.9199981689453,146.81884765625,17748400,0.0,0.0,148.1833292643229,2630017001.1149087,yahoo
GOOG,2024-03-20,148.7899932861328,149.75999450683594,147.6649932861328,149.67999267578125,148.56573486328125,17730000,0.0,0.0,149.03499348958334,2642390434.5703125,yahoo
GOOG,2024-03-21,150.32000732421875,151.30499267578125,148.00999450683594,148.74000549316406,147.6327362060547,19843900,0.0,0.0,149.3516642252604,2963719489.719645,yahoo
GOOG,2024-03-22,150.24000549316406,152.55999755859375,150.08999633789062,151.77000427246094,150.6401824951172,19252900,0.0,0.0,151.47333272298178,2916300927.582296,yahoo
GOOG,2024-03-25,150.9499969482422,151.45599365234375,148.8000030517578,151.14999389648438,150.02479553222656,15114700,0.0,0.0,150.46866353352866,2274288708.7102256,yahoo
GOOG,2024-03-26,151.24000549316406,153.1999969482422,151.02999877929688,151.6999969482422,150.57069396972656,19312700,0.0,0.0,151.9766642252604,2935079723.1831865,yahoo
GOOG,2024-03-27,152.14500427246094,152.69000244140625,150.1300048828125,151.94000244140625,150.8089141845703,16622000,0.0,0.0,151.586669921875,2519673627.4414062,yahoo
GOOG,2024-03-28,152.0,152.6699981689453,151.3300018310547,152.25999450683594,151.1265106201172,21105600,0.0,0.0,152.08666483561197,3209880313.354492,yahoo
GOOG,2024-04-01,151.8300018310547,157.0,151.64999389648438,156.5,155.3349609375,24469800,0.0,0.0,155.04999796549478,3794042440.2160645,yahoo
GOOG,2024-04-02,154.75,155.99000549316406,153.4600067138672,155.8699951171875,154.7096405029297,17598100,0.0,0.0,155.1066691080729,2729582673.630778,yahoo
GOOG,2024-04-03,154.9199981689453,156.5500030517578,154.1320037841797,156.3699951171875,155.2059326171875,17266200,0.0,0.0,155.68400065104166,2688071092.0410156,yahoo
GOOG,2024-04-04,155.0800018310547,156.17999267578125,151.8800048828125,151.94000244140625,150.8089141845703,24184800,0.0,0.0,153.33333333333334,3708336000.0,yahoo
GOOG,2024-04-05,151.67999267578125,154.83999633789062,151.08099365234375,153.94000244140625,152.79403686523438,16297300,0.0,0.0,153.28699747721353,2498164183.985392,yahoo
GOOG,2024-04-08,154.01499938964844,156.65499877929688,153.99000549316406,156.13999938964844,154.97763061523438,16641500,0.0,0.0,155.59500122070312,2589334212.814331,yahoo
GOOG,2024-04-09,157.35000610351562,159.88999938964844,156.63999938964844,158.13999938964844,156.96275329589844,21521500,0.0,0.0,158.22333272298178,3405203455.1976523,yahoo
GOOG,2024-04-10,157.8800048828125,158.16000366210938,156.1999969482422,157.66000366210938,156.486328125,16339200,0.0,0.0,157.34000142415366,2570809751.2695312,yahoo
GOOG,2024-04-11,158.33999633789062,161.1199951171875,157.92999267578125,160.7899932861328,159.59303283691406,17841700,0.0,0.0,159.94666035970053,2853720330.139669,yahoo
GOOG,2024-04-12,159.40499877929688,161.6999969482422,158.60000610351562,159.19000244140625,158.0049285888672,16989800,0.0,0.0,159.8300018310547,2715479765.109253,yahoo
GOOG,2024-04-15,160.27999877929688,160.8300018310547,156.14999389648438,156.3300018310547,155.16622924804688,21140900,0.0,0.0,157.7699991861979,3335399775.795491,yahoo
GOOG,2024-04-16,155.63999938964844,157.22999572753906,155.0500030517578,156.0,154.8386993408203,15413200,0.0,0.0,156.09333292643228,2405897759.061686,yahoo
GOOG,2024-04-17,157.19000244140625,158.68099975585938,156.13499450683594,156.8800048828125,155.71212768554688,16237800,0.0,0.0,157.23199971516928,2553101764.9749756,yahoo
GOOG,2024-04-18,156.9250030517578,158.48500061035156,156.2100067138672,157.4600067138672,156.28782653808594,14016100,0.0,0.0,157.38500467936197,2205923964.0864053,yahoo
GOOG,2024-04-19,157.75,157.99000549316406,153.91000366210938,155.72000122070312,154.56076049804688,21479900,0.0,0.0,155.8733367919922,3348143686.958313,yahoo
GOOG,2024-04-22,156.00999450683594,159.18499755859375,155.66000366210938,157.9499969482422,156.77415466308594,17243900,0.0,0.0,157.59833272298178,2717609889.6418257,yahoo
GOOG,2024-04-23,158.58999633789062,160.47999572753906,157.96499633789062,159.9199981689453,158.7294921875,16115400,0.0,0.0,159.45499674479166,2569681054.5410156,yahoo
GOOG,2024-04-24,159.08999633789062,161.38999938964844,158.82000732421875,161.10000610351562,159.90072631835938,19485700,0.0,0.0,160.4366709391276,3126220838.9185586,yahoo
GOOG,2024-04-25,153.36000061035156,158.27999877929688,152.76800537109375,157.9499969482422,156.77415466308594,36197800,0.0,0.0,156.3326670328776,5658898614.722696,yahoo
GOOG,2024-04-26,175.99000549316406,176.4199981689453,171.39999389648438,173.69000244140625,172.3970184326172,56500800,0.0,0.0,173.83666483561197,9821910632.543945,yahoo
GOOG,2024-04-29,170.77000427246094,171.3800048828125,167.05999755859375,167.89999389648438,166.6501007080078,35914600,0.0,0.0,168.77999877929688,6061666144.158936,yahoo
GOOG,2024-04-30,167.3800048828125,169.8699951171875,164.5,164.63999938964844,163.41436767578125,29420800,0.0,0.0,166.33666483561197,4893757748.795572,yahoo
GOOG,2024-05-01,166.17999267578125,168.80999755859375,164.89999389648438,165.57000732421875,164.3374481201172,25223200,0.0,0.0,166.42666625976562,4197813088.4033203,yahoo
GOOG,2024-05-02,166.6699981689453,168.52999877929688,165.69000244140625,168.4600067138672,167.2059326171875,17041100,0.0,0.0,167.56000264485678,2855406761.071269,yahoo
GOOG,2024-05-03,169.5399932861328,169.85000610351562,164.97999572753906,168.99000549316406,167.7319793701172,22767100,0.0,0.0,167.94000244140625,3823506829.58374,yahoo
GOOG,2024-05-06,169.22000122070312,169.89999389648438,167.88999938964844,169.8300018310547,168.5657196044922,15147900,0.0,0.0,169.2066650390625,2563125641.345215,yahoo
GOOG,2024-05-07,170.1199951171875,173.47000122070312,170.0,172.97999572753906,171.69227600097656,21102400,0.0,0.0,172.1499989827474,3632778138.533529,yahoo
GOOG,2024-05-08,170.75,171.90899658203125,170.52200317382812,171.16000366210938,169.88580322265625,14569900,0.0,0.0,171.1970011393229,2494323186.899821,yahoo
GOOG,2024-05-09,171.14999389648438,172.44000244140625,169.92999267578125,171.5800018310547,170.30270385742188,11937700,0.0,0.0,171.31666564941406,2045126959.5230103,yahoo
GOOG,2024-05-10,169.69000244140625,171.33999633789062,167.91000366210938,170.2899932861328,169.0222930908203,18740500,0.0,0.0,169.84666442871094,3183011414.7262573,yahoo
GOOG,2024-05-13,165.8470001220703,170.9499969482422,165.75999450683594,170.89999389648438,169.6277618408203,19648600,0.0,0.0,169.20332845052084,3324608519.392904,yahoo
GOOG,2024-05-14,171.58999633789062,172.77999877929688,170.4199981689453,171.92999267578125,170.6501007080078,18729500,0.0,0.0,171.70999654134116,3216042380.2210493,yahoo
GOOG,2024-05-15,172.3000030517578,174.04600524902344,172.02999877929688,173.8800048828125,172.58560180664062,20958200,0.0,0.0,173.31866963704428,3632447341.9871016,yahoo
GOOG,2024-05-16,174.60000610351562,176.33999633789062,174.0500030517578,175.42999267578125,174.12403869628906,17247300,0.0,0.0,175.27333068847656,3022991716.383362,yahoo
GOOG,2024-05-17,175.5500030517578,177.4949951171875,174.97999572753906,177.2899932861328,175.97021484375,16546400,0.0,0.0,176.58832804361978,2921901111.14095,yahoo
GOOG,2024-05-20,177.30999755859375,179.9499969482422,177.22500610351562,178.4600067138672,177.13150024414062,17495100,0.0,0.0,178.54500325520834,3123662686.4501953,yahoo
GOOG,2024-05-21,178.39999389648438,179.82000732421875,177.30999755859375,179.5399932861328,178.20343017578125,14706000,0.0,0.0,178.88999938964844,2630756331.02417,yahoo
GOOG,2024-05-22,178.39999389648438,178.8520050048828,176.77999877929688,178.0,176.67491149902344,16189400,0.0,0.0,177.87733459472656,2879727320.687866,yahoo
GOOG,2024-05-23,178.77999877929688,179.91000366210938,174.5399932861328,175.05999755859375,173.75680541992188,14928400,0.0,0.0,176.50333150227866,2634912333.9986167,yahoo
GOOG,2024-05-24,176.52000427246094,177.3040008544922,175.1999969482422,176.3300018310547,175.01734924316406,11403600,0.0,0.0,176.2779998779297,2010203799.407959,yahoo
GOOG,2024-05-28,175.74000549316406,178.50999450683594,175.67999267578125,178.02000427246094,176.69476318359375,15655300,0.0,0.0,177.40333048502603,2777302359.742228,yahoo
GOOG,2024-05-29,176.80999755859375,178.22999572753906,176.25999450683594,177.39999389648438,176.07936096191406,15023800,0.0,0.0,177.29666137695312,2663669581.1950684,yahoo
GOOG,2024-05-30,176.69000244140625,176.69000244140625,173.22999572753906,173.55999755859375,172.2679443359375,18826300,0.0,0.0,174.4933319091797,3285063814.5217896,yahoo
GOOG,2024-05-31,173.39999389648438,174.4199981689453,170.97000122070312,173.9600067138672,172.6649932861328,28085200,0.0,0.0,173.11666870117188,4862016263.806152,yahoo
GOOG,2024-06-03,173.8800048828125,175.86000061035156,172.4499969482422,174.4199981689453,173.12156677246094,20742800,0.0,0.0,174.2433319091797,3614294585.1257324,yahoo
GOOG,2024-06-04,174.4499969482422,175.19000244140625,173.22000122070312,175.1300048828125,173.8262939453125,14066600,0.0,0.0,174.51333618164062,2454809294.732666,yahoo
GOOG,2024-06-05,176.53500366210938,177.97000122070312,175.2899932861328,177.07000732421875,175.7518310546875,15233900,0.0,0.0,176.77666727701822,2692998071.6313677,yahoo
GOOG,2024-06-06,177.42999267578125,178.7100067138672,177.2100067138672,178.35000610351562,177.02232360839844,14255800,0.0,0.0,178.09000651041666,2538815514.8111978,yahoo
GOOG,2024-06-07,178.4600067138672,179.4199981689453,175.7899932861328,175.9499969482422,174.6401824951172,14716300,0.0,0.0,177.05332946777344,2605569912.446594,yahoo
GOOG,2024-06-10,176.4499969482422,178.47000122070312,174.3800048828125,176.6300048828125,175.51461791992188,17099800,0.2,0.0,176.49333699544272,3018000763.9546714,yahoo
GOOG,2024-06-11,177.72000122070312,178.38999938964844,175.44000244140625,178.19000244140625,177.06475830078125,14402400,0.0,0.0,177.34000142415366,2554121636.5112305,yahoo
GOOG,2024-06-12,179.75,182.0800018310547,177.77999877929688,179.55999755859375,178.4261016845703,18600400,0.0,0.0,179.8066660563151,3344475911.3138833,yahoo
GOOG,2024-06-13,177.83999633789062,178.50999450683594,176.66000366210938,176.74000549316406,175.62391662597656,15956900,0.0,0.0,177.30333455403647,2829211579.1453047,yahoo
GOOG,2024-06-14,175.8520050048828,178.72999572753906,175.8520050048828,178.3699951171875,177.24362182617188,12361600,0.0,0.0,177.65066528320312,2196046463.9648438,yahoo
GOOG,2024-06-17,176.97999572753906,179.9199981689453,176.49000549316406,178.77999877929688,177.6510467529297,15272900,0.0,0.0,178.39666748046875,2724634462.762451,yahoo
GOOG,2024-06-18,178.7899932861328,178.91000366210938,175.6199951171875,176.4499969482422,175.33575439453125,15640300,0.0,0.0,176.9933319091797,2768228809.059143,yahoo
GOOG,2024-06-20,176.7100067138672,178.74000549316406,176.4600067138672,177.7100067138672,176.58779907226562,16753200,0.0,0.0,177.6366729736328,2975982709.661865,yahoo
GOOG,2024-06-21,178.49000549316406,182.51199340820312,178.05999755859375,180.25999450683594,179.12167358398438,58903200,0.0,0.0,180.27732849121094,10618911535.583496,yahoo
GOOG,2024-06-24,181.27999877929688,182.0800018310547,180.22999572753906,180.7899932861328,179.64834594726562,18198300,0.0,0.0,181.03333028157553,3294498854.463196,yahoo
GOOG,2024-06-25,181.14500427246094,185.75,181.10499572753906,185.5800018310547,184.40811157226562,18797000,0.0,0.0,184.1449991861979,3461373549.702962,yahoo
GOOG,2024-06-26,184.1999969482422,185.92999267578125,183.99000549316406,185.3699951171875,184.1994171142578,13375700,0.0,0.0,185.09666442871094,2475797454.399109,yahoo
GOOG,2024-06-27,185.64500427246094,187.5,185.4499969482422,186.86000061035156,185.68003845214844,13025700,0.0,0.0,186.60333251953125,2430639028.399658,yahoo
GOOG,2024-06-28,185.72000122070312,186.5800018310547,183.3249969482422,183.4199981689453,182.26173400878906,23032400,0.0,0.0,184.44166564941406,4248134219.9035645,yahoo
GOOG,2024-07-01,184.47999572753906,185.33999633789062,182.72999572753906,184.49000549316406,183.32496643066406,11815900,0.0,0.0,184.1866658528646,2176331225.050863,yahoo
GOOG,2024-07-02,183.47000122070312,186.9499969482422,183.05999755859375,186.61000061035156,185.4315643310547,12555500,0.0,0.0,185.53999837239584,2329547449.564616,yahoo
GOOG,2024-07-03,186.3000030517578,187.6199951171875,185.38499450683594,187.38999938964844,186.20664978027344,7409100,0.0,0.0,186.79832967122397,1384007504.3670654,yahoo
GOOG,2024-07-05,187.32000732421875,192.25999450683594,187.32000732421875,191.9600067138672,190.74781799316406,14303400,0.0,0.0,190.51333618164062,2724988452.7404785,yahoo
GOOG,2024-07-08,191.36500549316406,191.6790008544922,189.32000732421875,190.47999572753906,189.2771453857422,12097600,0.0,0.0,190.49300130208334,2304508132.5520835,yahoo
GOOG,2024-07-09,191.75,192.86000061035156,190.22999572753906,190.44000244140625,189.23739624023438,10198500,0.0,0.0,191.17666625976562,1949715230.8502197,yahoo
GOOG,2024-07-10,190.75,193.30999755859375,190.6199951171875,192.66000366210938,191.44338989257812,12052900,0.0,0.0,192.19666544596353,2316527188.953654,yahoo
GOOG,2024-07-11,191.33999633789062,192.41000366210938,186.82000732421875,187.3000030517578,186.1172332763672,16452000,0.0,0.0,188.8433380126953,3106850596.9848633,yahoo
GOOG,2024-07-12,186.9199981689453,188.69000244140625,186.13999938964844,186.77999877929688,185.6005096435547,14449100,0.0,0.0,187.20333353678384,2704919686.6063433,yahoo
GOOG,2024-07-15,186.49000549316406,189.89999389648438,186.49000549316406,188.19000244140625,187.00161743164062,12186000,0.0,0.0,188.1933339436849,2293323967.437744,yahoo
GOOG,2024-07-16,188.9600067138672,190.33999633789062,185.1199951171875,185.5,184.32858276367188,12760100,0.0,0.0,186.98666381835938,2385968528.9886475,yahoo
GOOG,2024-07-17,184.67999267578125,185.22999572753906,181.6199951171875,182.6199951171875,181.46678161621094,17376600,0.0,0.0,183.1566619873047,3182640052.6885986,yahoo
GOOG,2024-07-18,183.5399932861328,184.0500030517578,178.2100067138672,179.22000122070312,178.0882568359375,17877200,0.0,0.0,180.49333699544272,3226715484.1349287,yahoo
GOOG,2024-07-19,180.3699951171875,181.97000122070312,178.86000061035156,179.38999938964844,178.25717163085938,14485900,0.0,0.0,180.07333374023438,2608524305.227661,yahoo
GOOG,2024-07-22,182.35000610351562,184.3000030517578,181.89999389648438,183.35000610351562,182.19216918945312,16303900,0.0,0.0,183.18333435058594,2986602764.918518,yahoo
GOOG,2024-07-23,183.83999633789062,185.22000122070312,183.3300018310547,183.60000610351562,182.4405975341797,23772600,0.0,0.0,184.0500030517578,4375347102.548218,yahoo
GOOG,2024-07-24,175.38999938964844,177.9499969482422,173.57000732421875,174.3699951171875,173.26885986328125,31250700,0.0,0.0,175.29666646321616,5478143534.642029,yahoo
GOOG,2024-07-25,174.25,175.1999969482422,169.0500030517578,169.16000366210938,168.09178161621094,28967900,0.0,0.0,171.13666788736978,4957469881.694539,yahoo
GOOG,2024-07-26,168.77000427246094,169.83999633789062,165.86500549316406,168.67999267578125,167.6147918701172,25150100,0.0,0.0,168.12833150227866,4228444350.1154585,yahoo
GOOG,2024-07-29,170.5,172.16000366210938,169.72000122070312,171.1300048828125,170.0493621826172,13768900,0.0,0.0,171.00333658854166,2354527841.153971,yahoo
GOOG,2024-07-30,171.8300018310547,172.9499969482422,170.1199951171875,171.86000061035156,170.7747344970703,13681400,0.0,0.0,171.6433308919271,2348321067.2648115,yahoo
GOOG,2024-07-31,174.9199981689453,175.91000366210938,171.72000122070312,173.14999389648438,172.05657958984375,15650200,0.0,0.0,173.59333292643228,2716770378.9652505,yahoo
GOOG,2024-08-01,171.97999572753906,175.67999267578125,170.50999450683594,172.4499969482422,171.3610076904297,17177800,0.0,0.0,172.87999471028647,2969697973.134359,yahoo
GOOG,2024-08-02,168.19000244140625,170.2100067138672,166.38999938964844,168.39999389648438,167.33657836914062,18907800,0.0,0.0,168.33333333333334,3182813000.0,yahoo
GOOG,2024-08-05,157.3699951171875,165.94000244140625,156.60000610351562,160.63999938964844,159.62557983398438,34907800,0.0,0.0,161.06000264485678,5622250360.326132,yahoo
GOOG,2024-08-06,160.94500732421875,162.35000610351562,158.1300048828125,160.5399932861328,159.5261993408203,36146500,0.0,0.0,160.34000142415366,5795729861.47817,yahoo
GOOG,2024-08-07,163.24000549316406,164.7899932861328,160.24000549316406,160.75,159.73489379882812,19334200,0.0,0.0,161.92666625976562,3130722550.7995605,yahoo
GOOG,2024-08-08,162.343994140625,165.5,162.02999877929688,163.83999633789062,162.8053741455078,15733600,0.0,0.0,163.78999837239584,2577006318.3919272,yahoo
GOOG,2024-08-09,161.64500427246094,165.52000427246094,160.92999267578125,165.38999938964844,164.3455810546875,13549200,0.0,0.0,163.94666544596353,2221346159.460449,yahoo
GOOG,2024-08-12,165.9949951171875,166.6999969482422,163.5500030517578,163.9499969482422,162.91465759277344,12435000,0.0,0.0,164.73333231608072,2048458987.3504639,yahoo
GOOG,2024-08-13,165.18499755859375,166.5399932861328,164.77000427246094,165.92999267578125,164.8821563720703,12717600,0.0,0.0,165.74666341145834,2107899766.6015627,yahoo
GOOG,2024-08-14,164.2100067138672,164.9600067138672,159.52999877929688,162.02999877929688,161.00682067871094,22515900,0.0,0.0,162.17333475748697,3651478588.066101,yahoo
GOOG,2024-08-15,162.2100067138672,163.52000427246094,161.49000549316406,163.1699981689453,162.13958740234375,18392500,0.0,0.0,162.72666931152344,2992950265.312195,yahoo
GOOG,2024-08-16,163.41000366210938,166.9499969482422,163.0800018310547,164.74000549316406,163.69967651367188,16853100,0.0,0.0,164.92333475748697,2779469453.001404,yahoo
GOOG,2024-08-19,167.0,168.47000122070312,166.08999633789062,168.39999389648438,167.33657836914062,13100800,0.0,0.0,167.65333048502603,2196392752.018229,yahoo
GOOG,2024-08-20,168.74000549316406,170.41000366210938,168.66000366210938,168.9600067138672,167.89305114746094,12622500,0.0,0.0,169.3433380126953,2137536284.0652466,yahoo
GOOG,2024-08-21,166.99000549316406,168.63999938964844,166.57000732421875,167.6300048828125,166.5714569091797,15269600,0.0,0.0,167.61333719889322,2559388613.6922197,yahoo
GOOG,2024-08-22,169.0399932861328,169.4199981689453,165.02999877929688,165.49000549316406,164.44497680664062,19123800,0.0,0.0,166.64666748046875,3186917539.5629883,yahoo
GOOG,2024-08-23,166.5500030517578,167.9499969482422,165.66000366210938,167.42999267578125,166.37269592285156,14281600,0.0,0.0,167.0133310953776,2385217589.3717446,yahoo
GOOG,2024-08-26,168.15499877929688,169.3800048828125,166.32000732421875,167.92999267578125,166.86953735351562,11990300,0.0,0.0,167.87666829427084,2012891615.8487957,yahoo
GOOG,2024-08-27,167.61000061035156,168.2449951171875,166.16000366210938,166.3800048828125,165.32936096191406,13718200,0.0,0.0,166.92833455403647,2289956279.079183,yahoo
GOOG,2024-08-28,166.77999877929688,167.38999938964844,163.27999877929688,164.5,163.46119689941406,15208700,0.0,0.0,165.0566660563151,2510297317.050679,yahoo
GOOG,2024-08-29,166.05999755859375,167.6300048828125,161.98199462890625,163.39999389648438,162.36813354492188,17133800,0.0,0.0,164.33733113606772,2815722964.219157,yahoo
GOOG,2024-08-30,164.22000122070312,165.27999877929688,163.41000366210938,165.11000061035156,164.06736755371094,18498800,0.0,0.0,164.6000010172526,3044902498.817952,yahoo
GOOG,2024-09-03,163.31500244140625,163.3800048828125,157.85499572753906,158.61000061035156,157.6083984375,26533100,0.0,0.0,159.94833374023438,4243925133.9630127,yahoo
GOOG,2024-09-04,158.0749969482422,160.39999389648438,157.44000244140625,157.80999755859375,156.81346130371094,17410700,0.0,0.0,158.54999796549478,2760466449.57784,yahoo
GOOG,2024-09-05,157.77999877929688,161.01499938964844,157.52000427246094,158.60000610351562,157.59848022460938,14139500,0.0,0.0,159.04500325520834,2248816823.5270185,yahoo
GOOG,2024-09-06,158.69000244140625,159.22000122070312,151.93499755859375,152.1300048828125,151.16932678222656,24999100,0.0,0.0,154.42833455403647,3860569378.349813,yahoo
GOOG,2024-09-09,153.6300048828125,154.63999938964844,148.1999969482422,149.5399932861328,148.79129028320312,28057700,0.2,0.0,150.79332987467447,4230914011.624654,yahoo
GOOG,2024-09-10,151.4499969482422,152.3000030517578,149.54299926757812,150.00999450683594,149.25892639160156,20401800,0.0,0.0,150.61766560872397,3072871490.2160645,yahoo
GOOG,2024-09-11,151.08999633789062,152.47999572753906,148.6999969482422,152.14999389648438,151.38819885253906,18991500,0.0,0.0,151.10999552408853,2869805479.9957275,yahoo
GOOG,2024-09-12,154.80999755859375,155.61000061035156,153.5,155.5399932861328,154.76123046875,20980800,0.0,0.0,154.88333129882812,3249576197.314453,yahoo
GOOG,2024-09-13,156.36199951171875,159.27499389648438,156.11000061035156,158.3699951171875,157.57708740234375,16733900,0.0,0.0,157.91832987467447,2642589540.289815,yahoo
GOOG,2024-09-16,158.3300018310547,159.24000549316406,157.61000061035156,158.99000549316406,158.19398498535156,14157600,0.0,0.0,158.61333719889322,2245584182.727051,yahoo
GOOG,2024-09-17,160.08999633789062,161.58999633789062,159.41000366210938,160.27999877929688,159.47752380371094,12064800,0.0,0.0,160.42666625976562,1935515643.0908203,yahoo
GOOG,2024-09-18,160.85000610351562,161.6300048828125,159.66000366210938,160.80999755859375,160.00486755371094,16756500,0.0,0.0,160.70000203450522,2692769584.0911865,yahoo
GOOG,2024-09-19,164.82000732421875,164.99000549316406,162.52200317382812,163.24000549316406,162.42269897460938,17548200,0.0,0.0,163.5840047200521,2870604831.628418,yahoo
GOOG,2024-09-20,164.52000427246094,164.75,163.17999267578125,164.63999938964844,163.81568908691406,46362700,0.0,0.0,164.18999735514322,7612291590.377298,yahoo
GOOG,2024-09-23,165.33999633789062,166.61000061035156,162.9499969482422,163.07000732421875,162.25355529785156,15648400,0.0,0.0,164.21000162760416,2569623789.469401,yahoo
GOOG,2024-09-24,164.25,164.5500030517578,162.02999877929688,163.63999938964844,162.8206787109375,18774100,0.0,0.0,163.40666707356772,3067813108.3058677,yahoo
GOOG,2024-09-25,162.97000122070312,164.2169952392578,162.77499389648438,162.99000549316406,162.17396545410156,13607900,0.0,0.0,163.32733154296875,2222541994.9035645,yahoo
GOOG,2024-09-26,165.02999877929688,165.5,163.5,163.8300018310547,163.00973510742188,18234500,0.0,0.0,164.27666727701822,2995502889.4627886,yahoo
GOOG,2024-09-27,163.91000366210938,166.97000122070312,163.8300018310547,165.2899932861328,164.46243286132812,13604300,0.0,0.0,165.36333211263022,2249652379.0598555,yahoo
GOOG,2024-09-30,164.77999877929688,167.36000061035156,164.63999938964844,167.19000244140625,166.35292053222656,14070100,0.0,0.0,166.39666748046875,2341217751.1169434,yahoo
GOOG,2024-10-01,168.86000061035156,170.44000244140625,165.89999389648438,168.4199981689453,167.57675170898438,18629500,0.0,0.0,168.25333150227866,3134475439.2217,yahoo
GOOG,2024-10-02,167.75999450683594,168.8800048828125,166.25,167.30999755859375,166.47232055664062,12745000,0.0,0.0,167.4800008138021,2134532610.3719077,yahoo
GOOG,2024-10-03,165.82000732421875,167.91000366210938,165.3699951171875,167.2100067138672,166.37281799316406,11004300,0.0,0.0,166.8300018310547,1835847389.149475,yahoo
GOOG,2024-10-04,169.33999633789062,169.5500030517578,166.9600067138672,168.55999755859375,167.716064453125,11422100,0.0,0.0,168.3566691080729,1922986710.2193196,yahoo
GOOG,2024-10-07,169.13999938964844,169.89999389648438,164.1300048828125,164.38999938964844,163.5669403076172,14034700,0.0,0.0,166.13999938964844,2331725049.433899,yahoo
GOOG,2024-10-08,165.42999267578125,166.10000610351562,164.30999755859375,165.6999969482422,164.870361328125,11723900,0.0,0.0,165.37000020345053,1938781345.3852336,yahoo
GOOG,2024-10-09,164.85499572753906,166.25999450683594,161.1199951171875,163.05999755859375,162.2435760498047,19666400,0.0,0.0,163.47999572753906,3215062987.976074,yahoo
GOOG,2024-10-10,162.11000061035156,164.31100463867188,161.63999938964844,163.17999267578125,162.36297607421875,12900500,0.0,0.0,163.04366556803384,2103344807.6604207,yahoo
GOOG,2024-10-11,163.3300018310547,165.27000427246094,162.5,164.52000427246094,163.6962890625,10946000,0.0,0.0,164.09666951497397,1796202144.510905,yahoo
GOOG,2024-10-14,164.91000366210938,167.6199951171875,164.77999877929688,166.35000610351562,165.51712036132812,9981800,0.0,0.0,166.25,1659474250.0,yahoo
GOOG,2024-10-15,167.13999938964844,169.08999633789062,166.0500030517578,166.89999389648438,166.06434631347656,14829300,0.0,0.0,167.34666442871094,2481633890.812683,yahoo
GOOG,2024-10-16,166.02999877929688,167.27999877929688,165.21600341796875,166.74000549316406,165.90518188476562,9968500,0.0,0.0,166.41200256347656,1658878047.554016,yahoo
GOOG,2024-10-17,167.3800048828125,167.92999267578125,164.3699951171875,164.50999450683594,163.68634033203125,15113400,0.0,0.0,165.60332743326822,2502829328.829956,yahoo
GOOG,2024-10-18,164.8699951171875,166.3699951171875,164.75,165.0500030517578,164.2236328125,13091300,0.0,0.0,165.38999938964844,2165170099.0097046,yahoo
GOOG,2024-10-21,164.5800018310547,166.22000122070312,164.30499267578125,165.8000030517578,164.96987915039062,11384000,0.0,0.0,165.44166564941406,1883387921.7529297,yahoo
GOOG,2024-10-22,164.6999969482422,167.47000122070312,164.6699981689453,166.82000732421875,165.9847869873047,11958600,0.0,0.0,166.32000223795572,1988954378.7628174,yahoo
GOOG,2024-10-23,166.42999267578125,167.60000610351562,163.63299560546875,164.47999572753906,163.65647888183594,12754300,0.0,0.0,165.23766581217447,2107490761.0682168,yahoo
GOOG,2024-10-24,164.58999633789062,165.0500030517578,162.77000427246094,164.52999877929688,163.70623779296875,12764400,0.0,0.0,164.11666870117188,2094850805.9692383,yahoo
GOOG,2024-10-25,165.36500549316406,167.39999389648438,165.22999572753906,166.99000549316406,166.15390014648438,14566400,0.0,0.0,166.53999837239584,2425888232.291667,yahoo
GOOG,2024-10-28,170.58999633789062,170.6060028076172,165.7899932861328,168.33999633789062,167.4971466064453,20858300,0.0,0.0,168.24533081054688,3509311583.64563,yahoo
GOOG,2024-10-29,169.38499450683594,171.86000061035156,168.66000366210938,171.13999938964844,170.28314208984375,28916100,0.0,0.0,170.55333455403647,4931737277.297974,yahoo
GOOG,2024-10-30,182.41000366210938,183.7899932861328,175.7449951171875,176.13999938964844,175.25811767578125,49698300,0.0,0.0,178.5583292643229,8874045415.2771,yahoo
GOOG,2024-10-31,174.72000122070312,178.4199981689453,172.55999755859375,172.69000244140625,171.82537841796875,32801900,0.0,0.0,174.5566660563151,5725790304.312642,yahoo
GOOG,2024-11-01,171.5399932861328,173.82000732421875,170.30999755859375,172.64999389648438,171.78555297851562,21752900,0.0,0.0,172.25999959309897,3747154545.1487226,yahoo
GOOG,2024-11-04,171.24000549316406,171.9199981689453,169.48500061035156,170.67999267578125,169.82542419433594,16194000,0.0,0.0,170.69499715169272,2764234783.8745117,yahoo
GOOG,2024-11-05,170.8300018310547,172.0970001220703,170.3699951171875,171.41000366210938,170.55178833007812,12518300,0.0,0.0,171.2923329671224,2144288811.7823284,yahoo
GOOG,2024-11-06,175.35000610351562,178.63999938964844,175.0399932861328,178.3300018310547,177.4371337890625,27061500,0.0,0.0,177.33666483561197,4798996155.448914,yahoo
GOOG,2024-11-07,179.11000061035156,182.5800018310547,178.88999938964844,182.27999877929688,181.36737060546875,16730400,0.0,0.0,181.25,3032385000.0,yahoo
GOOG,2024-11-08,182.0,182.35000610351562,179.57000732421875,179.86000061035156,178.95948791503906,15021500,0.0,0.0,180.5933380126953,2712782826.9577026,yahoo
GOOG,2024-11-11,180.07000732421875,182.0850067138672,179.99000549316406,181.97000122070312,181.0589141845703,12503400,0.0,0.0,181.34833780924478,2267470806.9641113,yahoo
GOOG,2024-11-12,181.3800048828125,184.02499389648438,180.99000549316406,183.32000732421875,182.4021759033203,14065800,0.0,0.0,182.77833557128906,2570923512.4786377,yahoo
GOOG,2024-11-13,182.14999389648438,182.61500549316406,180.1199951171875,180.49000549316406,179.58633422851562,13969700,0.0,0.0,181.07500203450522,2529563455.9214277,yahoo
GOOG,2024-11-14,179.75,180.44500732421875,176.02999877929688,177.35000610351562,176.46205139160156,17925800,0.0,0.0,177.9416707356771,3189746801.2736006,yahoo
GOOG,2024-11-15,175.63999938964844,175.8800048828125,172.7449951171875,173.88999938964844,173.01937866210938,21708900,0.0,0.0,174.17166646321616,3781075290.083313,yahoo
GOOG,2024-11-18,174.9550018310547,176.91000366210938,174.4199981689453,176.8000030517578,175.91481018066406,18662800,0.0,0.0,176.0433349609375,3285461551.7089844,yahoo
GOOG,2024-11-19,175.23500061035156,180.1699981689453,175.11599731445312,179.5800018310547,178.68087768554688,15392900,0.0,0.0,178.28866577148438,2744379603.353882,yahoo
GOOG,2024-11-20,178.8300018310547,179.11000061035156,175.3300018310547,177.3300018310547,176.442138671875,15729800,0.0,0.0,177.2566680908203,2788211937.7349854,yahoo
GOOG,2024-11-21,175.4550018310547,175.5800018310547,165.30999755859375,169.24000549316406,168.3926544189453,38839400,0.0,0.0,170.0433349609375,6604381103.881836,yahoo
GOOG,2024-11-22,167.16000366210938,168.26499938964844,165.7100067138672,166.57000732421875,165.73602294921875,24497000,0.0,0.0,166.84833780924478,4087283731.3130693,yahoo
GOOG,2024-11-25,167.99000549316406,170.4600067138672,167.39999389648438,169.42999267578125,168.58169555664062,21395700,0.0,0.0,169.09666442871094,3617941503.1173706,yahoo
GOOG,2024-11-26,169.49000549316406,171.4949951171875,169.42999267578125,170.6199951171875,169.7657470703125,14937500,0.0,0.0,170.5149943033854,2547067727.4068193,yahoo
GOOG,2024-11-27,170.67999267578125,171.13999938964844,169.6699981689453,170.82000732421875,169.96473693847656,12433400,0.0,0.0,170.5433349609375,2120433500.9033203,yahoo
GOOG,2024-11-29,170.05999755859375,170.8699951171875,168.75,170.49000549316406,169.63638305664062,9250700,0.0,0.0,170.0366668701172,1572958194.215393,yahoo
GOOG,2024-12-02,170.32000732421875,173.60000610351562,170.27000427246094,172.97999572753906,172.11390686035156,16593400,0.0,0.0,172.28333536783853,2858766297.092692,yahoo
GOOG,2024-12-03,173.1199951171875,174.32000732421875,172.50999450683594,173.02000427246094,172.1537322998047,15721500,0.0,0.0,173.28333536783853,2724273956.9854736,yahoo
GOOG,2024-12-04,172.77999877929688,176.42999267578125,172.75,176.08999633789062,175.20835876464844,18239800,0.0,0.0,175.08999633789062,3193606515.2038574,yahoo
GOOG,2024-12-05,177.32000732421875,177.7100067138672,174.00999450683594,174.30999755859375,173.43728637695312,16145500,0.0,0.0,175.34333292643228,2831005781.7637124,yahoo
GOOG,2024-12-06,173.8800048828125,176.83900451660156,173.5500030517578,176.49000549316406,175.6063690185547,13319500,0.0,0.0,175.62633768717447,2339255004.8243203,yahoo
GOOG,2024-12-09,175.71499633789062,178.0399932861328,175.39999389648438,177.10000610351562,176.4132080078125,19887800,0.2,0.0,176.84666442871094,3517091092.8253174,yahoo
GOOG,2024-12-10,184.53500366210938,188.02999877929688,182.6699981689453,186.52999877929688,185.806640625,34317400,0.0,0.0,185.7433319091797,6374228218.460083,yahoo
GOOG,2024-12-11,186.6999969482422,196.88999938964844,186.25999450683594,196.7100067138672,195.94717407226562,41664500,0.0,0.0,193.2866668701172,8053192331.809998,yahoo
GOOG,2024-12-12,196.3000030517578,196.7050018310547,193.27999877929688,193.6300048828125,192.8791046142578,25197800,0.0,0.0,194.53833516438803,4901938061.805217,yahoo
GOOG,2024-12-13,192.7100067138672,194.33999633789062,191.25999450683594,191.3800048828125,190.6378173828125,18883200,0.0,0.0,192.32666524251303,3631742885.107422,yahoo
GOOG,2024-12-16,194.36500549316406,200.63999938964844,194.11000061035156,198.16000366210938,197.39154052734375,32248600,0.0,0.0,197.63666788736978,6373505848.032633,yahoo
GOOG,2024-12-17,198.52999877929688,202.8800048828125,196.69000244140625,197.1199951171875,196.35557556152344,24129500,0.0,0.0,198.89666748046875,4799277137.969971,yahoo
GOOG,2024-12-18,196.8300018310547,198.69000244140625,189.27999877929688,190.14999389648438,189.41259765625,27638400,0.0,0.0,192.7066650390625,5326103891.015625,yahoo
GOOG,2024-12-19,193.27999877929688,194.60000610351562,189.52000427246094,189.6999969482422,188.96432495117188,26981200,0.0,0.0,191.2733357747396,5160784127.205404,yahoo
GOOG,2024-12-20,187.00999450683594,194.13499450683594,186.3699951171875,192.9600067138672,192.2117156982422,45319700,0.0,0.0,191.15499877929688,8663087198.1781,yahoo
GOOG,2024-12-23,194.02999877929688,196.49000549316406,191.6300048828125,195.99000549316406,195.22998046875,15235900,0.0,0.0,194.70333862304688,2966480596.92688,yahoo
GOOG,2024-12-24,196.1699981689453,197.6699981689453,195.197998046875,197.57000732421875,196.80381774902344,6809800,0.0,0.0,196.8126678466797,1340254905.5023193,yahoo
GOOG,2024-12-26,196.74000549316406,198.16000366210938,195.8699951171875,197.10000610351562,196.3356475830078,7907900,0.0,0.0,197.0433349609375,1558198988.5375977,yahoo
GOOG,2024-12-27,196.47000122070312,196.8000030517578,191.9720001220703,194.0399932861328,193.2875213623047,14693000,0.0,0.0,194.27066548665366,2854418887.9954023,yahoo
GOOG,2024-12-30,190.86500549316406,193.77999877929688,190.36000061035156,192.69000244140625,191.9427490234375,12209500,0.0,0.0,192.27666727701822,2347601969.118754,yahoo
GOOG,2024-12-31,192.44500732421875,193.25,189.5800018310547,190.44000244140625,189.7014617919922,14355200,0.0,0.0,191.09000142415366,2743135188.4440107,yahoo
GOOG,2025-01-02,191.48500061035156,193.1999969482422,188.7100067138672,190.6300048828125,189.89073181152344,17545200,0.0,0.0,190.84666951497397,3348442985.974121,yahoo
GOOG,2025-01-03,192.72500610351562,194.5,191.35000610351562,193.1300048828125,192.3810577392578,12875000,0.0,0.0,192.99333699544272,2484789213.816325,yahoo
GOOG,2025-01-06,195.14999389648438,199.55999755859375,195.05999755859375,197.9600067138672,197.1923370361328,19483300,0.0,0.0,197.52666727701822,3848471316.558329,yahoo
GOOG,2025-01-07,198.27000427246094,202.13999938964844,195.94000244140625,196.7100067138672,195.94717407226562,16966800,0.0,0.0,198.26333618164062,3363894372.32666,yahoo
GOOG,2025-01-08,193.9499969482422,197.63999938964844,193.75,195.38999938964844,194.6322784423828,14335300,0.0,0.0,195.59333292643228,2803889105.5002847,yahoo
GOOG,2025-01-10,195.4199981689453,197.6199951171875,191.60000610351562,193.1699981689453,192.42088317871094,20753800,0.0,0.0,194.12999979654947,4028935189.7776284,yahoo
GOOG,2025-01-13,191.35000610351562,192.49000549316406,188.66000366210938,192.2899932861328,191.5443115234375,13169100,0.0,0.0,191.14666748046875,2517229578.717041,yahoo
GOOG,2025-01-14,192.5,193.27000427246094,189.63999938964844,191.0500030517578,190.30911254882812,13651200,0.0,0.0,191.32000223795572,2611747614.5507812,yahoo
GOOG,2025-01-15,194.35000610351562,197.8000030517578,193.3300018310547,196.97999572753906,196.21612548828125,12894900,0.0,0.0,196.0366668701172,2527873215.623474,yahoo
GOOG,2025-01-16,195.8249969482422,196.97999572753906,194.3000030517578,194.41000366210938,193.6560821533203,13449600,0.0,0.0,195.2300008138021,2625765418.9453125,yahoo
GOOG,2025-01-17,198.0500030517578,198.80999755859375,195.30999755859375,197.5500030517578,196.78392028808594,22109100,0.0,0.0,197.22333272298178,4360430385.505676,yahoo
GOOG,2025-01-21,200.50999450683594,203.83999633789062,199.44000244140625,199.6300048828125,198.85585021972656,19005200,0.0,0.0,200.97000122070312,3819475067.199707,yahoo
GOOG,2025-01-22,200.5500030517578,202.1199951171875,199.1999969482422,200.02999877929688,199.25430297851562,15477400,0.0,0.0,200.4499969482422,3102444782.7667236,yahoo
GOOG,2025-01-23,199.97999572753906,201.94000244140625,196.82000732421875,199.5800018310547,198.80604553222656,15170800,0.0,0.0,199.44667053222656,3025765549.3103027,yahoo
GOOG,2025-01-24,199.85000610351562,202.57000732421875,199.78399658203125,201.89999389648438,201.11703491210938,12732400,0.0,0.0,201.41799926757812,2564534533.8745117,yahoo
GOOG,2025-01-27,194.19000244140625,198.6699981689453,192.6999969482422,193.77000427246094,193.01856994628906,24970200,0.0,0.0,195.04666646321616,4870354270.9198,yahoo
GOOG,2025-01-28,194.64999389648438,197.22999572753906,192.61000061035156,197.07000732421875,196.3057861328125,15939200,0.0,0.0,195.63666788736978,3118291976.7903643,yahoo
GOOG,2025-01-29,197.3699951171875,198.4600067138672,195.19000244140625,197.17999267578125,196.4153289794922,12287800,0.0,0.0,196.9433339436849,2420000298.8332114,yahoo
GOOG,2025-01-30,199.75999450683594,203.23800659179688,199.4720001220703,202.6300048828125,201.84422302246094,14571500,0.0,0.0,201.7800038655599,2940237326.3270063,yahoo
GOOG,2025-01-31,203.71499633789062,207.0800018310547,203.5800018310547,205.60000610351562,204.8026885986328,17060300,0.0,0.0,205.42000325520834,3504526881.534831,yahoo
GOOG,2025-02-03,202.21499633789062,205.22000122070312,201.66000366210938,202.63999938964844,201.85415649414062,16719500,0.0,0.0,203.17333475748697,3396956570.477803,yahoo
GOOG,2025-02-04,204.5,208.6999969482422,204.25999450683594,207.7100067138672,206.90451049804688,28285400,0.0,0.0,206.88999938964844,5851966388.735962,yahoo
GOOG,2025-02-05,193.10000610351562,194.5500030517578,189.91000366210938,193.3000030517578,192.55038452148438,43666400,0.0,0.0,192.586669921875,8409566563.4765625,yahoo
GOOG,2025-02-06,190.99000549316406,193.8300018310547,190.49000549316406,193.30999755859375,192.56033325195312,20816600,0.0,0.0,192.5433349609375,4008097586.5478516,yahoo
GOOG,2025-02-07,192.74000549316406,193.01499938964844,185.10000610351562,187.13999938964844,186.41427612304688,29565700,0.0,0.0,188.4183349609375,5570719965.95459,yahoo
GOOG,2025-02-10,189.05999755859375,189.99000549316406,187.61000061035156,188.1999969482422,187.47015380859375,16606000,0.0,0.0,188.6000010172526,3131891616.8924966,yahoo
GOOG,2025-02-11,186.8350067138672,188.8000030517578,186.0800018310547,187.07000732421875,186.34454345703125,13028100,0.0,0.0,187.3166707356771,2440380318.0114746,yahoo
GOOG,2025-02-12,185.22999572753906,186.8300018310547,183.6300048828125,185.42999267578125,184.7108917236328,17632300,0.0,0.0,185.29666646321616,3267206412.079366,yahoo
GOOG,2025-02-13,185.92999267578125,187.99000549316406,184.8800048828125,187.8800048828125,187.15142822265625,12729300,0.0,0.0,186.9166717529297,2379318389.744568,yahoo
GOOG,2025-02-14,186.8300018310547,188.14999389648438,186.11000061035156,186.8699951171875,186.14532470703125,12714200,0.0,0.0,187.04332987467447,2378106304.692586,yahoo
GOOG,2025-02-18,187.44000244140625,187.77999877929688,183.5800018310547,185.8000030517578,185.07945251464844,19796000,0.0,0.0,185.72000122070312,3676513144.165039,yahoo
GOOG,2025-02-19,186.18499755859375,187.36000061035156,185.5,187.1300048828125,186.40432739257812,13120500,0.0,0.0,186.66333516438803,2449116289.024353,yahoo
GOOG,2025-02-20,186.5,187.1199951171875,184.60000610351562,186.63999938964844,185.91619873046875,12063800,0.0,0.0,186.12000020345053,2245314458.4543867,yahoo
GOOG,2025-02-21,187.2899932861328,187.47000122070312,181.1300048828125,181.5800018310547,180.87582397460938,19520800,0.0,0.0,183.3933359781901,3579984632.963053,yahoo
GOOG,2025-02-24,183.8000030517578,185.08999633789062,180.8800048828125,181.19000244140625,180.4873504638672,18734000,0.0,0.0,182.38666788736978,3416831836.2019854,yahoo
GOOG,2025-02-25,180.15499877929688,180.75999450683594,176.77000427246094,177.3699951171875,176.68215942382812,20832500,0.0,0.0,178.29999796549478,3714434707.61617,yahoo
GOOG,2025-02-26,176.94500732421875,178.0800018310547,173.58999633789062,174.6999969482422,174.02252197265625,23637200,0.0,0.0,175.4566650390625,4147304282.861328,yahoo
GOOG,2025-02-27,175.94000244140625,176.58999633789062,169.7519989013672,170.2100067138672,169.54994201660156,25930500,0.0,0.0,172.18400065104166,4464817228.881836,yahoo
GOOG,2025-02-28,170.3000030517578,172.5,168.38999938964844,172.22000122070312,171.5521240234375,30049800,0.0,0.0,171.0366668701172,5139617632.113647,yahoo
GOOG,2025-03-03,173.72999572753906,175.0,167.63999938964844,168.66000366210938,168.0059356689453,24122000,0.0,0.0,170.43333435058594,4111192891.204834,yahoo
GOOG,2025-03-04,167.94000244140625,175.1649932861328,167.5399932861328,172.61000061035156,171.94061279296875,30711400,0.0,0.0,171.77166239420572,5275348232.453409,yahoo
GOOG,2025-03-05,172.32000732421875,175.75,170.92999267578125,174.99000549316406,174.31138610839844,18848000,0.0,0.0,173.88999938964844,3277478708.4960938,yahoo
GOOG,2025-03-06,172.5500030517578,176.72999572753906,172.50799560546875,174.2100067138672,173.534423828125,19082400,0.0,0.0,174.482666015625,3329548025.9765625,yahoo
GOOG,2025-03-07,173.24200439453125,176.89999389648438,172.25,175.75,175.06845092773438,16395300,0.0,0.0,174.96666463216147,2868630956.6436768,yahoo
GOOG,2025-03-10,170.16000366210938,170.4499969482422,165.56500244140625,167.80999755859375,167.34967041015625,28990700,0.2,0.0,167.94166564941406,4868746446.342468,yahoo
GOOG,2025-03-11,166.67999267578125,168.65499877929688,163.24000549316406,165.97999572753906,165.52468872070312,23705900,0.0,0.0,165.95833333333334,3934191654.166667,yahoo
GOOG,2025-03-12,168.47000122070312,169.52999877929688,165.47999572753906,169.0,168.53640747070312,19880100,0.0,0.0,168.00333150227866,3339923030.5984497,yahoo
GOOG,2025-03-13,167.97999572753906,168.1199951171875,164.07000732421875,164.72999572753906,164.2781219482422,15206200,0.0,0.0,165.63999938964844,2518754958.718872,yahoo
GOOG,2025-03-14,165.31500244140625,168.25,164.50999450683594,167.6199951171875,167.1602020263672,18611100,0.0,0.0,166.79332987467447,3104207341.630554,yahoo
GOOG,2025-03-17,167.3249969482422,168.4600067138672,165.80999755859375,166.57000732421875,166.11306762695312,17839100,0.0,0.0,166.94667053222656,2978178350.291443,yahoo
GOOG,2025-03-18,165.9600067138672,166.44000244140625,158.8000030517578,162.6699981689453,162.22377014160156,24616800,0.0,0.0,162.63666788736978,4003594326.0498047,yahoo
GOOG,2025-03-19,163.9149932861328,168.13299560546875,163.0500030517578,166.27999877929688,165.82386779785156,24955700,0.0,0.0,165.8209991455078,4138179108.3755493,yahoo
GOOG,2025-03-20,163.8249969482422,167.02999877929688,163.13999938964844,165.0500030517578,164.5972442626953,19981500,0.0,0.0,165.07333374023438,3298412818.130493,yahoo
GOOG,2025-03-21,163.3800048828125,166.47000122070312,163.02999877929688,166.25,165.79396057128906,29882100,0.0,0.0,165.25,4938017025.0,yahoo
GOOG,2025-03-24,169.26499938964844,170.5,167.44000244140625,169.92999267578125,169.46385192871094,18742800,0.0,0.0,169.28999837239584,3172968581.4941406,yahoo
GOOG,2025-03-25,171.17999267578125,172.91000366210938,170.5500030517578,172.7899932861328,172.31600952148438,13841600,0.0,0.0,172.08333333333334,2381908666.666667,yahoo
GOOG,2025-03-26,171.3000030517578,171.94000244140625,166.86099243164062,167.13999938964844,166.68150329589844,22498000,0.0,0.0,168.6469980875651,3794220162.9740396,yahoo
GOOG,2025-03-27,166.7100067138672,167.44000244140625,163.85000610351562,164.0800018310547,163.62989807128906,21571200,0.0,0.0,165.1233367919922,3561908522.607422,yahoo
GOOG,2025-03-28,162.36000061035156,163.80999755859375,155.33900451660156,156.05999755859375,155.63189697265625,34866500,0.0,0.0,158.4029998779297,5522958195.243835,yahoo
GOOG,2025-03-31,154.80999755859375,157.1300048828125,152.2100067138672,156.22999572753906,155.8014373779297,33591600,0.0,0.0,155.19000244140625,5213080486.010742,yahoo
GOOG,2025-04-01,155.3000030517578,160.0800018310547,155.2550048828125,158.8800048828125,158.4441680908203,20111400,0.0,0.0,158.07167053222656,3179042594.7418213,yahoo
GOOG,2025-04-02,156.9600067138672,160.27499389648438,156.52999877929688,158.86000061035156,158.42422485351562,17113300,0.0,0.0,158.55499776204428,2713399243.2011924,yahoo
GOOG,2025-04-03,152.8350067138672,154.68699645996094,152.17999267578125,152.6300048828125,152.21131896972656,28416100,0.0,0.0,153.16566467285156,4352370843.910217,yahoo
GOOG,2025-04-04,149.89999389648438,153.08999633789062,147.5399932861328,147.74000549316406,147.33473205566406,39832200,0.0,0.0,149.4566650390625,5953187773.168945,yahoo
GOOG,2025-04-07,143.38999938964844,154.92999267578125,142.66000366210938,149.24000549316406,148.8306121826172,47823000,0.0,0.0,148.9433339436849,7122917059.188843,yahoo
GOOG,2025-04-08,153.5749969482422,154.44000244140625,145.2100067138672,146.5800018310547,146.17791748046875,35304400,0.0,0.0,148.74333699544272,5251294266.621908,yahoo
GOOG,2025-04-09,146.3300018310547,161.8699951171875,145.80999755859375,161.05999755859375,160.61819458007812,46479500,0.0,0.0,156.24666341145834,7262266792.032878,yahoo
GOOG,2025-04-10,158.75999450683594,160.02999877929688,152.1999969482422,155.3699951171875,154.9438018798828,35270500,0.0,0.0,155.86666361490884,5497495159.029642,yahoo
GOOG,2025-04-11,155.5850067138672,159.86000061035156,155.5850067138672,159.39999389648438,158.96273803710938,22582000,0.0,0.0,158.28166707356772,3574316605.855306,yahoo
GOOG,2025-04-14,162.30999755859375,164.02999877929688,159.9199981689453,161.47000122070312,161.02708435058594,18255900,0.0,0.0,161.8066660563151,2953926314.857483,yahoo
GOOG,2025-04-15,161.57000732421875,162.0500030517578,157.64500427246094,158.67999267578125,158.24472045898438,15690800,0.0,0.0,159.45833333333334,2502028816.666667,yahoo
GOOG,2025-04-16,155.47000122070312,158.17999267578125,153.91000366210938,155.5,155.0734405517578,16921500,0.0,0.0,155.86333211263022,2637441374.343872,yahoo
GOOG,2025-04-17,156.61000061035156,157.07000732421875,150.89999389648438,153.36000061035156,152.9393310546875,19513400,0.0,0.0,153.77666727701822,3000705619.243367,yahoo
GOOG,2025-04-21,150.96499633789062,151.05999755859375,148.39999389648438,149.86000061035156,149.44891357421875,16147800,0.0,0.0,149.77333068847656,2418509789.291382,yahoo
GOOG,2025-04-22,151.07000732421875,154.61000061035156,150.8699951171875,153.89999389648438,153.4778289794922,15910300,0.0,0.0,153.1266632080078,2436291149.6383667,yahoo
GOOG,2025-04-23,157.91000366210938,160.02000427246094,156.35000610351562,157.72000122070312,157.28736877441406,18575700,0.0,0.0,158.0300038655599,2935517942.805481,yahoo
GOOG,2025-04-24,158.52499389648438,161.7100067138672,158.08999633789062,161.47000122070312,161.02708435058594,30787500,0.0,0.0,160.42333475748697,4939033418.84613,yahoo
GOOG,2025-04-25,167.10000610351562,168.24000549316406,163.0,163.85000610351562,163.40052795410156,35148100,0.0,0.0,165.0300038655599,5800491078.867086,yahoo
GOOG,2025-04-28,164.25999450683594,164.9499969482422,160.3800048828125,162.4199981689453,161.97445678710938,20871200,0.0,0.0,162.58333333333334,3393309266.666667,yahoo
GOOG,2025-04-29,162.0449981689453,162.67999267578125,159.38999938964844,162.05999755859375,161.61544799804688,15955200,0.0,0.0,161.3766632080078,2574796936.8164062,yahoo
GOOG,2025-04-30,159.86000061035156,161.37399291992188,157.15499877929688,160.88999938964844,160.44863891601562,20639500,0.0,0.0,159.80633036295572,3298322755.5262246,yahoo
GOOG,2025-05-01,162.52000427246094,163.94000244140625,160.92999267578125,162.7899932861328,162.3434295654297,21904300,0.0,0.0,162.55332946777344,3560616894.6609497,yahoo
GOOG,2025-05-02,164.9550018310547,166.6999969482422,163.66000366210938,165.80999755859375,165.35516357421875,16844900,0.0,0.0,165.38999938964844,2785978000.718689,yahoo
GOOG,2025-05-05,164.51499938964844,167.10000610351562,164.47000122070312,166.0500030517578,165.59449768066406,15309300,0.0,0.0,165.8733367919922,2539404674.949646,yahoo
GOOG,2025-05-06,163.9600067138672,166.74000549316406,163.1300048828125,165.1999969482422,164.74684143066406,10691900,0.0,0.0,165.0233357747396,1764413003.7699382,yahoo
GOOG,2025-05-07,166.07000732421875,166.99000549316406,149.49000549316406,152.8000030517578,152.38084411621094,78729800,0.0,0.0,156.42667134602866,12315440549.738567,yahoo
GOOG,2025-05-08,155.9199981689453,157.41000366210938,154.10000610351562,155.75,155.32276916503906,38387500,0.0,0.0,155.75333658854166,5978981208.292643,yahoo
GOOG,2025-05-09,155.5500030517578,156.42999267578125,153.8300018310547,154.3800048828125,153.95651245117188,22871000,0.0,0.0,154.87999979654947,3542260475.346883,yahoo
GOOG,2025-05-12,159.10000610351562,160.44000244140625,157.88999938964844,159.5800018310547,159.14224243164062,31884900,0.0,0.0,159.30333455403647,5079370891.921997,yahoo
GOOG,2025-05-13,159.9199981689453,162.05999755859375,157.5800018310547,160.88999938964844,160.44863891601562,24944300,0.0,0.0,160.17666625976562,3995494816.1834717,yahoo
GOOG,2025-05-14,161.30999755859375,168.33999633789062,160.92999267578125,166.80999755859375,166.35240173339844,31769200,0.0,0.0,165.35999552408853,5253354769.803873,yahoo
GOOG,2025-05-15,167.13999938964844,167.50999450683594,163.83999633789062,165.39999389648438,164.94627380371094,22717600,0.0,0.0,165.5833282470703,3761655817.7856445,yahoo
GOOG,2025-05-16,168.92999267578125,170.64999389648438,166.9499969482422,167.42999267578125,166.97071838378906,36271400,0.0,0.0,168.34332784016928,6106048181.421916,yahoo
GOOG,2025-05-19,165.71499633789062,167.9499969482422,165.4149932861328,167.8699951171875,167.4095001220703,21374700,0.0,0.0,167.07832845052084,3571249147.1313477,yahoo
GOOG,2025-05-20,167.75999450683594,169.67999267578125,164.25999450683594,165.32000732421875,164.8665313720703,33563300,0.0,0.0,166.4199981689453,5585604324.543762,yahoo
GOOG,2025-05-21,164.9499969482422,174.52999877929688,164.88999938964844,170.05999755859375,169.59349060058594,45567600,0.0,0.0,169.82666524251303,7738593551.104736,yahoo
GOOG,2025-05-22,173.35000610351562,178.1300048828125,171.8800048828125,171.97999572753906,171.50823974609375,45024100,0.0,0.0,173.99666849772134,7834043402.108255,yahoo
GOOG,2025-05-23,170.27999877929688,171.2050018310547,169.25999450683594,169.58999633789062,169.1248016357422,24963600,0.0,0.0,170.0183308919271,4244269605.053711,yahoo
GOOG,2025-05-27,171.3000030517578,174.2899932861328,171.2100067138672,173.97999572753906,173.5027313232422,24341300,0.0,0.0,173.15999857584634,4214939473.3342485,yahoo
GOOG,2025-05-28,173.97999572753906,176.47999572753906,173.01499938964844,173.3800048828125,172.90440368652344,25999200,0.0,0.0,174.29166666666666,4531443900.0,yahoo
GOOG,2025-05-29,175.0,175.39999389648438,171.77999877929688,172.9600067138672,172.48556518554688,21174700,0.0,0.0,173.37999979654947,3671269481.691996,yahoo
GOOG,2025-05-30,172.41000366210938,173.44000244140625,168.52499389648438,172.85000610351562,172.37583923339844,36258300,0.0,0.0,171.6050008138021,6222105601.00708,yahoo
GOOG,2025-06-02,169.00999450683594,171.06199645996094,168.64999389648438,170.3699951171875,169.9026336669922,24742900,0.0,0.0,170.02732849121094,4206969186.125183,yahoo
GOOG,2025-06-03,168.86500549316406,169.8000030517578,166.67999267578125,167.7100067138672,167.24996948242188,25386700,0.0,0.0,168.0633341471354,4266573444.9930825,yahoo
GOOG,2025-06-04,168.27999877929688,169.5800018310547,167.7949981689453,169.38999938964844,168.9253387451172,18508700,0.0,0.0,168.92166646321616,3126520448.067729,yahoo
GOOG,2025-06-05,171.6199951171875,172.36000061035156,169.35000610351562,169.80999755859375,169.34417724609375,25375400,0.0,0.0,170.5066680908203,4326674905.471802,yahoo
GOOG,2025-06-06,172.3000030517578,175.8300018310547,172.3000030517578,174.9199981689453,174.44015502929688,22258100,0.0,0.0,174.3500010172526,3880699757.64211,yahoo
GOOG,2025-06-09,175.8699951171875,177.9149932861328,175.66000366210938,177.6300048828125,177.3556671142578,18817600,0.21,0.0,177.0683339436849,3332001080.818685,yahoo
GOOG,2025-06-10,177.75999450683594,182.44500732421875,176.47500610351562,180.00999450683594,179.7319793701172,32908000,0.0,0.0,179.6433359781901,5911702900.370279,yahoo
GOOG,2025-06-11,181.22999572753906,181.75,178.0,178.7899932861328,178.5138702392578,18994400,0.0,0.0,179.5133310953776,3409748016.15804,yahoo
GOOG,2025-06-12,177.47999572753906,178.1300048828125,176.11000061035156,176.97000122070312,176.69668579101562,17345900,0.0,0.0,177.07000223795572,3071438551.819356,yahoo
GOOG,2025-06-13,173.5800018310547,178.34300231933594,173.57000732421875,175.8800048828125,175.60836791992188,20873200,0.0,0.0,175.9310048421224,3672243050.2705894,yahoo
GOOG,2025-06-16,175.90499877929688,178.2449951171875,175.82000732421875,177.94000244140625,177.66517639160156,18132500,0.0,0.0,177.33500162760416,3215526917.012532,yahoo
GOOG,2025-06-17,177.0,178.71499633789062,175.94000244140625,177.22999572753906,176.95628356933594,17656100,0.0,0.0,177.2949981689453,3130338217.1707153,yahoo
GOOG,2025-06-18,177.27999877929688,177.82400512695312,172.83999633789062,173.97999572753906,173.71128845214844,32531800,0.0,0.0,174.88133239746094,5689204529.28772,yahoo
GOOG,2025-06-20,174.86500549316406,175.36500549316406,166.27000427246094,167.72999572753906,167.470947265625,55402600,0.0,0.0,169.78833516438803,9406715217.778524,yahoo
GOOG,2025-06-23,167.32000732421875,168.47999572753906,163.3300018310547,166.00999450683594,165.7536163330078,36975600,0.0,0.0,165.93999735514322,6135730966.204834,yahoo
GOOG,2025-06-24,167.68499755859375,169.25,166.91000366210938,167.74000549316406,167.48094177246094,27310300,0.0,0.0,167.96666971842447,4587220140.011087,yahoo
GOOG,2025-06-25,168.64999389648438,173.36000061035156,168.56100463867188,171.49000549316406,171.22515869140625,23627400,0.0,0.0,171.13700358072916,4043522438.4033203,yahoo
GOOG,2025-06-26,173.38499450683594,174.64999389648438,170.86000061035156,174.42999267578125,174.1605987548828,25909100,0.0,0.0,173.3133290608724,4490392373.971049,yahoo
GOOG,2025-06-27,174.6300048828125,178.83999633789062,172.7100067138672,178.27000427246094,177.9946746826172,74053100,0.0,0.0,176.6066691080729,13078271328.127033,yahoo
GOOG,2025-06-30,180.78500366210938,181.5800018310547,175.5,177.38999938964844,177.1160430908203,43964600,0.0,0.0,178.15666707356772,7832586605.222575,yahoo
GOOG,2025-07-01,176.80499267578125,177.22000122070312,174.66000366210938,176.91000366210938,176.63677978515625,25778500,0.0,0.0,176.26333618164062,4543804411.758423,yahoo
GOOG,2025-07-02,176.5449981689453,179.93499755859375,176.08999633789062,179.75999450683594,179.4823760986328,19325900,0.0,0.0,178.5949961344401,3451509035.7945757,yahoo
GOOG,2025-07-03,179.82000732421875,180.77000427246094,178.19000244140625,180.5500030517578,180.2711639404297,13287400,0.0,0.0,179.836669921875,2389561767.919922,yahoo
GOOG,2025-07-07,180.13499450683594,180.33999633789062,176.63999938964844,177.55999755859375,177.28578186035156,20991400,0.0,0.0,178.17999776204428,3740247605.0221763,yahoo
GOOG,2025-07-08,178.77999877929688,178.7899932861328,173.9199981689453,175.16000366210938,174.8894805908203,24108600,0.0,0.0,175.9566650390625,4242068854.760742,yahoo
GOOG,2025-07-09,176.11000061035156,180.27999877929688,173.8800048828125,177.66000366210938,177.3856201171875,31288000,0.0,0.0,177.2733357747396,5546528129.720053,yahoo
GOOG,2025-07-10,176.6699981689453,179.58999633789062,175.74000549316406,178.6999969482422,178.42401123046875,24693700,0.0,0.0,178.00999959309897,4395725526.952108,yahoo
GOOG,2025-07-11,177.91000366210938,182.61000061035156,177.54100036621094,181.30999755859375,181.02996826171875,23975700,0.0,0.0,180.48699951171875,4327302154.193115,yahoo
GOOG,2025-07-14,182.07000732421875,184.72999572753906,180.71099853515625,182.80999755859375,182.52764892578125,20990400,0.0,0.0,182.75033060709634,3836002539.5751953,yahoo
GOOG,2025-07-15,183.94000244140625,185.41000366210938,182.38999938964844,183.10000610351562,182.8172149658203,23911600,0.0,0.0,183.63333638509116,4390966886.305746,yahoo
GOOG,2025-07-16,184.32000732421875,185.3350067138672,183.0800018310547,183.77000427246094,183.48617553710938,21152600,0.0,0.0,184.0616709391276,3893382900.7069902,yahoo
GOOG,2025-07-17,183.11500549316406,185.18699645996094,181.5,184.6999969482422,184.4147491455078,21654400,0.0,0.0,183.79566446940103,3979984836.6861978,yahoo
GOOG,2025-07-18,186.6199951171875,187.36000061035156,184.72999572753906,185.94000244140625,185.65283203125,21033400,0.0,0.0,186.00999959309897,3912422725.441488,yahoo
GOOG,2025-07-21,187.10000610351562,191.25999450683594,187.0500030517578,191.14999389648438,190.85476684570312,24665000,0.0,0.0,189.81999715169272,4681910229.746501,yahoo
GOOG,2025-07-22,192.4199981689453,193.36000061035156,188.4949951171875,192.11000061035156,191.81329345703125,26212900,0.0,0.0,191.32166544596353,5015095684.168497,yahoo
GOOG,2025-07-23,192.36000061035156,193.36000061035156,190.17999267578125,191.50999450683594,191.21421813964844,34068100,0.0,0.0,191.6833292643229,6530286829.709879,yahoo
GOOG,2025-07-24,198.11000061035156,198.97000122070312,191.9499969482422,193.1999969482422,192.901611328125,45252100,0.0,0.0,194.7066650390625,8810885477.01416,yahoo
GOOG,2025-07-25,192.92999267578125,195.27499389648438,192.1300048828125,194.0800018310547,193.78025817871094,31101800,0.0,0.0,193.82833353678384,6028410063.994344,yahoo
GOOG,2025-07-28,194.41000366210938,194.82000732421875,191.85499572753906,193.4199981689453,193.1212615966797,25553500,0.0,0.0,193.36500040690103,4941152537.897745,yahoo
GOOG,2025-07-29,193.3000030517578,196.66000366210938,192.99000549316406,196.42999267578125,196.12661743164062,31891600,0.0,0.0,195.36000061035156,6230342995.465088,yahoo
GOOG,2025-07-30,196.3000030517578,198.47999572753906,195.55999755859375,197.44000244140625,197.13507080078125,21150500,0.0,0.0,197.15999857584634,4170032549.878438,yahoo
GOOG,2025-07-31,196.60000610351562,196.8300018310547,192.0800018310547,192.86000061035156,192.5621337890625,27852000,0.0,0.0,193.92333475748697,5401152719.665527,yahoo
GOOG,2025-08-01,189.77999877929688,191.6179962158203,188.6999969482422,189.9499969482422,189.65663146972656,21236700,0.0,0.0,190.0893300374349,4036870075.2059937,yahoo
GOOG,2025-08-04,191.1750030517578,196.0800018310547,190.9199981689453,195.75,195.4476776123047,23386000,0.0,0.0,194.25,4542730500.0,yahoo
GOOG,2025-08-05,195.5449981689453,198.6999969482422,194.6750030517578,195.32000732421875,195.01834106445312,19010200,0.0,0.0,196.2316691080729,3730403276.0782876,yahoo
GOOG,2025-08-06,195.25,197.3800048828125,194.4669952392578,196.9199981689453,196.61587524414062,15383700,0.0,0.0,196.25566609700522,3019138290.536499,yahoo
GOOG,2025-08-07,197.7100067138672,198.3699951171875,195.22000122070312,197.27999877929688,196.97531127929688,14660600,0.0,0.0,196.9566650390625,2887502883.4716797,yahoo
GOOG,2025-08-08,197.97999572753906,203.42999267578125,197.89999389648438,202.08999633789062,201.7778778076172,24379900,0.0,0.0,201.1399943033854,4903772947.1171055,yahoo
GOOG,2025-08-11,201.55499267578125,202.16000366210938,199.8000030517578,201.6300048828125,201.318603515625,16690200,0.0,0.0,201.19667053222656,3358012670.516968,yahoo
GOOG,2025-08-12,202.09500122070312,205.1300048828125,201.39999389648438,204.16000366210938,203.84469604492188,19854000,0.0,0.0,203.5633341471354,4041546436.1572266,yahoo
GOOG,2025-08-13,204.97999572753906,205.42999267578125,198.63999938964844,203.02999877929688,202.7164306640625,19573000,0.0,0.0,202.36666361490884,3960922706.934611,yahoo
GOOG,2025-08-14,202.55999755859375,205.4199981689453,202.3249969482422,203.82000732421875,203.50521850585938,17777100,0.0,0.0,203.8550008138021,3623950734.967041,yahoo
GOOG,2025-08-15,204.72000122070312,207.3300018310547,202.0850067138672,204.91000366210938,204.59353637695312,21111400,0.0,0.0,204.7750040690104,4323087020.902506,yahoo
GOOG,2025-08-18,205.07000732421875,206.13999938964844,203.41000366210938,204.2899932861328,203.97447204589844,13000200,0.0,0.0,204.61333211263022,2660014240.130615,yahoo
GOOG,2025-08-19,203.90499877929688,204.2899932861328,200.92999267578125,202.49000549316406,202.17727661132812,13476600,0.0,0.0,202.56999715169272,2729954823.614502,yahoo
GOOG,2025-08-20,201.67999267578125,202.1699981689453,197.4600067138672,200.19000244140625,199.8808135986328,13971700,0.0,0.0,199.94000244140625,2793501732.1105957,yahoo
GOOG,2025-08-21,200.72000122070312,203.36000061035156,200.39999389648438,200.6199951171875,200.31015014648438,11768900,0.0,0.0,201.45999654134116,2370962553.29539,yahoo
GOOG,2025-08-22,203.9600067138672,209.22999572753906,202.1300048828125,206.72000122070312,206.40074157714844,25723700,0.0,0.0,206.02666727701822,5299768181.0338335,yahoo
GOOG,2025-08-25,207.0,211.08999633789062,205.9499969482422,209.16000366210938,208.8369598388672,22788800,0.0,0.0,208.73333231608072,4756782163.4847,yahoo
GOOG,2025-08-26,208.3699951171875,208.4600067138672,206.4499969482422,207.9499969482422,207.6288299560547,23051000,0.0,0.0,207.62000020345053,4785848624.689738,yahoo
GOOG,2025-08-27,206.4600067138672,209.57000732421875,206.38999938964844,208.2100067138672,207.88844299316406,15249000,0.0,0.0,208.05667114257812,3172656178.253174,yahoo
GOOG,2025-08-28,207.83999633789062,212.89999389648438,207.60000610351562,212.3699951171875,212.0419921875,20915700,0.0,0.0,210.9566650390625,4412306318.95752,yahoo
GOOG,2025-08-29,211.27000427246094,215.33999633789062,210.97000122070312,213.52999877929688,213.20021057128906,24682200,0.0,0.0,213.27999877929688,5264219585.870361,yahoo
GOOG,2025-09-02,208.99000549316406,212.36900329589844,206.9600067138672,211.99000549316406,211.66261291503906,28900100,0.0,0.0,210.4396718343099,6081727559.97874,yahoo
GOOG,2025-09-03,226.47999572753906,231.8000030517578,225.1199951171875,231.10000610351562,230.7430877685547,72250300,0.0,0.0,229.34000142415366,16569883904.895529,yahoo
GOOG,2025-09-04,230.15499877929688,232.77000427246094,226.75999450683594,232.66000366210938,232.30067443847656,32196000,0.0,0.0,230.7300008138021,7428583106.201172,yahoo
GOOG,2025-09-05,232.66000366210938,236.1300048828125,232.3800048828125,235.1699981689453,234.80679321289062,26127700,0.0,0.0,234.56000264485678,6128513381.104025,yahoo
GOOG,2025-09-08,235.7899932861328,238.39999389648438,233.72999572753906,234.16000366210938,234.00732421875,23128800,0.21,0.0,235.42999776204428,5445213332.23877,yahoo
GOOG,2025-09-09,234.19000244140625,240.58999633789062,233.3800048828125,239.94000244140625,239.78355407714844,22854800,0.0,0.0,237.97000122070312,5438756783.898926,yahoo
GOOG,2025-09-10,239.25,242.0800018310547,238.11000061035156,239.55999755859375,239.40379333496094,19990100,0.0,0.0,239.91666666666666,4795958158.333333,yahoo
GOOG,2025-09-11,240.13999938964844,242.57000732421875,236.5800018310547,240.77999877929688,240.6230010986328,21308600,0.0,0.0,239.97666931152344,5113566855.691528,yahoo
GOOG,2025-09-12,240.8000030517578,242.42300415039062,238.5,241.3800048828125,241.22262573242188,14536600,0.0,0.0,240.76766967773438,3499943307.0373535,yahoo
GOOG,2025-09-15,245.13999938964844,252.75,244.97999572753906,251.75999450683594,251.59584045410156,29935200,0.0,0.0,249.82999674479166,7478710918.5546875,yahoo
GOOG,2025-09-16,252.3300018310547,253.22999572753906,249.71499633789062,251.4199981689453,251.25607299804688,24493500,0.0,0.0,251.45499674479166,6159012962.768555,yahoo
GOOG,2025-09-17,251.4600067138672,251.9499969482422,246.5800018310547,249.85000610351562,249.68710327148438,20491300,0.0,0.0,249.46000162760416,5111759731.351725,yahoo
GOOG,2025-09-18,251.86000061035156,254.13999938964844,250.11000061035156,252.3300018310547,252.1654815673828,21166400,0.0,0.0,252.1933339436849,5338024983.585612,yahoo
GOOG,2025-09-19,253.39999389648438,256.70001220703125,252.0679931640625,255.24000549316406,255.07357788085938,41616800,0.0,0.0,254.6693369547526,10598522862.178547,yahoo
GOOG,2025-09-22,254.77999877929688,256.30999755859375,250.80999755859375,252.8800048828125,252.71511840820312,20079000,0.0,0.0,253.33333333333334,5086680000.0,yahoo
GOOG,2025-09-23,253.65499877929688,254.77000427246094,251.08999633789062,252.33999633789062,252.1754608154297,17521100,0.0,0.0,252.73333231608072,4428165988.843282,yahoo
GOOG,2025-09-24,252.14999389648438,252.9600067138672,247.22000122070312,247.8300018310547,247.6684112548828,16958500,0.0,0.0,249.336669921875,4228375916.870117,yahoo
GOOG,2025-09-25,244.83999633789062,247.31500244140625,241.64999389648438,246.57000732421875,246.40924072265625,17379800,0.0,0.0,245.17833455403647,4261150418.882243,yahoo
GOOG,2025-09-26,247.78500366210938,250.1199951171875,246.63999938964844,247.17999267578125,247.01882934570312,16594600,0.0,0.0,247.97999572753906,4115128837.1002197,yahoo
GOOG,2025-09-29,248.27499389648438,251.6479949951172,243.1999969482422,244.36000061035156,244.20066833496094,23157200,0.0,0.0,246.4026641845703,5705995775.054932,yahoo
GOOG,2025-09-30,243.05999755859375,243.6750030517578,239.5709991455078,243.5500030517578,243.39120483398438,22541200,0.0,0.0,242.2653350830078,5460951371.173096,yahoo
GOOG,2025-10-01,241.17999267578125,247.14999389648438,239.1999969482422,245.5399932861328,245.37989807128906,23967700,0.0,0.0,243.96332804361978,5847239857.551065,yahoo
GOOG,2025-10-02,245.63999938964844,247.63499450683594,243.10499572753906,246.42999267578125,246.26931762695312,20657500,0.0,0.0,245.72332763671875,5076029640.655518,yahoo
GOOG,2025-10-03,245.22999572753906,247.1179962158203,242.47000122070312,246.4499969482422,246.289306640625,19941400,0.0,0.0,245.34599812825522,4892542687.074789,yahoo
GOOG,2025-10-06,245.77999877929688,252.1999969482422,245.69000244140625,251.50999450683594,251.34600830078125,18309000,0.0,0.0,249.79999796549478,4573588162.750244,yahoo
GOOG,2025-10-07,248.92999267578125,251.5500030517578,246.80999755859375,247.1300048828125,246.9688720703125,13811200,0.0,0.0,248.49666849772134,3432037187.955729,yahoo
GOOG,2025-10-08,246.1999969482422,247.25999450683594,245.08999633789062,245.4600067138672,245.29995727539062,14136500,0.0,0.0,245.9366658528646,3476683676.8290205,yahoo
GOOG,2025-10-09,245.05999755859375,245.55499267578125,239.67999267578125,242.2100067138672,242.0520782470703,19375700,0.0,0.0,242.4816640218099,4698251977.587382,yahoo
GOOG,2025-10-10,242.16000366210938,244.83999633789062,236.68499755859375,237.49000549316406,237.3351593017578,22449100,0.0,0.0,239.67166646321616,5380413207.599386,yahoo
GOOG,2025-10-13,241.02999877929688,244.99000549316406,240.75,244.63999938964844,244.48048400878906,12465000,0.0,0.0,243.46000162760416,3034728920.288086,yahoo
GOOG,2025-10-14,241.7550048828125,248.02499389648438,241.17799377441406,246.19000244140625,246.02947998046875,17705400,0.0,0.0,245.13099670410156,4340142349.0448,yahoo
GOOG,2025-10-15,248.0850067138672,252.75999450683594,246.7899932861328,251.7100067138672,251.54588317871094,16048100,0.0,0.0,250.4199981689453,4018765172.6150513,yahoo
GOOG,2025-10-16,252.46499633789062,257.5799865722656,250.6699981689453,251.8800048828125,251.7157745361328,18946000,0.0,0.0,253.3766632080078,4800474261.138916,yahoo
GOOG,2025-10-17,251.35000610351562,254.8800048828125,248.58999633789062,253.7899932861328,253.62451171875,17653800,0.0,0.0,252.4199981689453,4456172163.674927,yahoo
GOOG,2025-10-20,255.22999572753906,257.8800048828125,254.60000610351562,257.0199890136719,256.8524169921875,13726800,0.0,0.0,256.5,3520924200.0,yahoo
GOOG,2025-10-21,255.25,255.3800048828125,244.6699981689453,251.33999633789062,251.17611694335938,27836400,0.0,0.0,250.4633331298828,6971997526.33667,yahoo
GOOG,2025-10-22,255.00999450683594,257.17999267578125,250.4510040283203,252.52999877929688,252.36534118652344,19650200,0.0,0.0,253.38699849446616,4979105197.815959,yahoo
GOOG,2025-10-23,253.6999969482422,255.86000061035156,252.76800537109375,253.72999572753906,253.56455993652344,13241300,0.0,0.0,254.11933390299478,3364870336.0097246,yahoo
GOOG,2025-10-24,257.29998779296875,262.510009765625,256.1000061035156,260.510009765625,260.34014892578125,18406000,0.0,0.0,259.70667521158856,4780161063.944499,yahoo
GOOG,2025-10-27,265.3599853515625,270.79998779296875,264.94000244140625,269.92999267578125,269.7539978027344,22987700,0.0,0.0,268.55666097005206,6173499955.381266,yahoo
GOOG,2025-10-28,270.20001220703125,271.3800048828125,267.1700134277344,268.42999267578125,268.2549743652344,20101200,0.0,0.0,268.9933369954427,5407088865.612793,yahoo
GOOG,2025-10-29,268.6099853515625,275.9700012207031,268.42999267578125,275.1700134277344,274.9906005859375,26287900,0.0,0.0,273.19000244140625,7181591465.179443,yahoo
GOOG,2025-10-30,291.7200012207031,291.92999267578125,280.45001220703125,281.8999938964844,281.7161865234375,48570000,0.0,0.0,284.75999959309894,13830793180.236816,yahoo
GOOG,2025-10-31,283.2049865722656,286.2850036621094,277.52301025390625,281.82000732421875,281.6362609863281,29932800,0.0,0.0,281.8760070800781,8437338144.7265625,yahoo
GOOG,2025-11-03,282.4200134277344,285.94000244140625,280.3699951171875,284.1199951171875,283.93475341796875,19691800,0.0,0.0,283.47666422526044,5582165776.590983,yahoo
GOOG,2025-11-04,277.06500244140625,281.8340148925781,276.864990234375,278.05999755859375,277.8786926269531,18123700,0.0,0.0,278.91966756184894,5055056378.990682,yahoo
GOOG,2025-11-05,279.3800048828125,286.70001220703125,277.8800048828125,284.75,284.5643310546875,20063200,0.0,0.0,283.11000569661456,5680092666.292317,yahoo
GOOG,2025-11-06,285.7349853515625,288.80999755859375,281.6199951171875,285.3399963378906,285.1539611816406,23103800,0.0,0.0,285.2566630045573,6590512890.724691,yahoo
GOOG,2025-11-07,284.2099914550781,284.5,275.739990234375,279.70001220703125,279.51763916015625,21991100,0.0,0.0,279.98000081380206,6157068195.896402,yahoo
GOOG,2025-11-10,285.2650146484375,291.4599914550781,283.5400085449219,290.5899963378906,290.4005126953125,19508200,0.0,0.0,288.5299987792969,5628700922.186279,yahoo
GOOG,2025-11-11,288.20001220703125,292.3399963378906,287.8800048828125,291.739990234375,291.5497741699219,14156700,0.0,0.0,290.65333048502606,4114692003.6773686,yahoo
GOOG,2025-11-12,292.0849914550781,292.3599853515625,284.3800048828125,287.42999267578125,287.2425842285156,16998800,0.0,0.0,288.05666097005206,4896617568.497721,yahoo
GOOG,2025-11-13,282.9849853515625,283.510009765625,278.0,279.1199951171875,278.9380187988281,18060200,0.0,0.0,280.2100016276042,5060648671.394857,yahoo
GOOG,2025-11-14,271.8949890136719,279.1499938964844,271.4100036621094,276.9800109863281,276.7994079589844,18330500,0.0,0.0,275.84666951497394,5056407375.5442295,yahoo
GOOG,2025-11-17,286.3999938964844,294.5199890136719,284.2300109863281,285.6000061035156,285.4137878417969,34286100,0.0,0.0,288.1166687011719,9878396914.755249,yahoo
GOOG,2025-11-18,288.4849853515625,289.43499755859375,279.010009765625,284.9599914550781,284.7742004394531,29702200,0.0,0.0,284.4683329264323,8449335318.247478,yahoo
GOOG,2025-11-19,287.68499755859375,304.25,287.6700134277344,292.989990234375,292.7989501953125,43123600,0.0,0.0,294.9700012207031,12720168344.641113,yahoo
GOOG,2025-11-20,304.739990234375,306.8900146484375,289.1700134277344,289.9800109863281,289.79095458984375,34801400,0.0,0.0,295.3466796875,10278477938.476562,yahoo
GOOG,2025-11-21,296.8699951171875,303.9599914550781,294.3599853515625,299.6499938964844,299.4546203613281,43670600,0.0,0.0,299.3233235677083,13071629134.195963,yahoo
GOOG,2025-11-24,311.010009765625,319.79998779296875,309.3999938964844,318.4700012207031,318.2623596191406,55311800,0.0,0.0,315.88999430338544,17472444186.909996,yahoo
GOOG,2025-11-25,326.79998779296875,328.6700134277344,317.8160095214844,323.6400146484375,323.4289855957031,50899300,0.0,0.0,323.37534586588544,16459578741.831463,yahoo
GOOG,2025-11-26,320.7799987792969,324.989990234375,317.20001220703125,320.2799987792969,320.0711669921875,29839600,0.0,0.0,320.8233337402344,9573239949.475098,yahoo
GOOG,2025-11-28,323.42999267578125,326.8800048828125,316.94000244140625,320.1199951171875,319.9112854003906,19695800,0.0,0.0,321.31333414713544,6328523166.69515,yahoo
GOOG,2025-12-01,317.4750061035156,319.6300048828125,313.9800109863281,315.1199951171875,314.9145202636719,28520600,0.0,0.0,316.2433369954427,9019449717.112223,yahoo
GOOG,2025-12-02,316.8999938964844,318.6000061035156,314.2200012207031,316.0199890136719,315.8139343261719,24668200,0.0,0.0,316.2799987792969,7802058265.887451,yahoo
GOOG,2025-12-03,316.0299987792969,322.0400085449219,314.2799987792969,320.6199951171875,320.41094970703125,32285100,0.0,0.0,318.98000081380206,10298301224.273682,yahoo
GOOG,2025-12-04,323.0450134277344,323.0989990234375,315.5899963378906,318.3900146484375,318.18243408203125,20831600,0.0,0.0,319.0263366699219,6645829034.973145,yahoo
GOOG,2025-12-05,320.0,323.8299865722656,319.9800109863281,322.0899963378906,321.8799743652344,15719900,0.0,0.0,321.96666463216144,5061283771.351114,yahoo
GOOG,2025-12-08,321.0299987792969,321.2300109863281,311.9100036621094,314.45001220703125,314.45001220703125,22006900,0.21,0.0,315.86334228515625,6951172987.335205,yahoo
GOOG,2025-12-09,313.1000061035156,318.7090148925781,312.6199951171875,317.75,317.75,14151300,0.0,0.0,316.3596700032552,4476900598.117065,yahoo
GOOG,2025-12-10,316.6199951171875,321.8699951171875,315.3999938964844,321.0,321.0,22764500,0.0,0.0,319.42332967122394,7271512388.300577,yahoo
GOOG,2025-12-11,321.1000061035156,321.989990234375,309.8800048828125,313.70001220703125,313.70001220703125,25912100,0.0,0.0,315.19000244140625,8167234862.261963,yahoo
GOOG,2025-12-12,314.7950134277344,316.1400146484375,306.9599914550781,310.5199890136719,310.5199890136719,21264800,0.0,0.0,311.2066650390625,6617747490.722656,yahoo
GOOG,2025-12-15,312.625,312.70001220703125,305.739990234375,309.32000732421875,309.32000732421875,22028900,0.0,0.0,309.2533365885417,6812510826.375326,yahoo
GOOG,2025-12-16,306.0,311.8450012207031,303.8299865722656,307.7300109863281,307.7300109863281,21285200,0.0,0.0,307.8016662597656,6551620026.672363,yahoo
GOOG,2025-12-17,309.010009765625,309.19500732421875,297.45001220703125,298.05999755859375,298.05999755859375,29120400,0.0,0.0,301.56833902994794,8781790659.887695,yahoo
GOOG,2025-12-18,303.05999755859375,305.260009765625,300.6300048828125,303.75,303.75,21040500,0.0,0.0,303.2133382161458,6379760242.736816,yahoo
GOOG,2025-12-19,303.2699890136719,308.989990234375,302.3399963378906,308.6099853515625,308.6099853515625,45234400,0.0,0.0,306.6466573079427,13870977555.330402,yahoo
GOOG,2025-12-22,311.2250061035156,311.70001220703125,306.5899963378906,311.3299865722656,311.3299865722656,14091400,0.0,0.0,309.8733317057292,4366549066.398112,yahoo
GOOG,2025-12-23,311.135009765625,316.29998779296875,310.75,315.67999267578125,315.67999267578125,13961400,0.0,0.0,314.2433268229167,4387276783.105469,yahoo
GOOG,2025-12-24,316.1499938964844,316.2900085449219,313.32000732421875,315.6700134277344,315.6700134277344,6138200,0.0,0.0,315.0933430989583,1934105958.610026,yahoo
GOOG,2025-12-26,315.9200134277344,316.55999755859375,313.7200012207031,314.9599914550781,314.9599914550781,6730900,0.0,0.0,315.0799967447917,2120771950.0895183,yahoo
GOOG,2025-12-29,312.82000732421875,314.9700012207031,311.8999938964844,314.3900146484375,314.3900146484375,12317700,0.0,0.0,313.7533365885417,3864719474.0966797,yahoo
GOOG,2025-12-30,313.4100036621094,317.70001220703125,313.25,314.54998779296875,314.54998779296875,11052500,0.0,0.0,315.1666666666667,3483379583.3333335,yahoo
GOOG,2025-12-31,313.3699951171875,315.3900146484375,312.20001220703125,313.79998779296875,313.79998779296875,10821500,0.0,0.0,313.7966715494792,3395750681.172689,yahoo
GOOG,2026-01-02,317.5899963378906,322.91400146484375,310.6499938964844,315.32000732421875,315.32000732421875,22043700,0.0,0.0,316.29466756184894,6972304763.33313,yahoo
GOOG,2026-01-05,317.69500732421875,319.25,315.2489929199219,317.32000732421875,317.32000732421875,19934000,0.0,0.0,317.2730000813802,6324519983.622232,yahoo
GOOG,2026-01-06,317.30999755859375,321.55999755859375,312.3399963378906,314.54998779296875,314.54998779296875,18989900,0.0,0.0,316.1499938964844,6003656769.094849,yahoo
GOOG,2026-01-07,314.57000732421875,326.4649963378906,314.5,322.42999267578125,322.42999267578125,24681800,0.0,0.0,321.1316630045573,7926107479.945883,yahoo
GOOG,2026-01-08,329.2650146484375,330.5400085449219,321.989990234375,326.010009765625,326.010009765625,21789600,0.0,0.0,326.1800028483073,7107331790.063477,yahoo
GOOG,2026-01-09,327.489990234375,331.4800109863281,326.25,329.1400146484375,329.1400146484375,17917700,0.0,0.0,328.95667521158856,5894147019.438681,yahoo
GOOG,2026-01-12,326.5,334.44000244140625,325.510009765625,332.7300109863281,332.7300109863281,23893800,0.0,0.0,330.8933410644531,7906299312.72583,yahoo
GOOG,2026-01-13,335.2799987792969,341.20001220703125,334.3500061035156,336.42999267578125,336.42999267578125,24616700,0.0,0.0,337.32667032877606,8303869445.482382,yahoo
GOOG,2026-01-14,334.9849853515625,337.0299987792969,331.1400146484375,336.30999755859375,336.30999755859375,17839300,0.0,0.0,334.82667032877606,5973073419.996135,yahoo
GOOG,2026-01-15,338.05499267578125,338.1300048828125,331.2900085449219,333.1600036621094,333.1600036621094,16424900,0.0,0.0,334.19333902994794,5489092174.232992,yahoo
GOOG,2026-01-16,334.93499755859375,335.239990234375,328.1700134277344,330.3399963378906,330.3399963378906,21868600,0.0,0.0,331.25,7243973750.0,yahoo
GOOG,2026-01-20,321.239990234375,328.0899963378906,320.8900146484375,322.1600036621094,322.1600036621094,27169900,0.0,0.0,323.7133382161458,8795259027.99886,yahoo
GOOG,2026-01-21,321.0950012207031,332.7250061035156,319.5400085449219,328.3800048828125,328.3800048828125,22791700,0.0,0.0,326.8816731770833,7450189030.55013,yahoo
GOOG,2026-01-22,334.2650146484375,335.2099914550781,328.8800048828125,330.8399963378906,330.8399963378906,19902100,0.0,0.0,331.64333089192706,6600398735.744222,yahoo
GOOG,2026-01-23,332.6549987792969,334.0299987792969,327.9700012207031,328.42999267578125,328.42999267578125,19110600,0.0,0.0,330.14333089192706,6309237139.343262,yahoo
GOOG,2026-01-26,328.20001220703125,336.3500061035156,327.489990234375,333.5899963378906,333.5899963378906,18502500,0.0,0.0,332.47666422526044,6151649479.827881,yahoo
GOOG,2026-01-27,335.6300048828125,338.2149963378906,333.75,335.0,335.0,16080900,0.0,0.0,335.6549987792969,5397634469.869995,yahoo
GOOG,2026-01-28,336.6099853515625,337.6300048828125,332.1300048828125,336.2799987792969,336.2799987792969,17538500,0.0,0.0,335.34666951497394,5881477563.28837,yahoo
GOOG,2026-01-29,340.3500061035156,342.2900085449219,326.7200012207031,338.6600036621094,338.6600036621094,24548300,0.0,0.0,335.89000447591144,8245528596.876017,yahoo
GOOG,2026-01-30,334.4599914550781,340.2900085449219,332.6400146484375,338.5299987792969,338.5299987792969,21740200,0.0,0.0,337.15334065755206,7329781056.5633135,yahoo
GOOG,2026-02-02,336.54998779296875,345.1650085449219,336.010009765625,344.8999938964844,344.8999938964844,22775200,0.0,0.0,342.02500406901044,7789687872.672526,yahoo
GOOG,2026-02-03,348.5150146484375,350.1499938964844,338.5899963378906,340.70001220703125,340.70001220703125,25786500,0.0,0.0,343.14666748046875,8848551540.985107,yahoo
GOOG,2026-02-04,343.7550048828125,344.25,329.3699951171875,333.3399963378906,333.3399963378906,36991100,0.0,0.0,335.65333048502606,12416185913.304647,yahoo
GOOG,2026-02-05,313.20001220703125,332.6440124511719,306.9200134277344,331.3299865722656,331.3299865722656,51842000,0.0,0.0,323.63133748372394,16777695797.831217,yahoo
GOOG,2026-02-06,327.3500061035156,330.6400146484375,320.1499938964844,323.1000061035156,323.1000061035156,33877000,0.0,0.0,324.6300048828125,10997490675.41504,yahoo
GOOG,2026-02-09,321.239990234375,327.739990234375,317.70001220703125,324.3999938964844,324.3999938964844,26103300,0.0,0.0,323.2799987792969,8438674792.13562,yahoo
GOOG,2026-02-10,320.9100036621094,321.6300048828125,314.6600036621094,318.6300048828125,318.6300048828125,25281900,0.0,0.0,318.3066711425781,8047397429.159546,yahoo
GOOG,2026-02-11,318.9599914550781,321.0450134277344,310.1300048828125,311.3299865722656,311.3299865722656,24008100,0.0,0.0,314.1683349609375,7542584802.575684,yahoo
GOOG,2026-02-12,312.3500061035156,316.4800109863281,308.1499938964844,309.3699951171875,309.3699951171875,28194000,0.0,0.0,311.3333333333333,8777732000.0,yahoo
GOOG,2026-02-13,307.9849853515625,308.8900146484375,303.8999938964844,306.0199890136719,306.0199890136719,20215700,0.0,0.0,306.26999918619794,6191462422.548422,yahoo
