symbol,date,open,high,low,close,adjusted_close,volume,dividends,stock_splits,typical_price,traded_value,source
GOOGL,2023-02-17,94.8499984741211,95.55999755859375,93.20999908447266,94.3499984741211,93.6424560546875,34284100,0.0,0.0,94.37333170572917,3235504741.5323896,yahoo
GOOGL,2023-02-21,93.0,93.0999984741211,91.72000122070312,91.79000091552734,91.1016616821289,33629300,0.0,0.0,92.20333353678386,3100733564.5085654,yahoo
GOOGL,2023-02-22,91.69999694824219,92.11000061035156,90.61000061035156,91.6500015258789,90.96271514892578,30884000,0.0,0.0,91.45666758219402,2824547721.60848,yahoo
GOOGL,2023-02-23,91.91999816894531,91.94000244140625,89.76000213623047,90.88999938964844,90.20841217041016,41206400,0.0,0.0,90.86333465576172,3744150913.1591797,yahoo
GOOGL,2023-02-24,89.44000244140625,89.88999938964844,88.58000183105469,89.12999725341797,88.46160125732422,36585100,0.0,0.0,89.1999994913737,3263390901.391856,yahoo
GOOGL,2023-02-27,89.87000274658203,90.16000366210938,89.33999633789062,89.87000274658203,89.19606018066406,27502300,0.0,0.0,89.79000091552734,2469431542.1791077,yahoo
GOOGL,2023-02-28,89.33000183105469,91.2300033569336,89.31999969482422,90.05999755859375,89.3846435546875,30142000,0.0,0.0,90.20333353678386,2718908879.4657393,yahoo
GOOGL,2023-03-01,89.9800033569336,91.02999877929688,89.66999816894531,90.36000061035156,89.68238830566406,31111200,0.0,0.0,90.35333251953125,2811000598.6816406,yahoo
GOOGL,2023-03-02,89.66000366210938,92.27999877929688,89.58999633789062,92.0,91.31008911132812,32204400,0.0,0.0,91.28999837239583,2939939623.5839844,yahoo
GOOGL,2023-03-03,92.4800033569336,93.7300033569336,92.44999694824219,93.6500015258789,92.94770812988281,35160100,0.0,0.0,93.27666727701823,3279616949.126689,yahoo
GOOGL,2023-03-06,94.0199966430664,95.97000122070312,94.0,95.12999725341797,94.41661071777344,32639300,0.0,0.0,95.03333282470703,3101821460.06546,yahoo
GOOGL,2023-03-07,94.9800033569336,95.66999816894531,93.52999877929688,93.86000061035156,93.15613555908203,27835500,0.0,0.0,94.35333251953125,2626372187.347412,yahoo
GOOGL,2023-03-08,94.12000274658203,95.95999908447266,94.0,94.25,93.54320526123047,34103300,0.0,0.0,94.73666636149089,3230832953.9258323,yahoo
GOOGL,2023-03-09,94.05000305175781,95.52999877929688,91.9000015258789,92.31999969482422,91.62767791748047,28813500,0.0,0.0,93.25,2686858875.0,yahoo
GOOGL,2023-03-10,92.16999816894531,92.79000091552734,90.4000015258789,90.62999725341797,89.95035552978516,35941000,0.0,0.0,91.27333323160808,3280454869.677226,yahoo
GOOGL,2023-03-13,90.08999633789062,92.56999969482422,89.41999816894531,91.11000061035156,90.42676544189453,37335600,0.0,0.0,91.03333282470703,3398784101.010132,yahoo
GOOGL,2023-03-14,92.55999755859375,94.36000061035156,92.44000244140625,93.97000122070312,93.26531219482422,36050200,0.0,0.0,93.59000142415364,3373938269.3410234,yahoo
GOOGL,2023-03-15,93.22000122070312,96.93000030517578,92.63999938964844,96.11000061035156,95.38927459716797,50622100,0.0,0.0,95.22666676839192,4820573847.816213,yahoo
GOOGL,2023-03-16,96.19999694824219,101.19000244140625,95.5,100.31999969482422,99.56768798828125,65492000,0.0,0.0,99.00333404541016,6483926353.302002,yahoo
GOOGL,2023-03-17,100.26000213623047,102.83999633789062,100.0999984741211,101.62000274658203,100.85794830322266,61028500,0.0,0.0,101.51999918619792,6195613270.33488,yahoo
GOOGL,2023-03-20,100.12000274658203,101.75,99.87000274658203,101.22000122070312,100.46095275878906,32960400,0.0,0.0,100.94666798909505,3327242555.5877686,yahoo
GOOGL,2023-03-21,101.25,105.0999984741211,101.22000122070312,104.91999816894531,104.1332015991211,42110300,0.0,0.0,103.74666595458984,4368803227.347565,yahoo
GOOGL,2023-03-22,104.2699966430664,106.58999633789062,103.33000183105469,103.37000274658203,102.59481811523438,43427400,0.0,0.0,104.43000030517578,4535123395.252991,yahoo
GOOGL,2023-03-23,105.05999755859375,106.30000305175781,104.45999908447266,105.5999984741211,104.80809783935547,40797800,0.0,0.0,105.45333353678386,4302264010.967001,yahoo
GOOGL,2023-03-24,104.98999786376953,105.48999786376953,103.83999633789062,105.44000244140625,104.64930725097656,30393300,0.0,0.0,104.92333221435547,3188966312.99057,yahoo
GOOGL,2023-03-27,104.62000274658203,104.76000213623047,101.93000030517578,102.45999908447266,101.69163513183594,31120900,0.0,0.0,103.0500005086263,3207008760.828908,yahoo
GOOGL,2023-03-28,102.44000244140625,102.44999694824219,99.73999786376953,101.02999877929688,100.27237701416016,32057900,0.0,0.0,101.07333119710286,3240198744.183604,yahoo
GOOGL,2023-03-29,102.27999877929688,102.48999786376953,100.6500015258789,101.38999938964844,100.62966918945312,28779600,0.0,0.0,101.50999959309895,2921417184.289551,yahoo
GOOGL,2023-03-30,100.91000366210938,101.16000366210938,99.77999877929688,100.88999938964844,100.1334228515625,33086200,0.0,0.0,100.61000061035156,3328802602.194214,yahoo
GOOGL,2023-03-31,101.30000305175781,103.88999938964844,101.04000091552734,103.7300033569336,102.95211791992188,36863400,0.0,0.0,102.8866678873698,3792752392.9992676,yahoo
GOOGL,2023-04-03,102.38999938964844,104.52999877929688,101.93000030517578,104.36000061035156,103.57740020751953,25035400,0.0,0.0,103.6066665649414,2593834340.119934,yahoo
GOOGL,2023-04-04,104.33000183105469,105.58000183105469,104.04000091552734,104.72000122070312,103.93470001220703,24420100,0.0,0.0,104.78000132242839,2558738110.2938337,yahoo
GOOGL,2023-04-05,105.77999877929688,106.0999984741211,103.66000366210938,104.47000122070312,103.68656921386719,28290500,0.0,0.0,104.7433344523112,2963241303.32311,yahoo
GOOGL,2023-04-06,105.26000213623047,109.16999816894531,104.33000183105469,108.41999816894531,107.60694885253906,48711500,0.0,0.0,107.30666605631511,5227068663.602194,yahoo
GOOGL,2023-04-10,106.9800033569336,107.58999633789062,105.12000274658203,106.44000244140625,105.64180755615234,27067400,0.0,0.0,106.38333384195964,2879520250.4338584,yahoo
GOOGL,2023-04-11,106.55000305175781,106.7300033569336,104.68000030517578,105.3499984741211,104.55997467041016,26311800,0.0,0.0,105.58666737874348,2778175274.736023,yahoo
GOOGL,2023-04-12,106.58000183105469,106.75,104.33999633789062,104.63999938964844,103.85530090332031,24370300,0.0,0.0,105.24333190917969,2564811571.6262817,yahoo
GOOGL,2023-04-13,105.83999633789062,107.48999786376953,105.83999633789062,107.43000030517578,106.6243667602539,24843600,0.0,0.0,106.91999816894531,2656277666.51001,yahoo
GOOGL,2023-04-14,106.88999938964844,108.94000244140625,106.83999633789062,108.87000274658203,108.05358123779297,26578000,0.0,0.0,108.21666717529297,2876182580.1849365,yahoo
GOOGL,2023-04-17,104.66000366210938,106.16000366210938,104.5199966430664,105.97000122070312,105.17532348632812,37571200,0.0,0.0,105.5500005086263,3965640179.1097,yahoo
GOOGL,2023-04-18,106.48999786376953,106.54000091552734,104.06999969482422,104.5,103.71635437011719,26596400,0.0,0.0,105.03666687011719,2793597206.744385,yahoo
GOOGL,2023-04-19,103.58000183105469,104.9800033569336,103.06999969482422,104.18000030517578,103.39874267578125,20905700,0.0,0.0,104.07666778564453,2175795593.726349,yahoo
GOOGL,2023-04-20,103.91000366210938,106.25,103.87000274658203,105.29000091552734,104.50043487548828,27820800,0.0,0.0,105.1366678873698,2924986209.9609375,yahoo
GOOGL,2023-04-21,105.47000122070312,106.0,104.77999877929688,105.41000366210938,104.61953735351562,25800100,0.0,0.0,105.39666748046875,2719244560.662842,yahoo
GOOGL,2023-04-24,105.48999786376953,106.62999725341797,104.69999694824219,105.97000122070312,105.17532348632812,23542800,0.0,0.0,105.76666514078777,2490043444.076538,yahoo
GOOGL,2023-04-25,105.83000183105469,106.69000244140625,103.83999633789062,103.8499984741211,103.07121276855469,46664100,0.0,0.0,104.79333241780598,4890086543.2777405,yahoo
GOOGL,2023-04-26,104.91999816894531,106.3499984741211,102.62999725341797,103.70999908447266,102.93226623535156,53347600,0.0,0.0,104.22999827067058,5560420255.744426,yahoo
GOOGL,2023-04-27,104.44999694824219,108.37000274658203,103.54000091552734,107.58999633789062,106.78316497802734,50089200,0.0,0.0,106.5,5334499800.0,yahoo
GOOGL,2023-04-28,107.04000091552734,107.3499984741211,105.08999633789062,107.33999633789062,106.5350570678711,36139800,0.0,0.0,106.59333038330078,3852261641.3864136,yahoo
GOOGL,2023-05-01,106.83999633789062,107.98999786376953,106.81999969482422,107.19999694824219,106.39610290527344,26681700,0.0,0.0,107.33666483561198,2863924690.144348,yahoo
GOOGL,2023-05-02,107.13999938964844,107.19999694824219,103.70999908447266,105.31999969482422,104.53019714355469,30997200,0.0,0.0,105.40999857584636,3267414807.8552246,yahoo
GOOGL,2023-05-03,105.52999877929688,107.48999786376953,104.95999908447266,105.41000366210938,104.61953735351562,21795400,0.0,0.0,105.95333353678386,2309295285.767619,yahoo
GOOGL,2023-05-04,105.48999786376953,105.5999984741211,103.97000122070312,104.69000244140625,103.9049301147461,23419500,0.0,0.0,104.75333404541016,2453270706.676483,yahoo
GOOGL,2023-05-05,104.81999969482422,105.87999725341797,104.11000061035156,105.56999969482422,104.77832794189453,26639300,0.0,0.0,105.18666585286458,2802099147.6542153,yahoo
GOOGL,2023-05-08,105.18000030517578,107.95999908447266,105.16000366210938,107.7699966430664,106.96183013916016,26511400,0.0,0.0,106.96333312988281,2835747709.939575,yahoo
GOOGL,2023-05-09,108.38999938964844,110.1500015258789,107.19000244140625,107.3499984741211,106.54496765136719,36360100,0.0,0.0,108.23000081380208,3935253652.589925,yahoo
GOOGL,2023-05-10,107.97000122070312,112.94000244140625,107.93000030517578,111.75,110.9119873046875,63153400,0.0,0.0,110.87333424886067,7002028027.151998,yahoo
GOOGL,2023-05-11,115.4000015258789,117.91999816894531,114.41000366210938,116.56999969482422,115.69583892822266,78900000,0.0,0.0,116.3000005086263,9176070040.130615,yahoo
GOOGL,2023-05-12,116.68000030517578,118.02999877929688,116.11000061035156,117.51000213623047,116.62879943847656,41102300,0.0,0.0,117.21666717529297,4817874619.239044,yahoo
GOOGL,2023-05-15,116.11000061035156,118.4800033569336,116.01000213623047,116.51000213623047,115.63629150390625,36266800,0.0,0.0,117.00000254313152,4243215692.231242,yahoo
GOOGL,2023-05-16,116.48999786376953,120.75,116.43000030517578,119.51000213623047,118.61378479003906,45035600,0.0,0.0,118.89666748046875,5354582757.983398,yahoo
GOOGL,2023-05-17,119.61000061035156,121.66999816894531,118.88999938964844,120.83999633789062,119.93380737304688,33323600,0.0,0.0,120.46666463216145,4014382945.5362954,yahoo
GOOGL,2023-05-18,120.94999694824219,123.30999755859375,120.83000183105469,122.83000183105469,121.90888214111328,35234200,0.0,0.0,122.32333374023438,4309964805.670166,yahoo
GOOGL,2023-05-19,123.55000305175781,125.97000122070312,122.1500015258789,122.76000213623047,121.83941650390625,41353400,0.0,0.0,123.62666829427083,5112383064.640299,yahoo
GOOGL,2023-05-22,122.94000244140625,126.43000030517578,122.73999786376953,125.05000305175781,124.11223602294922,35253000,0.0,0.0,124.74000040690105,4397459234.344482,yahoo
GOOGL,2023-05-23,124.16000366210938,124.62999725341797,122.20999908447266,122.55999755859375,121.64091491699219,34046300,0.0,0.0,123.13333129882812,4192234337.399292,yahoo
GOOGL,2023-05-24,121.12000274658203,121.91000366210938,119.86000061035156,120.9000015258789,119.99335479736328,34182600,0.0,0.0,120.89000193277995,4132334580.067444,yahoo
GOOGL,2023-05-25,124.5199966430664,125.31999969482422,121.95999908447266,123.4800033569336,122.55402374267578,42317000,0.0,0.0,123.58666737874348,5229817003.466288,yahoo
GOOGL,2023-05-26,123.16999816894531,125.26000213623047,122.44999694824219,124.61000061035156,123.67554473876953,35635900,0.0,0.0,124.1066665649414,4422652759.041595,yahoo
GOOGL,2023-05-30,125.63999938964844,125.66000366210938,122.0,123.66999816894531,122.74259185791016,35076700,0.0,0.0,123.77666727701823,4341677025.075786,yahoo
GOOGL,2023-05-31,122.75,124.05999755859375,122.5,122.87000274658203,121.9485855102539,37325800,0.0,0.0,123.1433334350586,4596423435.13031,yahoo
GOOGL,2023-06-01,122.81999969482422,124.41999816894531,122.62000274658203,123.72000122070312,122.7922134399414,30772700,0.0,0.0,123.58666737874348,3803095439.2458596,yahoo
GOOGL,2023-06-02,123.98999786376953,126.1500015258789,123.76000213623047,124.66999816894531,123.7350845336914,26980100,0.0,0.0,124.86000061035156,3368735302.467346,yahoo
GOOGL,2023-06-05,124.01000213623047,127.43000030517578,123.83999633789062,126.01000213623047,125.0650405883789,32305500,0.0,0.0,125.75999959309895,4062739666.8548584,yahoo
GOOGL,2023-06-06,126.01000213623047,128.2899932861328,125.36000061035156,127.30999755859375,126.35529327392578,26638300,0.0,0.0,126.98666381835938,3382708846.7926025,yahoo
GOOGL,2023-06-07,126.97000122070312,129.0399932861328,122.12000274658203,122.5,121.58135986328125,52539000,0.0,0.0,124.55333201090495,6543907510.520935,yahoo
GOOGL,2023-06-08,122.2300033569336,123.2300033569336,121.23999786376953,122.13999938964844,121.22406768798828,29389200,0.0,0.0,122.20333353678386,3591458209.979248,yahoo
GOOGL,2023-06-09,122.25,123.76000213623047,121.91000366210938,122.2300033569336,121.31339263916016,23778300,0.0,0.0,122.63333638509114,2916012262.565613,yahoo
GOOGL,2023-06-12,122.79000091552734,124.05000305175781,121.66000366210938,123.63999938964844,122.71282196044922,28306400,0.0,0.0,123.11666870117188,3484989670.9228516,yahoo
GOOGL,2023-06-13,124.9800033569336,125.16000366210938,123.18000030517578,123.83000183105469,122.9013900756836,22278300,0.0,0.0,124.05666859944661,2763771680.0590515,yahoo
GOOGL,2023-06-14,123.0999984741211,124.05000305175781,121.44999694824219,123.66999816894531,122.74259185791016,30592300,0.0,0.0,123.05666605631511,3764586444.994609,yahoo
GOOGL,2023-06-15,123.13999938964844,125.45999908447266,122.4000015258789,125.08999633789062,124.15193939208984,35246300,0.0,0.0,124.31666564941406,4381702492.478943,yahoo
GOOGL,2023-06-16,125.93000030517578,126.11000061035156,123.27999877929688,123.52999877929688,122.60362243652344,45535600,0.0,0.0,124.30666605631511,5660378622.873942,yahoo
GOOGL,2023-06-20,122.93000030517578,124.56999969482422,122.13999938964844,123.0999984741211,122.17687225341797,26097500,0.0,0.0,123.26999918619792,3217038803.7618003,yahoo
GOOGL,2023-06-21,122.4000015258789,122.66000366210938,120.0999984741211,120.55000305175781,119.64599609375,30306300,0.0,0.0,121.10333506266277,3670194003.4095764,yahoo
GOOGL,2023-06-22,120.0,123.23999786376953,118.83000183105469,123.1500015258789,122.22648620605469,26952200,0.0,0.0,121.74000040690105,3281160838.9668784,yahoo
GOOGL,2023-06-23,121.37999725341797,122.79000091552734,121.05999755859375,122.33999633789062,121.42256927490234,34913600,0.0,0.0,122.0633316040039,4261670334.289551,yahoo
GOOGL,2023-06-26,120.76000213623047,122.0,118.2699966430664,118.33999633789062,117.45255279541016,33969900,0.0,0.0,119.53666432698567,4060648533.5212708,yahoo
GOOGL,2023-06-27,117.08000183105469,119.08000183105469,116.0999984741211,118.33000183105469,117.44264221191406,39535900,0.0,0.0,117.83666737874348,4658778697.819264,yahoo
GOOGL,2023-06-28,117.08999633789062,120.38999938964844,116.8499984741211,120.18000030517578,119.27877044677734,27091400,0.0,0.0,119.13999938964844,3227669379.4647217,yahoo
GOOGL,2023-06-29,119.23999786376953,120.05999755859375,118.30000305175781,119.0999984741211,118.20686340332031,24090900,0.0,0.0,119.15333302815755,2870511030.648041,yahoo
GOOGL,2023-06-30,120.16999816894531,121.08000183105469,119.69000244140625,119.69999694824219,118.8023681640625,29532200,0.0,0.0,120.1566670735677,3548490723.350016,yahoo
GOOGL,2023-07-03,119.23999786376953,120.19000244140625,118.81999969482422,119.9000015258789,119.00086975097656,14467900,0.0,0.0,119.6366678873698,1730891347.3276775,yahoo
GOOGL,2023-07-05,119.23999786376953,122.61000061035156,119.2300033569336,121.75,120.83699035644531,27584800,0.0,0.0,121.19666798909505,3343185847.145589,yahoo
GOOGL,2023-07-06,119.80000305175781,120.30000305175781,118.4000015258789,120.11000061035156,119.20928192138672,24745200,0.0,0.0,119.60333506266277,2959608446.7926025,yahoo
GOOGL,2023-07-07,120.0999984741211,121.05000305175781,119.4000015258789,119.4800033569336,118.58401489257812,21709500,0.0,0.0,119.97666931152344,2604633502.418518,yahoo
GOOGL,2023-07-10,118.30000305175781,118.30999755859375,116.13999938964844,116.44999694824219,115.57673645019531,35315200,0.0,0.0,116.96666463216145,4130701154.817708,yahoo
GOOGL,2023-07-11,116.29000091552734,117.70999908447266,115.3499984741211,117.13999938964844,116.26155090332031,23078800,0.0,0.0,116.73333231608073,2694065229.8563643,yahoo
GOOGL,2023-07-12,118.80000305175781,120.33000183105469,118.41000366210938,118.93000030517578,118.03813934326172,30404400,0.0,0.0,119.22333526611328,3624913974.7650146,yahoo
GOOGL,2023-07-13,120.93000030517578,124.83000183105469,120.44999694824219,124.54000091552734,123.6060791015625,44297900,0.0,0.0,123.27333323160808,5460749788.160452,yahoo
GOOGL,2023-07-14,124.80000305175781,126.77999877929688,123.48999786376953,125.41999816894531,124.4794692993164,33283100,0.0,0.0,125.22999827067058,4168042555.442556,yahoo
GOOGL,2023-07-17,125.94000244140625,127.0999984741211,124.19999694824219,124.6500015258789,123.71524047851562,25716200,0.0,0.0,125.31666564941406,3222668437.173462,yahoo
GOOGL,2023-07-18,124.5999984741211,124.68000030517578,122.95999908447266,123.76000213623047,122.83192443847656,26193600,0.0,0.0,123.8000005086263,3242767693.322754,yahoo
GOOGL,2023-07-19,124.5999984741211,125.18000030517578,121.80000305175781,122.02999877929688,121.11488342285156,37224000,0.0,0.0,123.00333404541016,4578676106.506348,yahoo
GOOGL,2023-07-20,121.41999816894531,124.08999633789062,118.22000122070312,119.19999694824219,118.30611419677734,37906800,0.0,0.0,120.50333150227864,4567895686.590576,yahoo
GOOGL,2023-07-21,120.62000274658203,120.98999786376953,118.7300033569336,120.0199966430664,119.11996459960938,72937900,0.0,0.0,119.91333262125652,8746226663.395947,yahoo
GOOGL,2023-07-24,121.66000366210938,123.0,120.9800033569336,121.52999877929688,120.61864471435547,29686100,0.0,0.0,121.83666737874348,3616855491.472117,yahoo
GOOGL,2023-07-25,121.36000061035156,123.1500015258789,121.0199966430664,122.20999908447266,121.29354095458984,52509600,0.0,0.0,122.12666575113933,6412822367.926025,yahoo
GOOGL,2023-07-26,130.07000732421875,130.97999572753906,128.32000732421875,129.27000427246094,128.30059814453125,61682100,0.0,0.0,129.5233357747396,7989271349.591065,yahoo
GOOGL,2023-07-27,131.6699981689453,133.24000549316406,128.7899932861328,129.39999389648438,128.4296112060547,44952100,0.0,0.0,130.4766642252604,5865200057.920328,yahoo
GOOGL,2023-07-28,130.77999877929688,133.74000549316406,130.57000732421875,132.5800018310547,131.58578491210938,36591200,0.0,0.0,132.29667154947916,4840893968.001302,yahoo
GOOGL,2023-07-31,132.72999572753906,133.52999877929688,131.77999877929688,132.72000122070312,131.72471618652344,28055500,0.0,0.0,132.67666625976562,3722310210.2508545,yahoo
GOOGL,2023-08-01,130.77999877929688,132.6300048828125,130.67999267578125,131.5500030517578,130.56350708007812,23166800,0.0,0.0,131.62000020345053,3049214220.713298,yahoo
GOOGL,2023-08-02,129.4499969482422,130.08999633789062,127.55999755859375,128.3800048828125,127.41728210449219,26273300,0.0,0.0,128.67666625976562,3380760655.6427,yahoo
GOOGL,2023-08-03,127.97000122070312,129.38999938964844,127.41999816894531,128.4499969482422,127.48673248291016,20089500,0.0,0.0,128.4199981689453,2579893553.215027,yahoo
GOOGL,2023-08-04,129.27999877929688,131.50999450683594,127.91000366210938,128.11000061035156,127.14929962158203,26147200,0.0,0.0,129.17666625976562,3377608128.0273438,yahoo
GOOGL,2023-08-07,129.16000366210938,131.61000061035156,129.02000427246094,131.52999877929688,130.5436553955078,22746300,0.0,0.0,130.72000122070312,2973396363.7664795,yahoo
GOOGL,2023-08-08,130.6199951171875,131.50999450683594,129.5399932861328,131.39999389648438,130.4145965576172,23535200,0.0,0.0,130.81666056315103,3078796269.685872,yahoo
GOOGL,2023-08-09,131.66000366210938,132.0399932861328,129.0,129.66000366210938,128.68765258789062,24912900,0.0,0.0,130.23333231608072,3244489984.6572876,yahoo
GOOGL,2023-08-10,131.32000732421875,132.0500030517578,129.4499969482422,129.69000244140625,128.71743774414062,20857800,0.0,0.0,130.39666748046875,2719787610.974121,yahoo
GOOGL,2023-08-11,128.66000366210938,129.92999267578125,128.1699981689453,129.55999755859375,128.5884246826172,19591100,0.0,0.0,129.2199961344401,2531561866.269429,yahoo
GOOGL,2023-08-14,129.38999938964844,131.3699951171875,128.9600067138672,131.3300018310547,130.34515380859375,24695600,0.0,0.0,130.55333455403647,3224092928.812663,yahoo
GOOGL,2023-08-15,131.10000610351562,131.4199981689453,129.27999877929688,129.77999877929688,128.80677795410156,19770700,0.0,0.0,130.15999857584634,2573354283.8434854,yahoo
GOOGL,2023-08-16,128.6999969482422,130.27999877929688,127.87000274658203,128.6999969482422,127.73487091064453,25216100,0.0,0.0,128.9499994913737,3251616082.174428,yahoo
GOOGL,2023-08-17,129.8000030517578,131.99000549316406,129.2899932861328,129.9199981689453,128.9457244873047,33446300,0.0,0.0,130.3999989827474,4361397485.976665,yahoo
GOOGL,2023-08-18,128.50999450683594,129.25,126.37999725341797,127.45999908447266,126.5041732788086,30504800,0.0,0.0,127.69666544596355,3895361240.096029,yahoo
GOOGL,2023-08-21,127.18000030517578,128.72999572753906,126.55999755859375,128.3699951171875,127.4073257446289,25248700,0.0,0.0,127.88666280110677,3228971983.066304,yahoo
GOOGL,2023-08-22,128.50999450683594,130.27999877929688,128.32000732421875,129.0800018310547,128.11203002929688,22054900,0.0,0.0,129.22666931152344,2850081268.9987183,yahoo
GOOGL,2023-08-23,130.17999267578125,133.41000366210938,129.8699951171875,132.3699951171875,131.37734985351562,27819700,0.0,0.0,131.88333129882812,3668954711.734009,yahoo
GOOGL,2023-08-24,133.9499969482422,134.25,129.57000732421875,129.77999877929688,128.80677795410156,28500700,0.0,0.0,131.20000203450522,3739291897.9848228,yahoo
GOOGL,2023-08-25,129.5399932861328,130.75999450683594,127.25,129.8800048828125,128.90602111816406,26762900,0.0,0.0,129.29666646321616,3460353754.8884077,yahoo
GOOGL,2023-08-28,131.30999755859375,132.5399932861328,130.13999938964844,131.00999450683594,130.02752685546875,20543300,0.0,0.0,131.22999572753906,2695897171.229553,yahoo
GOOGL,2023-08-29,132.24000549316406,136.57000732421875,132.24000549316406,134.57000732421875,133.5608673095703,43075600,0.0,0.0,134.4600067138672,5791945465.203857,yahoo
GOOGL,2023-08-30,134.77999877929688,136.27999877929688,134.07000732421875,135.8800048828125,134.86102294921875,28315800,0.0,0.0,135.41000366210938,3834242581.6955566,yahoo
GOOGL,2023-08-31,136.00999450683594,138.0,135.7899932861328,136.1699981689453,135.14883422851562,30053800,0.0,0.0,136.65333048502603,4106951863.7308755,yahoo
GOOGL,2023-09-01,137.4600067138672,137.4600067138672,134.85000610351562,135.66000366210938,134.64266967773438,21543700,0.0,0.0,135.99000549316406,2929727881.3430786,yahoo
GOOGL,2023-09-05,135.44000244140625,136.4199981689453,134.5800018310547,135.77000427246094,134.75184631347656,19403100,0.0,0.0,135.59000142415366,2630866356.6329956,yahoo
GOOGL,2023-09-06,136.02000427246094,136.52999877929688,133.6699981689453,134.4600067138672,133.45167541503906,18684500,0.0,0.0,134.88666788736978,2520289946.1415606,yahoo
GOOGL,2023-09-07,133.58999633789062,135.5800018310547,132.9499969482422,135.25999450683594,134.24566650390625,18844300,0.0,0.0,134.59666442871094,2536379923.4939575,yahoo
GOOGL,2023-09-08,134.91000366210938,136.66000366210938,134.85000610351562,136.3800048828125,135.35728454589844,23558300,0.0,0.0,135.96333821614584,3203065110.6974287,yahoo
GOOGL,2023-09-11,136.5399932861328,137.47999572753906,135.7899932861328,136.9199981689453,135.8932342529297,20763400,0.0,0.0,136.72999572753906,2838979593.2891846,yahoo
GOOGL,2023-09-12,136.25999450683594,136.8699951171875,135.19000244140625,135.33999633789062,134.3250732421875,18405500,0.0,0.0,135.79999796549478,2499466862.553914,yahoo
GOOGL,2023-09-13,135.08999633789062,136.89999389648438,134.14999389648438,136.7100067138672,135.684814453125,20749500,0.0,0.0,135.9199981689453,2820272002.006531,yahoo
GOOGL,2023-09-14,137.60000610351562,138.6999969482422,136.24000549316406,138.10000610351562,137.06436157226562,24751000,0.0,0.0,137.68000284830728,3407717750.4984536,yahoo
GOOGL,2023-09-15,137.97999572753906,138.52000427246094,136.47999572753906,137.39999389648438,136.36962890625,38919600,0.0,0.0,137.46666463216147,5350147600.817871,yahoo
GOOGL,2023-09-18,136.61000061035156,139.16000366210938,136.61000061035156,138.2100067138672,137.173583984375,21861300,0.0,0.0,137.99333699544272,3016713738.0584717,yahoo
GOOGL,2023-09-19,137.4199981689453,138.41000366210938,136.6199951171875,138.0399932861328,137.00482177734375,20353700,0.0,0.0,137.68999735514322,2802500899.1673784,yahoo
GOOGL,2023-09-20,138.0800018310547,138.0800018310547,133.6199951171875,133.74000549316406,132.73709106445312,29927500,0.0,0.0,135.14666748046875,4044601891.0217285,yahoo
GOOGL,2023-09-21,131.44000244140625,132.22999572753906,130.07000732421875,130.44000244140625,129.46182250976562,31503900,0.0,0.0,130.91333516438803,4124280619.6853642,yahoo
GOOGL,2023-09-22,130.75999450683594,132.02999877929688,129.60000610351562,130.25,129.2732391357422,26397300,0.0,0.0,130.62666829427084,3448191350.964356,yahoo
GOOGL,2023-09-25,129.8300018310547,131.1699981689453,128.9600067138672,131.11000061035156,130.1267852783203,20094600,0.0,0.0,130.41333516438803,2620603804.7943115,yahoo
GOOGL,2023-09-26,129.77000427246094,130.36000061035156,127.22000122070312,128.57000732421875,127.60585021972656,25718700,0.0,0.0,128.71666971842447,3310425413.487243,yahoo
GOOGL,2023-09-27,128.57000732421875,130.89999389648438,128.57000732421875,130.5399932861328,129.5610809326172,22746500,0.0,0.0,130.00333150227866,2957120780.0165815,yahoo
GOOGL,2023-09-28,129.83999633789062,133.3000030517578,129.7899932861328,132.30999755859375,131.3177947998047,22513100,0.0,0.0,131.79999796549478,2967226534.1969805,yahoo
GOOGL,2023-09-29,133.27999877929688,134.0500030517578,130.36000061035156,130.86000061035156,129.87867736816406,30859800,0.0,0.0,131.7566680908203,4065984425.9490967,yahoo
GOOGL,2023-10-02,131.2100067138672,134.4199981689453,131.1699981689453,134.1699981689453,133.16384887695312,22288000,0.0,0.0,133.25333150227866,2969950252.5227866,yahoo
GOOGL,2023-10-03,133.94000244140625,134.25999450683594,131.83999633789062,132.42999267578125,131.4368896484375,22989400,0.0,0.0,132.84332784016928,3053988401.0487876,yahoo
GOOGL,2023-10-04,132.7899932861328,135.57000732421875,132.52999877929688,135.24000549316406,134.22584533691406,26752300,0.0,0.0,134.44667053222656,3596757664.0792847,yahoo
GOOGL,2023-10-05,135.07000732421875,135.49000549316406,133.4499969482422,135.07000732421875,134.05711364746094,19832600,0.0,0.0,134.67000325520834,2670856306.559245,yahoo
GOOGL,2023-10-06,134.00999450683594,138.16000366210938,134.00999450683594,137.5800018310547,136.54824829101562,27597600,0.0,0.0,136.58333333333334,3769372200.0000005,yahoo
GOOGL,2023-10-09,136.94000244140625,138.94000244140625,135.61000061035156,138.4199981689453,137.38197326660156,19278100,0.0,0.0,137.65666707356772,2653758993.510946,yahoo
GOOGL,2023-10-10,138.5,139.72000122070312,137.3300018310547,138.05999755859375,137.02467346191406,27786600,0.0,0.0,138.37000020345053,3844831847.6531987,yahoo
GOOGL,2023-10-11,138.5800018310547,141.11000061035156,138.5800018310547,140.5500030517578,139.4960174560547,25884300,0.0,0.0,140.0800018310547,3625872791.395569,yahoo
GOOGL,2023-10-12,141.0500030517578,141.22000122070312,138.25999450683594,138.97000122070312,137.9278564453125,24765500,0.0,0.0,139.48333231608072,3454374466.473897,yahoo
GOOGL,2023-10-13,139.3800048828125,140.0,136.6199951171875,137.36000061035156,136.32994079589844,23420500,0.0,0.0,137.9933319091797,3231872829.978943,yahoo
GOOGL,2023-10-16,138.1699981689453,139.6300048828125,137.99000549316406,139.10000610351562,138.056884765625,28501900,0.0,0.0,138.90667215983072,3959104079.2322793,yahoo
GOOGL,2023-10-17,138.6300048828125,139.89999389648438,137.17999267578125,139.72000122070312,138.6722412109375,23515800,0.0,0.0,138.9333292643229,3267128384.313965,yahoo
GOOGL,2023-10-18,139.4499969482422,140.72000122070312,137.3800048828125,137.9600067138672,136.9254150390625,23375000,0.0,0.0,138.6866709391276,3241800933.2021074,yahoo
GOOGL,2023-10-19,138.5,139.66000366210938,137.3800048828125,137.75,136.7169952392578,26066000,0.0,0.0,138.26333618164062,3603972120.9106445,yahoo
GOOGL,2023-10-20,137.3300018310547,137.8699951171875,135.0800018310547,135.60000610351562,134.5831298828125,26335700,0.0,0.0,136.18333435058594,3586483438.456726,yahoo
GOOGL,2023-10-23,135.0399932861328,137.66000366210938,133.9499969482422,136.5,135.4763641357422,26317900,0.0,0.0,136.0366668701172,3580199395.021057,yahoo
GOOGL,2023-10-24,137.8300018310547,139.36000061035156,137.4199981689453,138.80999755859375,137.76907348632812,44814300,0.0,0.0,138.52999877929688,6208124924.295044,yahoo
GOOGL,2023-10-25,128.16000366210938,128.30999755859375,125.06999969482422,125.61000061035156,124.66803741455078,84366200,0.0,0.0,126.32999928792317,10657981985.924784,yahoo
GOOGL,2023-10-26,123.2699966430664,124.33000183105469,121.2699966430664,122.27999877929688,121.36302185058594,57061100,0.0,0.0,122.62666575113933,6997212437.092337,yahoo
GOOGL,2023-10-27,122.87999725341797,123.30999755859375,120.20999908447266,122.16999816894531,121.25383758544922,44566500,0.0,0.0,121.89666493733723,5432507717.92984,yahoo
GOOGL,2023-10-30,123.20999908447266,125.4000015258789,122.75,124.45999908447266,123.52666473388672,28940100,0.0,0.0,124.20333353678386,3594456892.8878784,yahoo
GOOGL,2023-10-31,125.05999755859375,125.37000274658203,122.69000244140625,124.08000183105469,123.14952087402344,26292300,0.0,0.0,124.04666900634766,3261472235.5155945,yahoo
GOOGL,2023-11-01,124.06999969482422,126.48999786376953,123.72000122070312,126.44999694824219,125.50173950195312,30082400,0.0,0.0,125.55333201090495,3776945554.884847,yahoo
GOOGL,2023-11-02,128.4199981689453,128.97999572753906,126.93000030517578,127.48999786376953,126.53395080566406,27124600,0.0,0.0,127.7999979654948,3466523824.8148603,yahoo
GOOGL,2023-11-03,128.02000427246094,129.52999877929688,127.86000061035156,129.10000610351562,128.1318817138672,26393100,0.0,0.0,128.8300018310547,3400223121.3272095,yahoo
GOOGL,2023-11-06,129.0500030517578,130.33999633789062,128.6699981689453,130.25,129.2732391357422,19052700,0.0,0.0,129.75333150227866,2472151299.1134644,yahoo
GOOGL,2023-11-07,130.7100067138672,131.91000366210938,129.8800048828125,130.97000122070312,129.98785400390625,29757300,0.0,0.0,130.92000325520834,3895825812.8662114,yahoo
GOOGL,2023-11-08,130.97000122070312,132.2100067138672,130.77999877929688,131.83999633789062,130.851318359375,26425800,0.0,0.0,131.61000061035156,3477899554.1290283,yahoo
GOOGL,2023-11-09,131.9600067138672,132.5500030517578,130.07000732421875,130.24000549316406,129.26333618164062,23747800,0.0,0.0,130.95333862304688,3109853694.9523926,yahoo
GOOGL,2023-11-10,130.10000610351562,132.8000030517578,129.41000366210938,132.58999633789062,131.595703125,26913300,0.0,0.0,131.6000010172526,3541790307.377624,yahoo
GOOGL,2023-11-13,131.77999877929688,132.58999633789062,131.25,132.08999633789062,131.0994415283203,18324800,0.0,0.0,131.9766642252604,2418445976.595052,yahoo
GOOGL,2023-11-14,134.19000244140625,135.6999969482422,133.32000732421875,133.6199951171875,132.6179656982422,32395200,0.0,0.0,134.2133331298828,4347867769.40918,yahoo
GOOGL,2023-11-15,134.8699951171875,135.02999877929688,133.57000732421875,134.6199951171875,133.61048889160156,23861500,0.0,0.0,134.40666707356772,3207144686.375936,yahoo
GOOGL,2023-11-16,135.19000244140625,137.22000122070312,134.32000732421875,136.92999267578125,135.90313720703125,28013200,0.0,0.0,136.15666707356772,3814183946.065267,yahoo
GOOGL,2023-11-17,136.0,136.05999755859375,133.64999389648438,135.30999755859375,134.29531860351562,37240600,0.0,0.0,135.00666300455728,5027729134.287516,yahoo
GOOGL,2023-11-20,133.69000244140625,136.66000366210938,133.6199951171875,136.25,135.22824096679688,27815500,0.0,0.0,135.50999959309897,3769278393.681844,yahoo
GOOGL,2023-11-21,136.2899932861328,137.17999267578125,135.9600067138672,136.97000122070312,135.9428253173828,22635300,0.0,0.0,136.70333353678384,3094320965.6051636,yahoo
GOOGL,2023-11-22,137.47000122070312,139.4199981689453,137.47000122070312,138.49000549316406,137.4514617919922,17813900,0.0,0.0,138.46000162760416,2466512622.9939775,yahoo
GOOGL,2023-11-24,138.02999877929688,138.1300048828125,135.99000549316406,136.69000244140625,135.66494750976562,12514300,0.0,0.0,136.9366709391276,1713666581.1335244,yahoo
GOOGL,2023-11-27,136.02999877929688,138.4199981689453,136.0,136.41000366210938,135.38705444335938,23436500,0.0,0.0,136.9433339436849,3209472445.9711714,yahoo
GOOGL,2023-11-28,136.0800018310547,137.25,135.4199981689453,137.1999969482422,136.17112731933594,18730000,0.0,0.0,136.62333170572916,2558955002.848307,yahoo
GOOGL,2023-11-29,137.57000732421875,138.2899932861328,134.83999633789062,134.99000549316406,133.97772216796875,23967200,0.0,0.0,136.03999837239584,3260497848.9908857,yahoo
GOOGL,2023-11-30,135.0500030517578,135.5500030517578,131.27999877929688,132.52999877929688,131.53614807128906,38988300,0.0,0.0,133.12000020345053,5190122503.93219,yahoo
GOOGL,2023-12-01,131.86000061035156,132.11000061035156,130.6699981689453,131.86000061035156,130.87118530273438,31442300,0.0,0.0,131.54666646321616,4136129750.9363813,yahoo
GOOGL,2023-12-04,129.8800048828125,130.02999877929688,127.9000015258789,129.27000427246094,128.30059814453125,36669900,0.0,0.0,129.06666819254556,4732861815.953827,yahoo
GOOGL,2023-12-05,128.9499969482422,132.13999938964844,128.25,130.99000549316406,130.00770568847656,27384800,0.0,0.0,130.46000162760416,3572621052.5716143,yahoo
GOOGL,2023-12-06,131.44000244140625,131.83999633789062,129.8800048828125,130.02000427246094,129.04498291015625,23576200,0.0,0.0,130.5800018310547,3078580239.1693115,yahoo
GOOGL,2023-12-07,135.0399932861328,138.55999755859375,134.6999969482422,136.92999267578125,135.90313720703125,56767100,0.0,0.0,136.72999572753906,7761765340.464783,yahoo
GOOGL,2023-12-08,134.1999969482422,136.39999389648438,134.02999877929688,134.99000549316406,133.97772216796875,32260100,0.0,0.0,135.13999938964844,4359629894.309998,yahoo
GOOGL,2023-12-11,132.3800048828125,133.33999633789062,131.36000061035156,133.2899932861328,132.29042053222656,31138000,0.0,0.0,132.663330078125,4130870771.9726562,yahoo
GOOGL,2023-12-12,131.80999755859375,133.0,131.25999450683594,132.52000427246094,131.52621459960938,29032800,0.0,0.0,132.25999959309897,3839878116.186524,yahoo
GOOGL,2023-12-13,133.3800048828125,133.5,131.57000732421875,132.57000732421875,131.57586669921875,30104800,0.0,0.0,132.54667154947916,3990291037.6627603,yahoo
GOOGL,2023-12-14,133.3800048828125,133.72000122070312,129.69000244140625,131.94000244140625,130.95057678222656,38722400,0.0,0.0,131.78333536783853,5102967025.447591,yahoo
GOOGL,2023-12-15,131.6199951171875,133.50999450683594,131.17999267578125,132.60000610351562,131.60562133789062,50847100,0.0,0.0,132.42999776204428,6733681339.206442,yahoo
GOOGL,2023-12-18,132.6300048828125,137.14999389648438,132.42999267578125,135.8000030517578,134.78163146972656,32258000,0.0,0.0,135.1266632080078,4358915901.763916,yahoo
GOOGL,2023-12-19,136.83999633789062,137.47000122070312,136.0800018310547,136.64999389648438,135.625244140625,25476800,0.0,0.0,136.73333231608072,3483527760.750325,yahoo
GOOGL,2023-12-20,138.97000122070312,141.6999969482422,138.07000732421875,138.33999633789062,137.3025665283203,49107200,0.0,0.0,139.37000020345053,6844070473.990886,yahoo
GOOGL,2023-12-21,139.49000549316406,140.69000244140625,139.17999267578125,140.4199981689453,139.3669891357422,27488300,0.0,0.0,140.09666442871094,3851019140.815735,yahoo
GOOGL,2023-12-22,140.77000427246094,141.99000549316406,140.7100067138672,141.49000549316406,140.428955078125,26532200,0.0,0.0,141.39667256673178,3751564795.875041,yahoo
GOOGL,2023-12-26,141.58999633789062,142.67999267578125,141.19000244140625,141.52000427246094,140.458740234375,16780300,0.0,0.0,141.79666646321616,2379390602.252706,yahoo
GOOGL,2023-12-27,141.58999633789062,142.0800018310547,139.88999938964844,140.3699951171875,139.31736755371094,19628600,0.0,0.0,140.77999877929688,2763314284.0393066,yahoo
GOOGL,2023-12-28,140.77999877929688,141.13999938964844,139.75,140.22999572753906,139.17840576171875,16045700,0.0,0.0,140.37333170572916,2252388368.550618,yahoo
GOOGL,2023-12-29,139.6300048828125,140.36000061035156,138.77999877929688,139.69000244140625,138.6424560546875,18733000,0.0,0.0,139.61000061035156,2615314141.433716,yahoo
GOOGL,2024-01-02,138.5500030517578,139.4499969482422,136.47999572753906,138.1699981689453,137.13385009765625,23711200,0.0,0.0,138.03333028157553,3272935900.9724936,yahoo
GOOGL,2024-01-03,137.25,139.6300048828125,137.0800018310547,138.9199981689453,137.8782196044922,24212100,0.0,0.0,138.5433349609375,3354425080.407715,yahoo
GOOGL,2024-01-04,138.4199981689453,139.16000366210938,136.35000610351562,136.38999938964844,135.36721801757812,27137700,0.0,0.0,137.3000030517578,3726006292.817688,yahoo
GOOGL,2024-01-05,136.75,137.16000366210938,135.14999389648438,135.72999572753906,134.71212768554688,22513900,0.0,0.0,136.0133310953776,3062190534.9482217,yahoo
GOOGL,2024-01-08,136.2899932861328,139.00999450683594,136.25999450683594,138.83999633789062,137.798828125,21404000,0.0,0.0,138.03666178385416,2954536708.8216143,yahoo
GOOGL,2024-01-09,138.5,141.49000549316406,138.14999389648438,140.9499969482422,139.8930206298828,24759600,0.0,0.0,140.19666544596353,3471213357.775879,yahoo
GOOGL,2024-01-10,141.0,143.0,140.91000366210938,142.27999877929688,141.2130126953125,21320200,0.0,0.0,142.0633341471354,3028818696.6837564,yahoo
GOOGL,2024-01-11,143.49000549316406,145.22000122070312,140.63999938964844,142.0800018310547,141.01454162597656,24008700,0.0,0.0,142.64666748046875,3424761045.53833,yahoo
GOOGL,2024-01-12,142.6699981689453,143.1999969482422,141.82000732421875,142.64999389648438,141.5802459716797,18785500,0.0,0.0,142.5566660563151,2677998250.200907,yahoo
GOOGL,2024-01-16,142.0,144.35000610351562,141.4499969482422,142.49000549316406,141.4214630126953,22670500,0.0,0.0,142.76333618164062,3236516212.905884,yahoo
GOOGL,2024-01-17,141.35000610351562,141.83999633789062,138.89999389648438,141.47000122070312,140.4091339111328,20968600,0.0,0.0,140.73666381835938,2951050808.9416504,yahoo
GOOGL,2024-01-18,142.0500030517578,144.2100067138672,141.99000549316406,143.47999572753906,142.40402221679688,25746400,0.0,0.0,143.22666931152344,3687571118.762207,yahoo
GOOGL,2024-01-19,144.74000549316406,146.4499969482422,144.3800048828125,146.3800048828125,145.2822723388672,34271900,0.0,0.0,145.7366689046224,4994672543.032329,yahoo
GOOGL,2024-01-22,147.10000610351562,148.38999938964844,145.83999633789062,145.99000549316406,144.89520263671875,32200400,0.0,0.0,146.74000040690103,4725086709.102376,yahoo
GOOGL,2024-01-23,145.88999938964844,147.17999267578125,145.5,147.0399932861328,145.93734741210938,21636100,0.0,0.0,146.57332865397134,3171275196.0901895,yahoo
GOOGL,2024-01-24,148.5399932861328,149.85000610351562,148.10000610351562,148.6999969482422,147.5848846435547,25233500,0.0,0.0,148.88333638509116,3756847668.6731977,yahoo
GOOGL,2024-01-25,150.07000732421875,153.0500030517578,149.5399932861328,151.8699951171875,150.7310791015625,29149100,0.0,0.0,151.48666381835938,4415699912.307739,yahoo
GOOGL,2024-01-26,151.10000610351562,152.5399932861328,151.00999450683594,152.19000244140625,151.04872131347656,26115500,0.0,0.0,151.913330078125,3967292571.6552734,yahoo
GOOGL,2024-01-29,152.05999755859375,153.77999877929688,151.42999267578125,153.50999450683594,152.35882568359375,27784300,0.0,0.0,152.9066619873047,4248404568.6538696,yahoo
GOOGL,2024-01-30,152.8000030517578,153.6199951171875,151.19000244140625,151.4600067138672,150.32420349121094,36331800,0.0,0.0,152.09000142415366,5525703513.742065,yahoo
GOOGL,2024-01-31,143.6199951171875,144.0,139.8699951171875,140.10000610351562,139.04937744140625,71910000,0.0,0.0,141.32333374023438,10162560929.260254,yahoo
GOOGL,2024-02-01,142.1199951171875,143.05999755859375,140.7899932861328,141.16000366210938,140.1014404296875,40466500,0.0,0.0,141.6699981689453,5732888980.9036255,yahoo
GOOGL,2024-02-02,139.25999450683594,142.6199951171875,136.5,142.3800048828125,141.3123016357422,62499600,0.0,0.0,140.5,8781193800.0,yahoo
GOOGL,2024-02-05,142.82000732421875,145.47000122070312,142.77999877929688,143.67999267578125,142.6025390625,38505400,0.0,0.0,143.9766642252604,5543879046.659342,yahoo
GOOGL,2024-02-06,144.64999389648438,145.36000061035156,143.19000244140625,144.10000610351562,143.01937866210938,29128200,0.0,0.0,144.21666971842447,4200771998.8922114,yahoo
GOOGL,2024-02-07,144.75999450683594,145.6199951171875,143.92999267578125,145.5399932861328,144.4485626220703,25208900,0.0,0.0,145.02999369303384,3656046608.008321,yahoo
GOOGL,2024-02-08,145.8300018310547,146.3300018310547,145.10000610351562,145.91000366210938,144.8157958984375,22563800,0.0,0.0,145.7800038655599,3289350851.2217207,yahoo
GOOGL,2024-02-09,146.67999267578125,149.44000244140625,146.17999267578125,149.0,147.88265991210938,26829500,0.0,0.0,148.2066650390625,3976310719.6655273,yahoo
GOOGL,2024-02-12,148.4199981689453,149.33999633789062,147.3699951171875,147.52999877929688,146.42364501953125,21564100,0.0,0.0,148.07999674479166,3193211857.804362,yahoo
GOOGL,2024-02-13,144.9199981689453,146.6699981689453,143.69000244140625,145.13999938964844,144.0515899658203,27837700,0.0,0.0,145.16666666666666,4041106116.6666665,yahoo
GOOGL,2024-02-14,146.0800018310547,146.52000427246094,144.08999633789062,145.94000244140625,144.8455810546875,22704200,0.0,0.0,145.51666768391928,3303839526.42924,yahoo
GOOGL,2024-02-15,143.13999938964844,143.52000427246094,140.4600067138672,142.77000427246094,141.69935607910156,37590700,0.0,0.0,142.25000508626303,5347277266.196188,yahoo
GOOGL,2024-02-16,142.99000549316406,143.19000244140625,140.13999938964844,140.52000427246094,139.4662322998047,31468900,0.0,0.0,141.28333536783853,4446031152.356974,yahoo
GOOGL,2024-02-20,139.66000366210938,142.0800018310547,139.49000549316406,141.1199951171875,140.0617218017578,25144700,0.0,0.0,140.89666748046875,3542804434.7961426,yahoo
GOOGL,2024-02-21,141.4499969482422,142.69000244140625,140.67999267578125,142.5500030517578,141.4810333251953,23223300,0.0,0.0,141.97333272298178,3297089297.8256226,yahoo
GOOGL,2024-02-22,144.92999267578125,145.0,142.8000030517578,144.08999633789062,143.0094451904297,27191900,0.0,0.0,143.9633331298828,3914636558.1344604,yahoo
GOOGL,2024-02-23,143.6699981689453,144.67999267578125,143.42999267578125,143.9600067138672,142.88043212890625,19493800,0.0,0.0,144.02333068847656,2807562003.7750244,yahoo
GOOGL,2024-02-26,142.13999938964844,142.44000244140625,137.38999938964844,137.57000732421875,136.53836059570312,53641800,0.0,0.0,139.13333638509116,7463362603.701783,yahoo
GOOGL,2024-02-27,138.02000427246094,139.25,137.08999633789062,138.8800048828125,137.8385467529297,33099200,0.0,0.0,138.40666707356772,4581149954.801433,yahoo
GOOGL,2024-02-28,137.89999389648438,138.00999450683594,135.41000366210938,136.3800048828125,135.35728454589844,37328600,0.0,0.0,136.6000010172526,5099086797.972615,yahoo
GOOGL,2024-02-29,137.27999877929688,138.86000061035156,136.39999389648438,138.4600067138672,137.4216766357422,42133000,0.0,0.0,137.90666707356772,5810421603.810629,yahoo
GOOGL,2024-03-01,138.42999267578125,138.8699951171875,136.9199981689453,137.13999938964844,136.111572265625,31151100,0.0,0.0,137.6433308919271,4287741164.9475102,yahoo
GOOGL,2024-03-04,135.66000366210938,135.66000366210938,131.91000366210938,133.35000610351562,132.35000610351562,55999400,0.0,0.0,133.64000447591147,7483760066.648356,yahoo
GOOGL,2024-03-05,131.8800048828125,133.24000549316406,130.6699981689453,132.6699981689453,131.67507934570312,40194800,0.0,0.0,132.1933339436849,5313484619.199626,yahoo
GOOGL,2024-03-06,133.1199951171875,133.5800018310547,130.85000610351562,131.39999389648438,130.4145965576172,35318600,0.0,0.0,131.9433339436849,4660053834.22343,yahoo
GOOGL,2024-03-07,132.7899932861328,134.94000244140625,131.61000061035156,134.3800048828125,133.37229919433594,37738200,0.0,0.0,133.6433359781901,5043458941.812134,yahoo
GOOGL,2024-03-08,134.2100067138672,138.08999633789062,134.0,135.41000366210938,134.39454650878906,39370400,0.0,0.0,135.83333333333334,5347812666.666667,yahoo
GOOGL,2024-03-11,136.1300048828125,139.10000610351562,136.1300048828125,137.6699981689453,136.63760375976562,32437800,0.0,0.0,137.63333638509116,4464522638.99231,yahoo
GOOGL,2024-03-12,137.02999877929688,139.3800048828125,137.02999877929688,138.5,137.4613800048828,27563400,0.0,0.0,138.30333455403647,3812110131.646729,yahoo
GOOGL,2024-03-13,139.0,141.08999633789062,138.99000549316406,139.7899932861328,138.74169921875,23347200,0.0,0.0,139.9566650390625,3267596250.0,yahoo
GOOGL,2024-03-14,141.19000244140625,143.58999633789062,140.4600067138672,143.10000610351562,142.0269012451172,42753400,0.0,0.0,142.38333638509116,6087371733.806356,yahoo
GOOGL,2024-03-15,142.5,143.17999267578125,140.02999877929688,141.17999267578125,140.1212615966797,49475400,0.0,0.0,141.46332804361978,6998954740.289307,yahoo
GOOGL,2024-03-18,148.61000061035156,152.14999389648438,147.1699981689453,147.67999267578125,146.5725555419922,69273700,0.0,0.0,148.99999491373697,10321780947.65574,yahoo
GOOGL,2024-03-19,148.16000366210938,148.7899932861328,146.0800018310547,147.02999877929688,145.9274139404297,24070400,0.0,0.0,147.29999796549478,3545569871.0286455,yahoo
GOOGL,2024-03-20,148.0,148.86000061035156,146.74000549316406,148.74000549316406,147.62460327148438,21311500,0.0,0.0,148.11333719889322,3156517385.714213,yahoo
GOOGL,2024-03-21,149.47000122070312,150.3699951171875,146.89999389648438,147.60000610351562,146.49314880371094,24755600,0.0,0.0,148.28999837239584,3671007883.7076826,yahoo
GOOGL,2024-03-22,149.1199951171875,151.5800018310547,148.97999572753906,150.77000427246094,149.63937377929688,29211800,0.0,0.0,150.4433339436849,4394720582.496135,yahoo
GOOGL,2024-03-25,149.94000244140625,150.3800048828125,147.82000732421875,150.07000732421875,148.94461059570312,19229300,0.0,0.0,149.42333984375,2873306228.857422,yahoo
GOOGL,2024-03-26,150.22000122070312,152.25999450683594,149.97999572753906,150.6699981689453,149.5401153564453,22149100,0.0,0.0,150.9699961344401,3343849541.381327,yahoo
GOOGL,2024-03-27,151.17999267578125,151.63999938964844,148.89999389648438,150.8699951171875,149.7386016845703,22879200,0.0,0.0,150.4699961344401,3442633135.559082,yahoo
GOOGL,2024-03-28,150.85000610351562,151.42999267578125,150.1699981689453,150.92999267578125,149.79815673828125,24485400,0.0,0.0,150.84332784016928,3693459219.4976807,yahoo
GOOGL,2024-04-01,150.69000244140625,155.74000549316406,150.61000061035156,155.49000549316406,154.32395935058594,31730800,0.0,0.0,153.94667053222656,4884851013.323975,yahoo
GOOGL,2024-04-02,153.5,154.6999969482422,152.14999389648438,154.55999755859375,153.40093994140625,24586000,0.0,0.0,153.80332946777344,3781408658.2946777,yahoo
GOOGL,2024-04-03,153.60000610351562,155.0800018310547,152.72999572753906,154.9199981689453,153.7582550048828,24705000,0.0,0.0,154.2433319091797,3810581514.816284,yahoo
GOOGL,2024-04-04,153.5,154.77000427246094,150.4499969482422,150.52999877929688,149.4011688232422,34724700,0.0,0.0,151.91666666666666,5275260675.0,yahoo
GOOGL,2024-04-05,150.02999877929688,153.4199981689453,149.60000610351562,152.5,151.3563995361328,23459200,0.0,0.0,151.84000142415366,3562044961.4095054,yahoo
GOOGL,2024-04-08,152.77999877929688,155.27000427246094,152.61000061035156,154.85000610351562,153.6887969970703,20702000,0.0,0.0,154.24333699544272,3193145562.4796553,yahoo
GOOGL,2024-04-09,156.08999633789062,158.55999755859375,155.19000244140625,156.60000610351562,155.42564392089844,31079500,0.0,0.0,156.78333536783853,4872747671.564737,yahoo
GOOGL,2024-04-10,156.2100067138672,156.61000061035156,154.67999267578125,156.13999938964844,154.9691162109375,22838600,0.0,0.0,155.80999755859375,3558482210.241699,yahoo
GOOGL,2024-04-11,156.91000366210938,159.67999267578125,156.4600067138672,159.41000366210938,158.21458435058594,27166400,0.0,0.0,158.51666768391928,4306327200.968425,yahoo
GOOGL,2024-04-12,157.9600067138672,160.22000122070312,157.13999938964844,157.72999572753906,156.5471954345703,25353700,0.0,0.0,158.36333211263022,4015096413.3839927,yahoo
GOOGL,2024-04-15,158.86000061035156,159.24000549316406,154.58999633789062,154.86000061035156,153.69869995117188,27136500,0.0,0.0,156.2300008138021,4239535417.0837407,yahoo
GOOGL,2024-04-16,154.19000244140625,155.64999389648438,153.42999267578125,154.39999389648438,153.2421417236328,20779500,0.0,0.0,154.49332682291666,3210294084.716797,yahoo
GOOGL,2024-04-17,155.6199951171875,157.0800018310547,154.5800018310547,155.47000122070312,154.3041229248047,21763100,0.0,0.0,155.71000162760416,3388732336.421712,yahoo
GOOGL,2024-04-18,155.33999633789062,156.94000244140625,154.6199951171875,156.00999450683594,154.84007263183594,19883000,0.0,0.0,155.8566640218099,3098898050.7456465,yahoo
GOOGL,2024-04-19,156.1999969482422,156.36000061035156,152.3000030517578,154.08999633789062,152.93447875976562,32615600,0.0,0.0,154.25,5030956300.0,yahoo
GOOGL,2024-04-22,154.30999755859375,157.63999938964844,154.05999755859375,156.27999877929688,155.1080322265625,26446200,0.0,0.0,155.9933319091797,4125430854.336548,yahoo
GOOGL,2024-04-23,156.9600067138672,158.97000122070312,156.27999877929688,158.25999450683594,157.0731964111328,21151600,0.0,0.0,157.83666483561197,3338497999.93693,yahoo
GOOGL,2024-04-24,157.49000549316406,159.57000732421875,157.1699981689453,159.1300048828125,157.93667602539062,22779100,0.0,0.0,158.6233367919922,3613296851.118469,yahoo
GOOGL,2024-04-25,151.3300018310547,156.49000549316406,150.8699951171875,156.0,154.8301544189453,57109700,0.0,0.0,154.45333353678384,8820783542.285664,yahoo
GOOGL,2024-04-26,174.3699951171875,174.7100067138672,169.64999389648438,171.9499969482422,170.66053771972656,64665300,0.0,0.0,172.10333251953125,11129113628.375244,yahoo
GOOGL,2024-04-29,169.05999755859375,169.5500030517578,165.2100067138672,166.14999389648438,164.90402221679688,45610000,0.0,0.0,166.97000122070312,7615501755.67627,yahoo
GOOGL,2024-04-30,165.61000061035156,168.10000610351562,162.60000610351562,162.77999877929688,161.55931091308594,33562900,0.0,0.0,164.49333699544272,5520873420.244345,yahoo
GOOGL,2024-05-01,164.3000030517578,167.1199951171875,163.08999633789062,163.86000061035156,162.63121032714844,33493200,0.0,0.0,164.68999735514322,5515995019.415283,yahoo
GOOGL,2024-05-02,164.7899932861328,166.72999572753906,163.88999938964844,166.6199951171875,165.37049865722656,24294500,0.0,0.0,165.74666341145834,4026732314.249675,yahoo
GOOGL,2024-05-03,167.55999755859375,167.9600067138672,163.0500030517578,167.24000549316406,165.98587036132812,34662400,0.0,0.0,166.08333841959634,5756847109.635416,yahoo
GOOGL,2024-05-06,167.4600067138672,168.13999938964844,166.02999877929688,168.10000610351562,166.8394317626953,21871300,0.0,0.0,167.42333475748697,3661765981.481425,yahoo
GOOGL,2024-05-07,168.5,171.75999450683594,168.38999938964844,171.25,169.9657745361328,28039700,0.0,0.0,170.46666463216147,4779834136.286418,yahoo
GOOGL,2024-05-08,169.0,170.14999389648438,168.74000549316406,169.3800048828125,168.1098175048828,19569100,0.0,0.0,169.42333475748697,3315462180.2027383,yahoo
GOOGL,2024-05-09,169.38999938964844,170.69000244140625,168.17999267578125,169.9600067138672,168.6854705810547,15346700,0.0,0.0,169.61000061035156,2602953796.3668823,yahoo
GOOGL,2024-05-10,168.02999877929688,169.85000610351562,166.19000244140625,168.64999389648438,167.38526916503906,29799900,0.0,0.0,168.2300008138021,5013237201.251221,yahoo
GOOGL,2024-05-13,164.25999450683594,169.27999877929688,164.0,169.13999938964844,167.8716278076172,31327600,0.0,0.0,167.47333272298178,5246537578.212484,yahoo
GOOGL,2024-05-14,169.77000427246094,171.25,168.8000030517578,170.33999633789062,169.06260681152344,25127100,0.0,0.0,170.12999979654947,4274873517.8878784,yahoo
GOOGL,2024-05-15,170.6300048828125,172.64999389648438,170.50999450683594,172.50999450683594,171.21632385253906,26948400,0.0,0.0,171.8899943033854,4632160322.485352,yahoo
GOOGL,2024-05-16,173.2899932861328,175.1199951171875,172.69000244140625,174.17999267578125,172.87380981445312,27867900,0.0,0.0,173.99666341145834,4848921616.28418,yahoo
GOOGL,2024-05-17,174.17999267578125,176.27000427246094,173.69000244140625,176.05999755859375,174.73971557617188,24479300,0.0,0.0,175.34000142415366,4292200496.8622847,yahoo
GOOGL,2024-05-20,176.19000244140625,178.77000427246094,176.0800018310547,176.9199981689453,175.59327697753906,22554400,0.0,0.0,177.2566680908203,3997917794.7875977,yahoo
GOOGL,2024-05-21,176.89999389648438,178.14999389648438,175.80999755859375,177.85000610351562,176.5162811279297,16989400,0.0,0.0,177.2699991861979,3011710924.1739907,yahoo
GOOGL,2024-05-22,176.63999938964844,177.14999389648438,175.2100067138672,176.3800048828125,175.0573272705078,17880000,0.0,0.0,176.24666849772134,3151290432.739258,yahoo
GOOGL,2024-05-23,177.07000732421875,178.25,172.9499969482422,173.5500030517578,172.24855041503906,21024900,0.0,0.0,174.91666666666666,3677605425.0,yahoo
GOOGL,2024-05-24,174.97999572753906,175.77000427246094,173.64999389648438,174.99000549316406,173.67776489257812,16579400,0.0,0.0,174.80333455403647,2898134404.9051924,yahoo
GOOGL,2024-05-28,174.4499969482422,177.27000427246094,174.3699951171875,176.39999389648438,175.07717895507812,20572200,0.0,0.0,176.0133310953776,3620981449.960327,yahoo
GOOGL,2024-05-29,175.42999267578125,176.83999633789062,174.72000122070312,175.89999389648438,174.58090209960938,23388700,0.0,0.0,175.81999715169272,4112201167.3817954,yahoo
GOOGL,2024-05-30,175.1999969482422,175.22000122070312,171.7899932861328,172.11000061035156,170.81935119628906,22931500,0.0,0.0,173.03999837239584,3968066722.676595,yahoo
GOOGL,2024-05-31,171.86000061035156,173.05999755859375,169.44000244140625,172.5,171.20640563964844,37638900,0.0,0.0,171.66666666666666,6461344500.0,yahoo
GOOGL,2024-06-03,172.5399932861328,174.52999877929688,171.16000366210938,173.1699981689453,171.8713836669922,27459100,0.0,0.0,172.95333353678384,4749142880.919901,yahoo
GOOGL,2024-06-04,173.27999877929688,173.85000610351562,171.88999938964844,173.7899932861328,172.4867401123047,26879600,0.0,0.0,173.17666625976562,4654919518.395996,yahoo
GOOGL,2024-06-05,175.1999969482422,176.64999389648438,173.92999267578125,175.41000366210938,174.09458923339844,22068500,0.0,0.0,175.32999674479166,3869270033.1624346,yahoo
GOOGL,2024-06-06,175.89999389648438,177.14999389648438,175.75,176.72999572753906,175.40467834472656,23251000,0.0,0.0,176.54332987467447,4104808962.916056,yahoo
GOOGL,2024-06-07,177.0500030517578,177.8699951171875,174.3000030517578,174.4600067138672,173.15171813964844,19661400,0.0,0.0,175.5433349609375,3451427726.0009766,yahoo
GOOGL,2024-06-10,174.97000122070312,177.05999755859375,172.75999450683594,175.00999450683594,173.8969268798828,23726700,0.2,0.0,174.94332885742188,4150827880.8013916,yahoo
GOOGL,2024-06-11,176.22000122070312,176.83999633789062,173.77000427246094,176.6199951171875,175.49668884277344,21540600,0.0,0.0,175.7433319091797,3785616815.322876,yahoo
GOOGL,2024-06-12,178.25,180.41000366210938,176.11000061035156,177.7899932861328,176.65924072265625,27864700,0.0,0.0,178.10333251953125,4962795929.656982,yahoo
GOOGL,2024-06-13,176.11000061035156,176.74000549316406,174.8800048828125,175.16000366210938,174.0459747314453,20913300,0.0,0.0,175.5933380126953,3672236155.860901,yahoo
GOOGL,2024-06-14,174.22000122070312,177.05999755859375,174.14999389648438,176.7899932861328,175.66561889648438,18063600,0.0,0.0,175.99999491373697,3179193508.1237793,yahoo
GOOGL,2024-06-17,175.4600067138672,178.36000061035156,174.80999755859375,177.24000549316406,176.1127471923828,19618500,0.0,0.0,176.80333455403647,3468616218.9483643,yahoo
GOOGL,2024-06-18,177.13999938964844,177.38999938964844,174.10000610351562,175.08999633789062,173.97642517089844,21869900,0.0,0.0,175.52666727701822,3838750660.6816607,yahoo
GOOGL,2024-06-20,175.3699951171875,177.2899932861328,174.99000549316406,176.3000030517578,175.17874145507812,20160100,0.0,0.0,176.1933339436849,3552075231.638082,yahoo
GOOGL,2024-06-21,177.0,180.85000610351562,176.61000061035156,179.6300048828125,178.48756408691406,57759000,0.0,0.0,179.0300038655599,10340593993.270874,yahoo
GOOGL,2024-06-24,180.16000366210938,180.88999938964844,178.6699981689453,179.22000122070312,178.0801544189453,18298000,0.0,0.0,179.59333292643228,3286198805.887858,yahoo
GOOGL,2024-06-25,179.6199951171875,184.2899932861328,179.4199981689453,184.02999877929688,182.8595733642578,23130200,0.0,0.0,182.57999674479166,4223111840.70638,yahoo
GOOGL,2024-06-26,182.6300048828125,184.50999450683594,182.47999572753906,183.8800048828125,182.7105255126953,19839000,0.0,0.0,183.62333170572916,3642903277.709961,yahoo
GOOGL,2024-06-27,184.17999267578125,186.0500030517578,184.02000427246094,185.41000366210938,184.2307891845703,18848900,0.0,0.0,185.16000366210938,3490062393.0267334,yahoo
GOOGL,2024-06-28,184.32000732421875,185.1300048828125,181.9600067138672,182.14999389648438,180.99151611328125,29156600,0.0,0.0,183.0800018310547,5337990381.387329,yahoo
GOOGL,2024-07-01,183.02999877929688,183.8800048828125,181.3000030517578,182.99000549316406,181.82618713378906,16006100,0.0,0.0,182.72333780924478,2924688017.3085527,yahoo
GOOGL,2024-07-02,182.0500030517578,185.57000732421875,181.55999755859375,185.24000549316406,184.06187438964844,17372500,0.0,0.0,184.1233367919922,3198682668.4188843,yahoo
GOOGL,2024-07-03,184.85000610351562,186.08999633789062,184.0,185.82000732421875,184.63819885253906,10242100,0.0,0.0,185.30333455403647,1897895282.835897,yahoo
GOOGL,2024-07-05,185.86000061035156,190.86000061035156,185.8000030517578,190.60000610351562,189.38778686523438,20967500,0.0,0.0,189.086669921875,3964674751.586914,yahoo
GOOGL,2024-07-08,189.89999389648438,190.1699981689453,187.77999877929688,189.02999877929688,187.8277587890625,21035900,0.0,0.0,188.9933319091797,3975644830.708313,yahoo
GOOGL,2024-07-09,190.30999755859375,191.36000061035156,188.72000122070312,188.97999572753906,187.77809143066406,15121400,0.0,0.0,189.6866658528646,2868327949.027507,yahoo
GOOGL,2024-07-10,189.14999389648438,191.75,189.02999877929688,191.17999267578125,189.96409606933594,15952500,0.0,0.0,190.65333048502603,3041397254.562378,yahoo
GOOGL,2024-07-11,189.85000610351562,190.86000061035156,185.0800018310547,185.57000732421875,184.38978576660156,25625800,0.0,0.0,187.17000325520834,4796381069.417318,yahoo
GOOGL,2024-07-12,185.0800018310547,187.11000061035156,184.49000549316406,185.07000732421875,183.89297485351562,22898400,0.0,0.0,185.55667114257812,4248950878.491211,yahoo
GOOGL,2024-07-15,184.9199981689453,188.24000549316406,184.9199981689453,186.52999877929688,185.3436737060547,16474000,0.0,0.0,186.5633341471354,3073444366.7399087,yahoo
GOOGL,2024-07-16,187.36000061035156,188.67999267578125,183.3699951171875,183.9199981689453,182.75025939941406,18290700,0.0,0.0,185.32332865397134,3389693407.411194,yahoo
GOOGL,2024-07-17,182.97000122070312,183.5500030517578,179.89999389648438,181.02000427246094,179.8686981201172,20734100,0.0,0.0,181.49000040690103,3763031817.4367266,yahoo
GOOGL,2024-07-18,181.92999267578125,182.5,176.47000122070312,177.69000244140625,176.55990600585938,25315700,0.0,0.0,178.88666788736978,4528641218.236287,yahoo
GOOGL,2024-07-19,178.8800048828125,180.2899932861328,177.1300048828125,177.66000366210938,176.53009033203125,18881900,0.0,0.0,178.36000061035156,3367775695.524597,yahoo
GOOGL,2024-07-22,180.58999633789062,182.6999969482422,180.22999572753906,181.6699981689453,180.51458740234375,24100300,0.0,0.0,181.53333028157553,4375007719.785055,yahoo
GOOGL,2024-07-23,182.0500030517578,183.61000061035156,181.5399932861328,181.7899932861328,180.63381958007812,36352700,0.0,0.0,182.3133290608724,6627581757.351176,yahoo
GOOGL,2024-07-24,173.60000610351562,176.19000244140625,171.82000732421875,172.6300048828125,171.53207397460938,49585200,0.0,0.0,173.54667154947916,8605346418.115234,yahoo
GOOGL,2024-07-25,172.52000427246094,173.4199981689453,167.19000244140625,167.27999877929688,166.2161102294922,44852000,0.0,0.0,169.29666646321616,7593294084.208171,yahoo
GOOGL,2024-07-26,167.14999389648438,168.08999633789062,164.05999755859375,167.0,165.93788146972656,41336900,0.0,0.0,166.38333129882812,6877771127.566528,yahoo
GOOGL,2024-07-29,168.8300018310547,170.42999267578125,167.99000549316406,169.52999877929688,168.45181274414062,20293800,0.0,0.0,169.31666564941406,3436078549.356079,yahoo
GOOGL,2024-07-30,170.24000549316406,171.22999572753906,168.44000244140625,170.2899932861328,169.20693969726562,18959700,0.0,0.0,169.98666381835938,3222896149.9969482,yahoo
GOOGL,2024-07-31,173.24000549316406,174.25,170.00999450683594,171.5399932861328,170.44900512695312,25729100,0.0,0.0,171.9333292643229,4423689821.97469,yahoo
GOOGL,2024-08-01,170.25,174.0500030517578,168.8800048828125,170.75999450683594,169.67396545410156,24531400,0.0,0.0,171.2300008138021,4200511641.9637046,yahoo
GOOGL,2024-08-02,166.44000244140625,168.50999450683594,164.6699981689453,166.66000366210938,165.60003662109375,29130100,0.0,0.0,166.61333211263022,4853463025.77413,yahoo
GOOGL,2024-08-05,155.5,164.42999267578125,154.92999267578125,159.25,158.23719787597656,53630700,0.0,0.0,159.53666178385416,8556062847.131347,yahoo
GOOGL,2024-08-06,159.3300018310547,160.57000732421875,156.41000366210938,158.2899932861328,157.2832794189453,49004600,0.0,0.0,158.42333475748697,7763472150.456746,yahoo
GOOGL,2024-08-07,161.25,162.97999572753906,158.47000122070312,158.94000244140625,157.9291534423828,25138600,0.0,0.0,160.12999979654947,4025444012.8855386,yahoo
GOOGL,2024-08-08,160.50999450683594,163.69000244140625,160.2100067138672,162.02999877929688,160.99948120117188,25578800,0.0,0.0,161.97666931152344,4143168828.9855957,yahoo
GOOGL,2024-08-09,160.00999450683594,163.7899932861328,159.05999755859375,163.6699981689453,162.62905883789062,28602300,0.0,0.0,162.17332967122397,4638530227.255249,yahoo
GOOGL,2024-08-12,164.35000610351562,164.89999389648438,161.83999633789062,162.2899932861328,161.25782775878906,15895300,0.0,0.0,163.00999450683594,2591092765.6845093,yahoo
GOOGL,2024-08-13,163.41000366210938,164.72999572753906,162.97000122070312,164.16000366210938,163.11593627929688,18551700,0.0,0.0,163.95333353678384,3041613057.774353,yahoo
GOOGL,2024-08-14,162.39999389648438,163.22000122070312,157.7100067138672,160.3699951171875,159.3500213623047,40591100,0.0,0.0,160.43333435058594,6512165517.958069,yahoo
GOOGL,2024-08-15,160.5,161.63999938964844,159.61000061035156,161.3000030517578,160.27413940429688,31524300,0.0,0.0,160.8500010172526,5070683687.068176,yahoo
GOOGL,2024-08-16,161.47000122070312,165.05999755859375,161.1300048828125,162.9600067138672,161.923583984375,24208600,0.0,0.0,163.0500030517578,3947212303.878784,yahoo
GOOGL,2024-08-19,165.27999877929688,166.69000244140625,164.25999450683594,166.6699981689453,165.6099853515625,22416200,0.0,0.0,165.87333170572916,3718249778.181966,yahoo
GOOGL,2024-08-20,166.89999389648438,168.63999938964844,166.82000732421875,167.17999267578125,166.11672973632812,18341500,0.0,0.0,167.54666646321616,3073057182.935079,yahoo
GOOGL,2024-08-21,165.14999389648438,166.85000610351562,164.6699981689453,165.85000610351562,164.7952117919922,22902000,0.0,0.0,165.79000345865884,3796922659.210205,yahoo
GOOGL,2024-08-22,167.25999450683594,167.58999633789062,163.30999755859375,163.8000030517578,162.7582244873047,22493300,0.0,0.0,164.8999989827474,3709145147.1186323,yahoo
GOOGL,2024-08-23,164.72000122070312,166.17999267578125,163.8300018310547,165.6199951171875,164.566650390625,13955700,0.0,0.0,165.20999654134116,2305621148.7319946,yahoo
GOOGL,2024-08-26,166.3800048828125,167.5500030517578,164.4600067138672,166.16000366210938,165.10321044921875,14190400,0.0,0.0,166.05667114257812,2356410586.1816406,yahoo
GOOGL,2024-08-27,165.83999633789062,166.44000244140625,164.4600067138672,164.67999267578125,163.63262939453125,11821900,0.0,0.0,165.1933339436849,1952899074.5488486,yahoo
GOOGL,2024-08-28,165.0399932861328,165.60000610351562,161.52999877929688,162.85000610351562,161.81430053710938,16407400,0.0,0.0,163.32667032877603,2679766010.75236,yahoo
GOOGL,2024-08-29,164.30999755859375,165.97000122070312,160.25,161.77999877929688,160.75108337402344,19699800,0.0,0.0,162.66666666666666,3204500800.0,yahoo
GOOGL,2024-08-30,162.6199951171875,163.66000366210938,161.69000244140625,163.3800048828125,162.34092712402344,22123800,0.0,0.0,162.91000366210938,3604188339.0197754,yahoo
GOOGL,2024-09-03,161.72000122070312,161.85000610351562,156.47999572753906,157.36000061035156,156.3592071533203,38945300,0.0,0.0,158.5633341471354,6175296617.360433,yahoo
GOOGL,2024-09-04,156.66000366210938,159.0,155.9600067138672,156.4499969482422,155.45497131347656,19353800,0.0,0.0,157.13666788736978,3041191642.958577,yahoo
GOOGL,2024-09-05,156.3000030517578,159.4499969482422,155.97999572753906,157.24000549316406,156.23995971679688,18688700,0.0,0.0,157.5566660563151,2944529264.926656,yahoo
GOOGL,2024-09-06,157.3000030517578,157.8300018310547,150.5500030517578,150.9199981689453,149.9601593017578,37912100,0.0,0.0,153.1000010172526,5804342548.566182,yahoo
GOOGL,2024-09-09,152.50999450683594,153.39999389648438,147.22000122070312,148.7100067138672,147.96026611328125,39260500,0.2,0.0,149.77666727701822,5880306845.629374,yahoo
GOOGL,2024-09-10,150.4499969482422,151.27000427246094,148.33999633789062,148.66000366210938,147.9105224609375,31118800,0.0,0.0,149.42333475748697,4649874869.651285,yahoo
GOOGL,2024-09-11,149.9199981689453,151.5,147.52000427246094,151.16000366210938,150.39793395996094,29607700,0.0,0.0,150.06000264485678,4442931540.308126,yahoo
GOOGL,2024-09-12,153.8000030517578,154.82000732421875,152.64999389648438,154.69000244140625,153.91014099121094,29621500,0.0,0.0,154.05333455403647,4563290849.492392,yahoo
GOOGL,2024-09-13,155.42999267578125,158.3800048828125,155.2100067138672,157.4600067138672,156.6661834716797,29591200,0.0,0.0,157.01667277018228,4646311767.277018,yahoo
GOOGL,2024-09-16,157.30999755859375,158.25,156.60000610351562,158.05999755859375,157.2631378173828,18379800,0.0,0.0,157.63666788736978,2897330428.4362793,yahoo
GOOGL,2024-09-17,159.02000427246094,160.5500030517578,158.3800048828125,159.32000732421875,158.5167999267578,20715600,0.0,0.0,159.4166717529297,3302412005.36499,yahoo
GOOGL,2024-09-18,159.86000061035156,160.5,158.60000610351562,159.80999755859375,159.0043487548828,23677300,0.0,0.0,159.63666788736978,3779765276.5696206,yahoo
GOOGL,2024-09-19,163.7100067138672,163.7899932861328,161.33999633789062,162.13999938964844,161.32257080078125,26587700,0.0,0.0,162.42332967122397,4318462762.299602,yahoo
GOOGL,2024-09-20,163.5,163.72999572753906,162.05999755859375,163.58999633789062,162.76527404785156,40896400,0.0,0.0,163.1266632080078,6671293269.219971,yahoo
GOOGL,2024-09-23,164.35000610351562,165.49000549316406,161.6699981689453,161.85000610351562,161.03404235839844,24150900,0.0,0.0,163.00333658854166,3936677281.616211,yahoo
GOOGL,2024-09-24,163.02999877929688,163.22000122070312,160.69000244140625,162.2899932861328,161.47181701660156,23332100,0.0,0.0,162.06666564941406,3781355649.598694,yahoo
GOOGL,2024-09-25,161.47000122070312,162.80999755859375,161.3000030517578,161.49000549316406,160.67584228515625,18869200,0.0,0.0,161.86666870117188,3054294545.0561523,yahoo
GOOGL,2024-09-26,163.63999938964844,164.0800018310547,162.27999877929688,162.72999572753906,161.9095916748047,20319300,0.0,0.0,163.02999877929688,3312655454.196167,yahoo
GOOGL,2024-09-27,162.80999755859375,165.6999969482422,162.6300048828125,163.9499969482422,163.1234588623047,21101300,0.0,0.0,164.09333292643228,3462582646.0805254,yahoo
GOOGL,2024-09-30,163.32000732421875,166.14999389648438,163.25999450683594,165.85000610351562,165.01388549804688,20413900,0.0,0.0,165.08666483561197,3370062667.287699,yahoo
GOOGL,2024-10-01,167.69000244140625,169.16000366210938,164.5800018310547,166.99000549316406,166.14813232421875,28338100,0.0,0.0,166.91000366210938,4729912374.777222,yahoo
GOOGL,2024-10-02,166.4199981689453,167.52000427246094,164.72999572753906,165.86000061035156,165.02383422851562,17760200,0.0,0.0,166.0366668701172,2948844410.9466553,yahoo
GOOGL,2024-10-03,164.41000366210938,166.63999938964844,163.9199981689453,165.86000061035156,165.02383422851562,15073100,0.0,0.0,165.47333272298178,2494196091.466777,yahoo
GOOGL,2024-10-04,168.05999755859375,168.22999572753906,165.47999572753906,167.05999755859375,166.21778869628906,19047400,0.0,0.0,166.92332967122397,3179455429.5796714,yahoo
GOOGL,2024-10-07,167.72000122070312,168.47999572753906,162.75,162.97999572753906,162.15834045410156,22463100,0.0,0.0,164.73666381835938,3700496153.0181885,yahoo
GOOGL,2024-10-08,163.94000244140625,164.72999572753906,162.8699951171875,164.3800048828125,163.55130004882812,23072700,0.0,0.0,163.9933319091797,3783768949.14093,yahoo
GOOGL,2024-10-09,163.4499969482422,164.83999633789062,159.74000549316406,161.86000061035156,161.0439910888672,31181800,0.0,0.0,162.14666748046875,5056024956.04248,yahoo
GOOGL,2024-10-10,160.8699951171875,163.07000732421875,160.39999389648438,162.0800018310547,161.26287841796875,14144100,0.0,0.0,161.8500010172526,2289222599.3881226,yahoo
GOOGL,2024-10-11,162.1300048828125,163.89999389648438,161.24000549316406,163.24000549316406,162.4170379638672,15344300,0.0,0.0,162.7933349609375,2497949769.6411133,yahoo
GOOGL,2024-10-14,163.63999938964844,166.22999572753906,163.39999389648438,164.9600067138672,164.1283721923828,19016100,0.0,0.0,164.86333211263022,3135057609.7869873,yahoo
GOOGL,2024-10-15,165.7899932861328,167.67999267578125,164.6300048828125,165.4600067138672,164.62583923339844,20247200,0.0,0.0,165.92333475748697,3359482943.50179,yahoo
GOOGL,2024-10-16,164.52999877929688,165.8000030517578,163.74000549316406,165.16000366210938,164.32736206054688,16406000,0.0,0.0,164.9000040690104,2705349466.7561846,yahoo
GOOGL,2024-10-17,165.72999572753906,166.3699951171875,162.75999450683594,162.92999267578125,162.10858154296875,21453400,0.0,0.0,164.0199940999349,3518786541.4235435,yahoo
GOOGL,2024-10-18,163.19000244140625,164.7100067138672,163.0800018310547,163.4199981689453,162.59613037109375,19757700,0.0,0.0,163.7366689046224,3235059983.216858,yahoo
GOOGL,2024-10-21,162.9499969482422,164.5,162.6199951171875,164.07000732421875,163.24285888671875,20946500,0.0,0.0,163.7300008138021,3429570462.0463057,yahoo
GOOGL,2024-10-22,162.97999572753906,165.77000427246094,162.97999572753906,165.13999938964844,164.3074493408203,16568100,0.0,0.0,164.62999979654947,2727606299.6292114,yahoo
GOOGL,2024-10-23,164.75999450683594,165.82000732421875,161.92999267578125,162.77999877929688,161.9593505859375,18280500,0.0,0.0,163.50999959309897,2989044547.5616455,yahoo
GOOGL,2024-10-24,162.8300018310547,163.3300018310547,161.00999450683594,162.72000122070312,161.899658203125,22412500,0.0,0.0,162.35333251953125,3638744065.093994,yahoo
GOOGL,2024-10-25,163.6699981689453,165.58999633789062,163.4199981689453,165.27000427246094,164.43679809570312,19828900,0.0,0.0,164.75999959309897,3267009555.9316,yahoo
GOOGL,2024-10-28,168.75,168.75,163.9499969482422,166.72000122070312,165.87948608398438,32138600,0.0,0.0,166.47333272298178,5350219851.050822,yahoo
GOOGL,2024-10-29,167.72999572753906,170.3800048828125,167.08999633789062,169.67999267578125,168.82455444335938,42169000,0.0,0.0,169.04999796549478,7128669364.206949,yahoo
GOOGL,2024-10-30,180.67999267578125,182.02000427246094,174.05999755859375,174.4600067138672,173.58045959472656,68890800,0.0,0.0,176.84666951497397,12183108540.222168,yahoo
GOOGL,2024-10-31,173.1300048828125,176.82000732421875,171.0,171.11000061035156,170.2473602294922,44769000,0.0,0.0,172.97666931152344,7743992508.407593,yahoo
GOOGL,2024-11-01,170.07000732421875,172.32000732421875,168.8800048828125,171.2899932861328,170.4264373779297,31796500,0.0,0.0,170.8300018310547,5431796153.22113,yahoo
GOOGL,2024-11-04,169.92999267578125,170.72999572753906,168.00999450683594,169.24000549316406,168.3867950439453,21492700,0.0,0.0,169.32666524251303,3639287218.05776,yahoo
GOOGL,2024-11-05,169.42999267578125,170.52999877929688,168.83999633789062,169.74000549316406,168.88426208496094,18242100,0.0,0.0,169.70333353678384,3095745180.7113647,yahoo
GOOGL,2024-11-06,173.8000030517578,176.94000244140625,173.5,176.50999450683594,175.62014770507812,33695500,0.0,0.0,175.6499989827474,5918614540.7231655,yahoo
GOOGL,2024-11-07,177.41000366210938,181.0800018310547,177.19000244140625,180.75,179.83877563476562,25352900,0.0,0.0,179.67333475748697,4555240088.773091,yahoo
GOOGL,2024-11-08,180.64999389648438,180.89999389648438,178.0800018310547,178.35000610351562,177.4508514404297,22006200,0.0,0.0,179.11000061035156,3941530495.4315186,yahoo
GOOGL,2024-11-11,178.5800018310547,180.5500030517578,178.47000122070312,180.35000610351562,179.44078063964844,17450400,0.0,0.0,179.79000345865884,3137407476.3549805,yahoo
GOOGL,2024-11-12,179.82000732421875,182.49000549316406,179.38999938964844,181.6199951171875,180.70436096191406,25134900,0.0,0.0,181.16666666666666,4553606050.0,yahoo
GOOGL,2024-11-13,180.4600067138672,180.9600067138672,178.5399932861328,178.8800048828125,177.97817993164062,23184000,0.0,0.0,179.46000162760416,4160600677.734375,yahoo
GOOGL,2024-11-14,178.27999877929688,178.82000732421875,174.32000732421875,175.5800018310547,174.69480895996094,31007500,0.0,0.0,176.24000549316406,5464761970.329285,yahoo
GOOGL,2024-11-15,173.72999572753906,174.13999938964844,171.22000122070312,172.49000549316406,171.6204071044922,32504600,0.0,0.0,172.61666870117188,5610835769.464111,yahoo
GOOGL,2024-11-18,173.4199981689453,175.44000244140625,172.89999389648438,175.3000030517578,174.41622924804688,20135300,0.0,0.0,174.54666646321616,3514549493.2367964,yahoo
GOOGL,2024-11-19,173.72000122070312,178.8699951171875,173.55999755859375,178.1199951171875,177.22201538085938,23434900,0.0,0.0,176.8499959309896,4144461969.643148,yahoo
GOOGL,2024-11-20,177.33999633789062,177.67999267578125,173.77999877929688,175.97999572753906,175.09278869628906,18997100,0.0,0.0,175.8133290608724,3339943393.5022993,yahoo
GOOGL,2024-11-21,173.89999389648438,174.1300048828125,163.6999969482422,167.6300048828125,166.784912109375,59734400,0.0,0.0,168.4866689046224,10064450075.016277,yahoo
GOOGL,2024-11-22,165.85000610351562,166.4600067138672,163.89999389648438,164.75999450683594,163.9293670654297,38604600,0.0,0.0,165.03999837239584,6371303121.166992,yahoo
GOOGL,2024-11-25,166.08999633789062,168.6300048828125,165.61000061035156,167.64999389648438,166.80477905273438,33135300,0.0,0.0,167.29666646321616,5543425232.258606,yahoo
GOOGL,2024-11-26,167.6300048828125,169.82000732421875,167.5800018310547,169.1199951171875,168.26739501953125,20486700,0.0,0.0,168.84000142415366,3458974457.1762085,yahoo
GOOGL,2024-11-27,169.0,169.47999572753906,168.02000427246094,169.22999572753906,168.3768310546875,19266500,0.0,0.0,168.90999857584634,3254304487.5615435,yahoo
GOOGL,2024-11-29,168.5,169.42999267578125,167.16000366210938,168.9499969482422,168.09825134277344,14257200,0.0,0.0,168.5133310953776,2402528264.0930176,yahoo
GOOGL,2024-12-02,168.77000427246094,172.0800018310547,168.57000732421875,171.49000549316406,170.6254425048828,23789100,0.0,0.0,170.71333821614584,4061116674.157715,yahoo
GOOGL,2024-12-03,171.49000549316406,172.67999267578125,170.85000610351562,171.33999633789062,170.47618103027344,22248700,0.0,0.0,171.62333170572916,3818396020.1212564,yahoo
GOOGL,2024-12-04,171.14999389648438,174.91000366210938,171.05999755859375,174.3699951171875,173.4909210205078,31615100,0.0,0.0,173.44666544596353,5483533672.740682,yahoo
GOOGL,2024-12-05,175.36000061035156,176.05999755859375,172.3300018310547,172.63999938964844,171.76963806152344,21356200,0.0,0.0,173.67666625976562,3709073619.9768066,yahoo
GOOGL,2024-12-06,172.02999877929688,175.0800018310547,171.86000061035156,174.7100067138672,173.8292236328125,21462400,0.0,0.0,173.88333638509116,3731953718.8313804,yahoo
GOOGL,2024-12-09,173.9600067138672,176.25999450683594,173.64999389648438,175.3699951171875,174.6858673095703,25389600,0.2,0.0,175.09332784016928,4445549556.530762,yahoo
GOOGL,2024-12-10,182.85000610351562,186.36000061035156,181.0500030517578,185.1699981689453,184.44761657714844,54813000,0.0,0.0,184.1933339436849,10096189213.4552,yahoo
GOOGL,2024-12-11,185.30999755859375,195.61000061035156,184.85000610351562,195.39999389648438,194.63771057128906,67894100,0.0,0.0,191.95333353678384,13032498822.479755,yahoo
GOOGL,2024-12-12,195.0,195.17999267578125,191.7100067138672,191.9600067138672,191.2111358642578,34817500,0.0,0.0,192.95000203450522,6718036695.836386,yahoo
GOOGL,2024-12-13,191.00999450683594,192.72999572753906,189.63999938964844,189.82000732421875,189.07948303222656,25143500,0.0,0.0,190.7300008138021,4795619775.461833,yahoo
GOOGL,2024-12-16,192.8699951171875,199.0,192.6199951171875,196.66000366210938,195.89279174804688,44934900,0.0,0.0,196.09333292643228,8811434305.715942,yahoo
GOOGL,2024-12-17,197.25,201.4199981689453,194.97999572753906,195.4199981689453,194.65762329101562,43504000,0.0,0.0,197.27333068847656,8582178978.271484,yahoo
GOOGL,2024-12-18,195.22000122070312,197.0,187.74000549316406,188.39999389648438,187.66500854492188,34166100,0.0,0.0,191.04666646321616,6527319511.048889,yahoo
GOOGL,2024-12-19,191.6300048828125,193.02999877929688,188.3800048828125,188.50999450683594,187.77459716796875,32265200,0.0,0.0,189.97333272298178,6129527574.973552,yahoo
GOOGL,2024-12-20,185.77999877929688,192.88999938964844,185.22000122070312,191.41000366210938,190.66326904296875,63462900,0.0,0.0,189.84000142415366,12047797026.38092,yahoo
GOOGL,2024-12-23,192.6199951171875,195.10000610351562,190.14999389648438,194.6300048828125,193.8707275390625,25675000,0.0,0.0,193.2933349609375,4962806375.12207,yahoo
GOOGL,2024-12-24,194.83999633789062,196.11000061035156,193.77999877929688,196.11000061035156,195.34495544433594,10403300,0.0,0.0,195.33333333333334,2032111266.6666667,yahoo
GOOGL,2024-12-26,195.14999389648438,196.75,194.3800048828125,195.60000610351562,194.83694458007812,12046600,0.0,0.0,195.57667032877603,2356033916.7826333,yahoo
GOOGL,2024-12-27,194.9499969482422,195.32000732421875,190.64999389648438,192.75999450683594,192.00799560546875,18891400,0.0,0.0,192.90999857584634,3644339947.0957437,yahoo
GOOGL,2024-12-30,189.8000030517578,192.5500030517578,189.1199951171875,191.24000549316406,190.4939422607422,14264700,0.0,0.0,190.97000122070312,2724129776.412964,yahoo
GOOGL,2024-12-31,191.0800018310547,191.9600067138672,188.50999450683594,189.3000030517578,188.5615234375,17466900,0.0,0.0,189.92333475748697,3317371895.8755493,yahoo
GOOGL,2025-01-02,190.64999389648438,192.0,187.5,189.42999267578125,188.6909942626953,20370800,0.0,0.0,189.6433308919271,3863186364.9332685,yahoo
GOOGL,2025-01-03,191.3699951171875,193.2100067138672,189.97999572753906,191.7899932861328,191.04177856445312,18596200,0.0,0.0,191.65999857584634,3564147665.516154,yahoo
GOOGL,2025-01-06,193.97999572753906,198.22000122070312,193.85000610351562,196.8699951171875,196.1019744873047,29563600,0.0,0.0,196.3133341471354,5803728885.392252,yahoo
GOOGL,2025-01-07,197.11000061035156,201.0,194.60000610351562,195.49000549316406,194.7273712158203,26487200,0.0,0.0,197.0300038655599,5218773118.387858,yahoo
GOOGL,2025-01-08,192.57000732421875,196.2899932861328,192.3800048828125,193.9499969482422,193.193359375,24864800,0.0,0.0,194.2066650390625,4828909884.863281,yahoo
GOOGL,2025-01-10,194.3000030517578,196.52000427246094,190.30999755859375,192.0399932861328,191.2908172607422,26665200,0.0,0.0,192.9566650390625,5145228064.599609,yahoo
GOOGL,2025-01-13,190.07000732421875,191.17999267578125,187.36000061035156,191.00999450683594,190.2648468017578,21823700,0.0,0.0,189.8499959309896,4143229356.1991377,yahoo
GOOGL,2025-01-14,191.24000549316406,191.97999572753906,188.30999755859375,189.66000366210938,188.92010498046875,17174900,0.0,0.0,189.98333231608072,3262944734.1954546,yahoo
GOOGL,2025-01-15,193.08999633789062,196.36000061035156,191.86000061035156,195.5500030517578,194.78712463378906,21776000,0.0,0.0,194.59000142415366,4237391871.01237,yahoo
GOOGL,2025-01-16,194.13999938964844,195.47999572753906,192.80999755859375,192.91000366210938,192.15744018554688,17815400,0.0,0.0,193.73333231608072,3451436808.5439043,yahoo
GOOGL,2025-01-17,196.52999877929688,197.22999572753906,193.75,196.0,195.23536682128906,27735100,0.0,0.0,195.65999857584634,5426649626.500956,yahoo
GOOGL,2025-01-21,199.07000732421875,202.2899932861328,197.8699951171875,198.0500030517578,197.27737426757812,29971300,0.0,0.0,199.40333048502603,5976377038.96586,yahoo
GOOGL,2025-01-22,199.05999755859375,200.47999572753906,197.52999877929688,198.3699951171875,197.5961151123047,26200600,0.0,0.0,198.79332987467447,5208504518.7143955,yahoo
GOOGL,2025-01-23,198.13999938964844,200.3000030517578,195.1999969482422,197.97999572753906,197.2076416015625,26951400,0.0,0.0,197.82666524251303,5331705585.617065,yahoo
GOOGL,2025-01-24,198.10000610351562,200.89999389648438,198.0,200.2100067138672,199.428955078125,23877500,0.0,0.0,199.70333353678384,4768416346.524556,yahoo
GOOGL,2025-01-27,192.41000366210938,196.8800048828125,190.72999572753906,191.80999755859375,191.0617218017578,41728900,0.0,0.0,193.13999938964844,8059519720.530701,yahoo
GOOGL,2025-01-28,192.75,195.47999572753906,190.67999267578125,195.3000030517578,194.53811645507812,24157900,0.0,0.0,193.81999715169272,4682284109.190878,yahoo
GOOGL,2025-01-29,195.55999755859375,196.7899932861328,193.42999267578125,195.41000366210938,194.64767456054688,18218300,0.0,0.0,195.20999654134116,3556394279.9891157,yahoo
GOOGL,2025-01-30,198.0,201.39999389648438,197.6699981689453,200.8699951171875,200.08636474609375,24354700,0.0,0.0,199.97999572753906,4870452801.945496,yahoo
GOOGL,2025-01-31,202.0,205.47999572753906,201.8000030517578,204.02000427246094,203.22409057617188,32001100,0.0,0.0,203.76666768391928,6520757509.21987,yahoo
GOOGL,2025-02-03,200.69000244140625,203.75,200.10000610351562,201.22999572753906,200.44496154785156,27838300,0.0,0.0,201.6933339436849,5614799538.324484,yahoo
GOOGL,2025-02-04,203.38999938964844,207.0500030517578,202.80999755859375,206.3800048828125,205.5748748779297,43856400,0.0,0.0,205.41333516438803,9008689392.303467,yahoo
GOOGL,2025-02-05,191.07000732421875,192.75,188.02999877929688,191.3300018310547,190.58360290527344,70373900,0.0,0.0,190.70333353678384,13420537323.984272,yahoo
GOOGL,2025-02-06,189.5,192.10000610351562,188.72000122070312,191.60000610351562,190.8525390625,29297400,0.0,0.0,190.80667114257812,5590139367.132568,yahoo
GOOGL,2025-02-07,191.0500030517578,191.17999267578125,183.24000549316406,185.33999633789062,184.61695861816406,49315000,0.0,0.0,186.58666483561197,9201521376.368204,yahoo
GOOGL,2025-02-10,187.35000610351562,188.1999969482422,185.86000061035156,186.47000122070312,185.7425537109375,23105600,0.0,0.0,186.84333292643228,4317127313.264974,yahoo
GOOGL,2025-02-11,185.02999877929688,186.94000244140625,184.27999877929688,185.32000732421875,184.59706115722656,21239500,0.0,0.0,185.51333618164062,3940210503.829956,yahoo
GOOGL,2025-02-12,183.22000122070312,185.11000061035156,181.8300018310547,183.61000061035156,182.8937225341797,22072600,0.0,0.0,183.51666768391928,4050689999.1200767,yahoo
GOOGL,2025-02-13,184.32000732421875,186.27999877929688,183.13999938964844,186.13999938964844,185.41384887695312,21402500,0.0,0.0,185.1866658528646,3963457615.9159346,yahoo
GOOGL,2025-02-14,185.05999755859375,186.39999389648438,184.32000732421875,185.22999572753906,184.50738525390625,20448400,0.0,0.0,185.31666564941406,3789429305.8654785,yahoo
GOOGL,2025-02-18,185.60000610351562,185.9600067138672,181.74000549316406,183.77000427246094,183.05307006835938,29916700,0.0,0.0,183.8233388264974,5499387680.670675,yahoo
GOOGL,2025-02-19,184.07000732421875,185.4600067138672,183.58999633789062,185.27000427246094,184.5472412109375,19549400,0.0,0.0,184.7733357747396,3612207850.3946943,yahoo
GOOGL,2025-02-20,184.8000030517578,185.30999755859375,182.72000122070312,184.55999755859375,183.83999633789062,20441500,0.0,0.0,184.19666544596353,3765256136.7136636,yahoo
GOOGL,2025-02-21,185.14999389648438,185.33999633789062,179.0800018310547,179.66000366210938,178.9591064453125,35199200,0.0,0.0,181.36000061035156,6383726933.483887,yahoo
GOOGL,2025-02-24,181.99000549316406,183.1199951171875,178.88999938964844,179.25,178.55072021484375,29854200,0.0,0.0,180.4199981689453,5386294709.335327,yahoo
GOOGL,2025-02-25,178.0399932861328,178.74000549316406,174.69000244140625,175.4199981689453,174.73565673828125,41913400,0.0,0.0,176.28333536783853,7388633948.606363,yahoo
GOOGL,2025-02-26,175.07000732421875,176.0800018310547,171.5800018310547,172.72999572753906,172.05613708496094,35431300,0.0,0.0,173.4633331298828,6146031395.124817,yahoo
GOOGL,2025-02-27,173.99000549316406,174.55999755859375,167.94000244140625,168.5,167.84266662597656,39991000,0.0,0.0,170.33333333333334,6811800333.333334,yahoo
GOOGL,2025-02-28,168.67999267578125,170.61000061035156,166.77000427246094,170.27999877929688,169.61569213867188,48130600,0.0,0.0,169.22000122070312,8144660190.753174,yahoo
GOOGL,2025-03-03,171.92999267578125,173.3699951171875,165.92999267578125,167.00999450683594,166.3584747314453,40770500,0.0,0.0,168.7699940999349,6880837044.451396,yahoo
GOOGL,2025-03-04,166.24000549316406,173.2899932861328,165.8000030517578,170.9199981689453,170.2532196044922,45388000,0.0,0.0,170.00333150227866,7716111210.225424,yahoo
GOOGL,2025-03-05,170.52000427246094,173.77999877929688,169.05999755859375,173.02000427246094,172.34503173828125,30954900,0.0,0.0,171.95333353678384,5322798244.297791,yahoo
GOOGL,2025-03-06,170.52999877929688,174.80999755859375,170.5,172.35000610351562,171.67764282226562,28302000,0.0,0.0,172.55333455403647,4883604474.54834,yahoo
GOOGL,2025-03-07,171.25999450683594,174.97000122070312,170.27000427246094,173.86000061035156,173.18174743652344,27385800,0.0,0.0,173.03333536783853,4738656315.716553,yahoo
GOOGL,2025-03-10,168.25999450683594,168.4600067138672,163.69000244140625,165.8699951171875,165.41319274902344,43604000,0.2,0.0,166.0066680908203,7238554755.432129,yahoo
GOOGL,2025-03-11,164.91000366210938,166.75,161.3699951171875,164.0399932861328,163.58822631835938,39587400,0.0,0.0,164.05332946777344,6494444774.972534,yahoo
GOOGL,2025-03-12,166.5800018310547,167.63999938964844,163.52999877929688,167.11000061035156,166.64979553222656,28372400,0.0,0.0,166.09333292643228,4712466479.121907,yahoo
GOOGL,2025-03-13,166.0399932861328,166.1300048828125,162.11000061035156,162.75999450683594,162.31175231933594,31756200,0.0,0.0,163.66666666666666,5197431400.0,yahoo
GOOGL,2025-03-14,163.27000427246094,166.49000549316406,162.4499969482422,165.49000549316406,165.03424072265625,31995900,0.0,0.0,164.81000264485678,5273244363.624573,yahoo
GOOGL,2025-03-17,165.02999877929688,166.3000030517578,163.6699981689453,164.2899932861328,163.83755493164062,31184300,0.0,0.0,164.75333150227866,5137717315.566508,yahoo
GOOGL,2025-03-18,163.67999267578125,164.25,156.72000122070312,160.6699981689453,160.22752380371094,42074800,0.0,0.0,160.54666646321616,6754968882.106527,yahoo
GOOGL,2025-03-19,161.75999450683594,165.8699951171875,161.0,163.88999938964844,163.43865966796875,34275600,0.0,0.0,163.58666483561197,5607031089.239502,yahoo
GOOGL,2025-03-20,161.57000732421875,164.88999938964844,160.9600067138672,162.8000030517578,162.35165405273438,28138500,0.0,0.0,162.88333638509116,4583292760.871887,yahoo
GOOGL,2025-03-21,161.2100067138672,164.24000549316406,160.88999938964844,163.99000549316406,163.5383758544922,36625800,0.0,0.0,163.04000345865884,5971470558.676147,yahoo
GOOGL,2025-03-24,167.07000732421875,168.32000732421875,165.13999938964844,167.67999267578125,167.2182159423828,30879100,0.0,0.0,167.04666646321616,5158250718.384298,yahoo
GOOGL,2025-03-25,168.97999572753906,170.6300048828125,168.32000732421875,170.55999755859375,170.09030151367188,24174400,0.0,0.0,169.836669921875,4105699593.359375,yahoo
GOOGL,2025-03-26,169.0,169.61000061035156,164.83999633789062,165.05999755859375,164.60543823242188,28901600,0.0,0.0,166.50333150227866,4812212685.746257,yahoo
GOOGL,2025-03-27,164.6300048828125,165.4199981689453,162.0,162.24000549316406,161.79319763183594,24508300,0.0,0.0,163.22000122070312,4000244755.9173584,yahoo
GOOGL,2025-03-28,160.49000549316406,161.82000732421875,153.6300048828125,154.3300018310547,153.90496826171875,48669300,0.0,0.0,156.5933380126953,7621288145.741272,yahoo
GOOGL,2025-03-31,153.11000061035156,155.5399932861328,150.66000366210938,154.63999938964844,154.21412658691406,54603500,0.0,0.0,153.61333211263022,8387825580.012004,yahoo
GOOGL,2025-04-01,153.6199951171875,158.10000610351562,153.6199951171875,157.07000732421875,156.637451171875,30672900,0.0,0.0,156.26333618164062,4793049684.365845,yahoo
GOOGL,2025-04-02,155.14999389648438,158.41000366210938,154.6999969482422,157.0399932861328,156.60751342773438,25041700,0.0,0.0,156.71666463216147,3924451700.7191978,yahoo
GOOGL,2025-04-03,151.11000061035156,152.77999877929688,150.38999938964844,150.72000122070312,150.30491638183594,46883400,0.0,0.0,151.29666646321616,7093302132.461548,yahoo
GOOGL,2025-04-04,148.00999450683594,151.07000732421875,145.3800048828125,145.60000610351562,145.19903564453125,62259500,0.0,0.0,147.35000610351562,9173937705.001831,yahoo
GOOGL,2025-04-07,141.5500030517578,152.85000610351562,140.52999877929688,146.75,146.34585571289062,76794100,0.0,0.0,146.71000162760416,11266462535.990396,yahoo
GOOGL,2025-04-08,151.22000122070312,152.24000549316406,143.02999877929688,144.6999969482422,144.30149841308594,52200200,0.0,0.0,146.65666707356772,7655507352.573649,yahoo
GOOGL,2025-04-09,144.4199981689453,159.5500030517578,143.91000366210938,158.7100067138672,158.27293395996094,70406200,0.0,0.0,154.05667114257812,10846544799.798584,yahoo
GOOGL,2025-04-10,156.5399932861328,157.72000122070312,149.92999267578125,152.82000732421875,152.39913940429688,48022000,0.0,0.0,153.49000040690103,7370896799.540201,yahoo
GOOGL,2025-04-11,152.89999389648438,157.6699981689453,152.82000732421875,157.13999938964844,156.7072296142578,33636200,0.0,0.0,155.87666829427084,5243098790.079753,yahoo
GOOGL,2025-04-14,160.0,161.72000122070312,157.55999755859375,159.07000732421875,158.63192749023438,30333000,0.0,0.0,159.45000203450522,4836596911.7126465,yahoo
GOOGL,2025-04-15,159.1300048828125,159.64999389648438,155.2100067138672,156.30999755859375,155.87953186035156,27551500,0.0,0.0,157.0566660563151,4327146734.850565,yahoo
GOOGL,2025-04-16,153.10000610351562,155.88999938964844,151.50999450683594,153.3300018310547,152.90774536132812,28187400,0.0,0.0,153.57666524251303,4328926893.856812,yahoo
GOOGL,2025-04-17,154.2899932861328,154.67999267578125,148.5,151.16000366210938,150.74371337890625,33046600,0.0,0.0,151.44666544596353,5004797374.326578,yahoo
GOOGL,2025-04-21,148.8800048828125,148.9499969482422,146.10000610351562,147.6699981689453,147.26332092285156,26049100,0.0,0.0,147.57333374023438,3844152527.9327393,yahoo
GOOGL,2025-04-22,148.88999938964844,152.19000244140625,148.5399932861328,151.47000122070312,151.05287170410156,26971800,0.0,0.0,150.73333231608072,4065549292.5628657,yahoo
GOOGL,2025-04-23,155.61000061035156,157.52999877929688,153.80999755859375,155.35000610351562,154.92218017578125,31128800,0.0,0.0,155.5633341471354,4842499915.999349,yahoo
GOOGL,2025-04-24,156.14999389648438,159.58999633789062,155.7899932861328,159.27999877929688,158.8413543701172,45894000,0.0,0.0,158.2199961344401,7261348502.593994,yahoo
GOOGL,2025-04-25,165.07000732421875,166.10000610351562,161.0399932861328,161.9600067138672,161.5139617919922,56034000,0.0,0.0,163.03333536783853,9135409914.001465,yahoo
GOOGL,2025-04-28,162.42999267578125,163.14999389648438,158.60000610351562,160.61000061035156,160.1676788330078,29745800,0.0,0.0,160.7866668701172,4782728035.385132,yahoo
GOOGL,2025-04-29,160.32000732421875,160.74000549316406,157.52000427246094,160.16000366210938,159.71893310546875,26809000,0.0,0.0,159.47333780924478,4275320713.3280435,yahoo
GOOGL,2025-04-30,157.97999572753906,159.27000427246094,155.39999389648438,158.8000030517578,158.3626708984375,34981100,0.0,0.0,157.82333374023438,5520833819.900513,yahoo
GOOGL,2025-05-01,160.4499969482422,161.9499969482422,158.91000366210938,161.3000030517578,160.8557891845703,30203200,0.0,0.0,160.72000122070312,4854258340.869141,yahoo
GOOGL,2025-05-02,163.41000366210938,164.97000122070312,161.8699951171875,164.02999877929688,163.57827758789062,25715000,0.0,0.0,163.62333170572916,4207573974.812825,yahoo
GOOGL,2025-05-05,163.0,165.38999938964844,162.72000122070312,164.2100067138672,163.7577667236328,21341800,0.0,0.0,164.1066691080729,3502331710.7706704,yahoo
GOOGL,2025-05-06,162.1699981689453,164.8000030517578,161.19000244140625,163.22999572753906,162.7804718017578,21277200,0.0,0.0,163.07333374023438,3469743936.657715,yahoo
GOOGL,2025-05-07,164.0800018310547,165.0,147.83999633789062,151.3800048828125,150.96311950683594,127490100,0.0,0.0,154.74000040690103,19727818125.875854,yahoo
GOOGL,2025-05-08,155.0,155.92999267578125,152.89999389648438,154.27999877929688,153.85511779785156,57498700,0.0,0.0,154.3699951171875,8876074038.244629,yahoo
GOOGL,2025-05-09,154.1699981689453,155.0500030517578,152.1999969482422,152.75,152.329345703125,32435300,0.0,0.0,153.33333333333334,4973412666.666667,yahoo
GOOGL,2025-05-12,157.49000549316406,159.10000610351562,156.25,158.4600067138672,158.02362060546875,44138800,0.0,0.0,157.9366709391276,6971135131.247965,yahoo
GOOGL,2025-05-13,158.7899932861328,160.57000732421875,156.16000366210938,159.52999877929688,159.09066772460938,42382100,0.0,0.0,158.75333658854166,6728299786.629231,yahoo
GOOGL,2025-05-14,159.9600067138672,167.0,159.61000061035156,165.3699951171875,164.91456604003906,48755900,0.0,0.0,163.9933319091797,7995642491.230774,yahoo
GOOGL,2025-05-15,165.83999633789062,166.2100067138672,162.3699951171875,163.9600067138672,163.5084686279297,33146700,0.0,0.0,164.18000284830728,5442025300.411987,yahoo
GOOGL,2025-05-16,167.72999572753906,169.35000610351562,165.6199951171875,166.19000244140625,165.73231506347656,42846900,0.0,0.0,167.05333455403647,7157717520.303345,yahoo
GOOGL,2025-05-19,164.50999450683594,166.63999938964844,164.22000122070312,166.5399932861328,166.0813446044922,30426100,0.0,0.0,165.79999796549478,5044647318.09794,yahoo
GOOGL,2025-05-20,166.42999267578125,168.5,162.89999389648438,163.97999572753906,163.5283966064453,46607700,0.0,0.0,165.1266632080078,7696173980.799866,yahoo
GOOGL,2025-05-21,163.69000244140625,173.13999938964844,163.55999755859375,168.55999755859375,168.09579467773438,73416000,0.0,0.0,168.4199981689453,12364722585.57129,yahoo
GOOGL,2025-05-22,171.85000610351562,176.77000427246094,170.7100067138672,170.8699951171875,170.3994140625,74864400,0.0,0.0,172.78333536783853,12935320732.312012,yahoo
GOOGL,2025-05-23,169.05999755859375,169.9600067138672,167.88999938964844,168.47000122070312,168.00604248046875,35211400,0.0,0.0,168.7733357747396,5942745435.298666,yahoo
GOOGL,2025-05-27,170.16000366210938,173.1699981689453,170.0,172.89999389648438,172.42384338378906,37995700,0.0,0.0,172.02333068847656,6536146865.840149,yahoo
GOOGL,2025-05-28,173.16000366210938,175.27000427246094,171.91000366210938,172.36000061035156,171.8853302001953,34784000,0.0,0.0,173.18000284830728,6023893219.0755205,yahoo
GOOGL,2025-05-29,174.0,174.4199981689453,170.6300048828125,171.86000061035156,171.38670349121094,29317300,0.0,0.0,172.30333455403647,5051468550.121054,yahoo
GOOGL,2025-05-30,171.35000610351562,172.2100067138672,167.44000244140625,171.74000549316406,171.26702880859375,52639900,0.0,0.0,170.46333821614584,8973173077.364096,yahoo
GOOGL,2025-06-02,167.83999633789062,169.8699951171875,167.38999938964844,169.02999877929688,168.5644989013672,38612300,0.0,0.0,168.7633310953776,6516340369.254048,yahoo
GOOGL,2025-06-03,167.49000549316406,168.47999572753906,165.27999877929688,166.17999267578125,165.7223358154297,45084900,0.0,0.0,166.64666239420572,7513248109.376526,yahoo
GOOGL,2025-06-04,166.74000549316406,168.22000122070312,166.36000061035156,168.0500030517578,167.5872039794922,26900800,0.0,0.0,167.5433349609375,4507049745.1171875,yahoo
GOOGL,2025-06-05,170.33999633789062,170.92999267578125,167.58999633789062,168.2100067138672,167.74676513671875,36379100,0.0,0.0,168.90999857584634,6144793729.190572,yahoo
GOOGL,2025-06-06,170.8300018310547,174.5,170.8300018310547,173.67999267578125,173.20169067382812,35731800,0.0,0.0,173.00333150227866,6181720440.57312,yahoo
GOOGL,2025-06-09,174.5399932861328,176.47000122070312,174.3699951171875,176.08999633789062,175.81764221191406,28935900,0.21,0.0,175.6433308919271,5082397858.355713,yahoo
GOOGL,2025-06-10,176.1999969482422,181.11000061035156,174.91000366210938,178.60000610351562,178.3237762451172,61766100,0.0,0.0,178.20667012532553,11007131007.627869,yahoo
GOOGL,2025-06-11,179.77000427246094,180.3699951171875,176.75,177.35000610351562,177.07569885253906,31646800,0.0,0.0,178.15666707356772,5638088411.543783,yahoo
GOOGL,2025-06-12,176.17999267578125,176.72000122070312,174.75,175.6999969482422,175.42825317382812,20941900,0.0,0.0,175.72333272298178,3679980461.551412,yahoo
GOOGL,2025-06-13,172.44000244140625,177.1300048828125,172.38999938964844,174.6699981689453,174.39984130859375,27663100,0.0,0.0,174.7300008138021,4833573485.512289,yahoo
GOOGL,2025-06-16,174.72999572753906,176.94000244140625,174.64999389648438,176.77000427246094,176.49659729003906,27389200,0.0,0.0,176.12000020345053,4823785909.572348,yahoo
GOOGL,2025-06-17,175.6999969482422,177.36000061035156,174.5800018310547,175.9499969482422,175.6778564453125,24973000,0.0,0.0,175.9633331298828,4394332318.252563,yahoo
GOOGL,2025-06-18,176.00999450683594,176.55999755859375,173.1999969482422,173.32000732421875,173.05194091796875,28707500,0.0,0.0,174.36000061035156,5005439717.5216675,yahoo
GOOGL,2025-06-20,173.9499969482422,174.33999633789062,165.4600067138672,166.63999938964844,166.38226318359375,75659900,0.0,0.0,168.8133341471354,12772399980.23885,yahoo
GOOGL,2025-06-23,166.27000427246094,167.33999633789062,162.0,165.19000244140625,164.93450927734375,57671000,0.0,0.0,164.84333292643228,9506679853.200275,yahoo
GOOGL,2025-06-24,166.9199981689453,168.22000122070312,166.1300048828125,166.77000427246094,166.51206970214844,40524300,0.0,0.0,167.04000345865884,6769179212.159729,yahoo
GOOGL,2025-06-25,167.6300048828125,172.36000061035156,167.5500030517578,170.67999267578125,170.416015625,35479000,0.0,0.0,170.19666544596353,6038407493.35734,yahoo
GOOGL,2025-06-26,172.42999267578125,173.69000244140625,169.94000244140625,173.5399932861328,173.27157592773438,31796700,0.0,0.0,172.38999938964844,5481433093.592834,yahoo
GOOGL,2025-06-27,173.5399932861328,178.67999267578125,171.72999572753906,178.52999877929688,178.25387573242188,108140200,0.0,0.0,176.3133290608724,19066558667.308556,yahoo
GOOGL,2025-06-30,180.77999877929688,181.22999572753906,174.5800018310547,176.22999572753906,175.95742797851562,63378900,0.0,0.0,177.34666442871094,11240036510.160828,yahoo
GOOGL,2025-07-01,175.74000549316406,176.08999633789062,173.52999877929688,175.83999633789062,175.56802368164062,35904500,0.0,0.0,175.15333048502603,6288792754.399617,yahoo
GOOGL,2025-07-02,175.5399932861328,178.86000061035156,175.07000732421875,178.63999938964844,178.3636932373047,29128900,0.0,0.0,177.5233357747396,5171059495.4488125,yahoo
GOOGL,2025-07-03,178.5,179.6699981689453,177.0500030517578,179.52999877929688,179.2523193359375,21689700,0.0,0.0,178.75,3877033875.0,yahoo
GOOGL,2025-07-07,179.05999755859375,179.3000030517578,175.67999267578125,176.7899932861328,176.5165557861328,34175600,0.0,0.0,177.25666300455728,6057852812.178548,yahoo
GOOGL,2025-07-08,177.85000610351562,177.9499969482422,172.80999755859375,174.36000061035156,174.09031677246094,40442500,0.0,0.0,175.03999837239584,7079055134.175619,yahoo
GOOGL,2025-07-09,175.25,179.44000244140625,172.77000427246094,176.6199951171875,176.34681701660156,43025600,0.0,0.0,176.27666727701822,7584409375.594075,yahoo
GOOGL,2025-07-10,175.6300048828125,178.42999267578125,174.3800048828125,177.6199951171875,177.34527587890625,29252400,0.0,0.0,176.80999755859375,5172116772.583008,yahoo
GOOGL,2025-07-11,176.7899932861328,181.42999267578125,176.47999572753906,180.19000244140625,179.91131591796875,34282900,0.0,0.0,179.36666361490884,6149209392.043558,yahoo
GOOGL,2025-07-14,181.00999450683594,183.6699981689453,179.67999267578125,181.55999755859375,181.2791748046875,32536600,0.0,0.0,181.63666280110678,5909839442.894491,yahoo
GOOGL,2025-07-15,182.80999755859375,184.22000122070312,181.60000610351562,182.0,181.718505859375,33448300,0.0,0.0,182.6066691080729,6107882650.327555,yahoo
GOOGL,2025-07-16,183.24000549316406,184.3300018310547,182.02999877929688,182.97000122070312,182.68701171875,33104200,0.0,0.0,183.11000061035156,6061710082.2052,yahoo
GOOGL,2025-07-17,182.13999938964844,184.05999755859375,180.47999572753906,183.5800018310547,183.29605102539062,31992600,0.0,0.0,182.7066650390625,5845261251.928711,yahoo
GOOGL,2025-07-18,185.39999389648438,186.4199981689453,183.7100067138672,185.05999755859375,184.7737579345703,34014500,0.0,0.0,185.0633341471354,6294836779.347737,yahoo
GOOGL,2025-07-21,186.25,190.2899932861328,186.14999389648438,190.10000610351562,189.80596923828125,45803100,0.0,0.0,188.84666442871094,8649762655.49469,yahoo
GOOGL,2025-07-22,191.5,191.64999389648438,187.4600067138672,191.33999633789062,191.04405212402344,44660200,0.0,0.0,190.1499989827474,8492136984.569296,yahoo
GOOGL,2025-07-23,191.5,192.52999877929688,189.17999267578125,190.22999572753906,189.93577575683594,58681900,0.0,0.0,190.64666239420572,11187508377.95054,yahoo
GOOGL,2025-07-24,197.02999877929688,197.9499969482422,191.0,192.1699981689453,191.87277221679688,74881700,0.0,0.0,193.7066650390625,14505084379.455566,yahoo
GOOGL,2025-07-25,191.97999572753906,194.3300018310547,191.25999450683594,193.17999267578125,192.88121032714844,39785900,0.0,0.0,192.92332967122397,7675628301.96635,yahoo
GOOGL,2025-07-28,193.64999389648438,194.0500030517578,190.83999633789062,192.5800018310547,192.28213500976562,38139500,0.0,0.0,192.49000040690103,7341472370.519002,yahoo
GOOGL,2025-07-29,192.42999267578125,195.9199981689453,192.0800018310547,195.75,195.44723510742188,41389200,0.0,0.0,194.58333333333334,8053648500.0,yahoo
GOOGL,2025-07-30,195.60000610351562,197.60000610351562,194.69000244140625,196.52999877929688,196.2260284423828,32445400,0.0,0.0,196.2733357747396,6368166888.545736,yahoo
GOOGL,2025-07-31,195.7100067138672,195.99000549316406,191.08999633789062,191.89999389648438,191.60317993164062,51329200,0.0,0.0,192.9933319091797,9906193332.232666,yahoo
GOOGL,2025-08-01,189.02999877929688,190.8300018310547,187.82000732421875,189.1300048828125,188.8374786376953,34832200,0.0,0.0,189.26000467936197,6592342334.992472,yahoo
GOOGL,2025-08-04,190.2899932861328,195.27000427246094,190.1199951171875,195.0399932861328,194.7383270263672,31547400,0.0,0.0,193.4766642252604,6103685716.97998,yahoo
GOOGL,2025-08-05,194.7100067138672,197.86000061035156,193.88999938964844,194.6699981689453,194.36891174316406,31602300,0.0,0.0,195.47333272298178,6177406902.711487,yahoo
GOOGL,2025-08-06,194.5,196.6300048828125,193.6699981689453,196.08999633789062,195.7866973876953,21562900,0.0,0.0,195.4633331298828,4214756305.94635,yahoo
GOOGL,2025-08-07,197.05999755859375,197.5399932861328,194.3300018310547,196.52000427246094,196.21604919433594,26321800,0.0,0.0,196.12999979654947,5162494628.644815,yahoo
GOOGL,2025-08-08,197.22000122070312,202.61000061035156,197.1699981689453,201.4199981689453,201.10845947265625,39161800,0.0,0.0,200.3999989827474,7848024680.162558,yahoo
GOOGL,2025-08-11,200.94000244140625,201.47999572753906,199.07000732421875,201.0,200.68911743164062,25832400,0.0,0.0,200.51666768391928,5179826766.278076,yahoo
GOOGL,2025-08-12,201.3699951171875,204.5,200.58999633789062,203.33999633789062,203.02549743652344,30397900,0.0,0.0,202.80999755859375,6164998024.786377,yahoo
GOOGL,2025-08-13,204.1300048828125,204.52999877929688,197.50999450683594,201.9600067138672,201.64764404296875,28342900,0.0,0.0,201.33333333333334,5706370533.333334,yahoo
GOOGL,2025-08-14,201.5,204.44000244140625,201.22999572753906,202.94000244140625,202.62611389160156,25230400,0.0,0.0,202.87000020345053,5118491253.133139,yahoo
GOOGL,2025-08-15,203.85000610351562,206.44000244140625,201.27999877929688,203.89999389648438,203.58462524414062,34931400,0.0,0.0,203.87333170572916,7121580899.145508,yahoo
GOOGL,2025-08-18,204.1999969482422,205.27000427246094,202.49000549316406,203.5,203.1852569580078,18526600,0.0,0.0,203.75333658854166,3774856565.641276,yahoo
GOOGL,2025-08-19,203.02999877929688,203.44000244140625,199.9600067138672,201.57000732421875,201.25823974609375,24240200,0.0,0.0,201.65667215983072,4888198064.488729,yahoo
GOOGL,2025-08-20,200.72999572753906,201.27999877929688,196.60000610351562,199.32000732421875,199.01171875,28955500,0.0,0.0,199.0666707356771,5764074984.486898,yahoo
GOOGL,2025-08-21,199.75,202.47999572753906,199.42999267578125,199.75,199.4410400390625,19774600,0.0,0.0,200.55332946777344,3965861868.8934326,yahoo
GOOGL,2025-08-22,202.72999572753906,208.5399932861328,201.3000030517578,206.08999633789062,205.771240234375,42827000,0.0,0.0,205.30999755859375,8792811265.441895,yahoo
GOOGL,2025-08-25,206.42999267578125,210.52000427246094,205.27999877929688,208.49000549316406,208.1675262451172,29928900,0.0,0.0,208.09666951497397,6228104412.246704,yahoo
GOOGL,2025-08-26,207.50999450683594,207.85000610351562,205.6999969482422,207.13999938964844,206.81961059570312,28464100,0.0,0.0,206.89666748046875,5889127432.830811,yahoo
GOOGL,2025-08-27,205.6999969482422,208.91000366210938,205.64999389648438,207.47999572753906,207.15908813476562,23022900,0.0,0.0,207.34666442871094,4773721520.475769,yahoo
GOOGL,2025-08-28,207.25,212.22000122070312,206.89999389648438,211.63999938964844,211.31265258789062,32339300,0.0,0.0,210.25333150227866,6799445563.45164,yahoo
GOOGL,2025-08-29,210.50999450683594,214.64999389648438,210.1999969482422,212.91000366210938,212.5806884765625,39728400,0.0,0.0,212.58666483561197,8445728055.255127,yahoo
GOOGL,2025-09-02,208.44000244140625,211.67999267578125,206.1999969482422,211.35000610351562,211.0231170654297,47523000,0.0,0.0,209.7433319091797,9967632362.319946,yahoo
GOOGL,2025-09-03,226.2100067138672,231.30999755859375,224.7899932861328,230.66000366210938,230.30323791503906,103336100,0.0,0.0,228.9199981689453,23655699822.78595,yahoo
GOOGL,2025-09-04,229.64999389648438,232.3699951171875,226.11000061035156,232.3000030517578,231.94070434570312,51684200,0.0,0.0,230.25999959309897,11900803870.969646,yahoo
GOOGL,2025-09-05,232.1999969482422,235.75999450683594,231.89999389648438,235.0,234.63653564453125,46588900,0.0,0.0,234.2199961344401,10912051977.907816,yahoo
GOOGL,2025-09-08,235.47000122070312,238.1300048828125,233.6699981689453,234.0399932861328,233.8870086669922,32474700,0.21,0.0,235.27999877929688,7640647376.358032,yahoo
GOOGL,2025-09-09,234.1699981689453,240.47000122070312,233.22999572753906,239.6300048828125,239.47335815429688,38061000,0.0,0.0,237.77666727701822,9050017733.23059,yahoo
GOOGL,2025-09-10,238.89999389648438,241.66000366210938,237.85000610351562,239.1699981689453,239.01365661621094,35141100,0.0,0.0,239.56000264485678,8418402008.943176,yahoo
GOOGL,2025-09-11,239.8800048828125,242.25,236.25,240.3699951171875,240.21287536621094,30599300,0.0,0.0,239.62333170572916,7332306213.863118,yahoo
GOOGL,2025-09-12,240.3699951171875,242.0800018310547,238.0,240.8000030517578,240.64259338378906,26771600,0.0,0.0,240.2933349609375,6433037046.240234,yahoo
GOOGL,2025-09-15,244.66000366210938,252.41000366210938,244.66000366210938,251.61000061035156,251.44552612304688,58383800,0.0,0.0,249.56000264485678,14570261282.41679,yahoo
GOOGL,2025-09-16,252.0800018310547,253.0399932861328,249.47000122070312,251.16000366210938,250.99581909179688,34109700,0.0,0.0,251.22333272298178,8569152512.181091,yahoo
GOOGL,2025-09-17,251.22000122070312,251.60000610351562,246.27999877929688,249.52999877929688,249.36688232421875,34108000,0.0,0.0,249.13666788736978,8497553468.302408,yahoo
GOOGL,2025-09-18,251.67999267578125,253.99000549316406,249.8000030517578,252.02999877929688,251.86524963378906,31239500,0.0,0.0,251.94000244140625,7870479706.268311,yahoo
GOOGL,2025-09-19,253.25,256.0,251.80999755859375,254.72000122070312,254.55349731445312,55571400,0.0,0.0,254.17666625976562,14124953191.38794,yahoo
GOOGL,2025-09-22,254.42999267578125,255.77999877929688,250.3000030517578,252.52999877929688,252.36492919921875,32290500,0.0,0.0,252.87000020345053,8165298741.569519,yahoo
GOOGL,2025-09-23,253.0399932861328,254.36000061035156,250.47999572753906,251.66000366210938,251.49549865722656,26628000,0.0,0.0,252.16666666666666,6714694000.0,yahoo
GOOGL,2025-09-24,251.66000366210938,252.35000610351562,246.44000244140625,247.13999938964844,246.97845458984375,28201000,0.0,0.0,248.6433359781901,7011990717.9209385,yahoo
GOOGL,2025-09-25,244.39999389648438,246.49000549316406,240.74000549316406,245.7899932861328,245.6293182373047,31020400,0.0,0.0,244.34000142415366,7579524580.177816,yahoo
GOOGL,2025-09-26,247.07000732421875,249.4199981689453,245.97000122070312,246.5399932861328,246.3788299560547,18503200,0.0,0.0,247.30999755859375,4576026346.826172,yahoo
GOOGL,2025-09-29,247.85000610351562,251.14999389648438,242.77000427246094,244.0500030517578,243.89047241210938,32505800,0.0,0.0,245.99000040690103,7996101755.226644,yahoo
GOOGL,2025-09-30,242.80999755859375,243.2899932861328,239.25,243.10000610351562,242.94110107421875,34724300,0.0,0.0,241.87999979654947,8399113676.935323,yahoo
GOOGL,2025-10-01,240.75,246.3000030517578,238.61000061035156,244.89999389648438,244.7399139404297,31658200,0.0,0.0,243.2699991861979,7701490288.23649,yahoo
GOOGL,2025-10-02,245.14999389648438,246.80999755859375,242.3000030517578,245.69000244140625,245.52940368652344,25483300,0.0,0.0,244.93333435058594,6241709639.256287,yahoo
GOOGL,2025-10-03,244.49000549316406,246.3000030517578,241.66000366210938,245.35000610351562,245.1896209716797,30249600,0.0,0.0,244.4366709391276,7394111521.240234,yahoo
GOOGL,2025-10-06,244.77999877929688,251.32000732421875,244.5800018310547,250.42999267578125,250.26629638671875,28894700,0.0,0.0,248.77666727701822,7188327167.969258,yahoo
GOOGL,2025-10-07,248.27000427246094,250.44000244140625,245.52000427246094,245.75999450683594,245.59934997558594,23181300,0.0,0.0,247.24000040690103,5731344621.432495,yahoo
GOOGL,2025-10-08,244.9600067138672,246.00999450683594,243.82000732421875,244.6199951171875,244.46009826660156,21307100,0.0,0.0,244.81666564941406,5216333176.65863,yahoo
GOOGL,2025-10-09,244.47000122070312,244.75999450683594,239.14999389648438,241.52999877929688,241.3721160888672,27892100,0.0,0.0,241.8133290608724,6744681555.498759,yahoo
GOOGL,2025-10-10,241.42999267578125,244.08999633789062,235.83999633789062,236.57000732421875,236.4153594970703,33180300,0.0,0.0,238.83333333333334,7924561650.0,yahoo
GOOGL,2025-10-13,240.2100067138672,244.5,239.7100067138672,244.14999389648438,243.9904022216797,24995000,0.0,0.0,242.7866668701172,6068452738.418579,yahoo
GOOGL,2025-10-14,241.22999572753906,247.1199951171875,240.50999450683594,245.4499969482422,245.28955078125,22111600,0.0,0.0,244.35999552408853,5403190477.030436,yahoo
GOOGL,2025-10-15,247.25,252.11000061035156,245.99000549316406,251.02999877929688,250.86590576171875,27007700,0.0,0.0,249.71000162760416,6744092810.957845,yahoo
GOOGL,2025-10-16,251.77000427246094,256.9599914550781,250.10000610351562,251.4600067138672,251.29562377929688,27997200,0.0,0.0,252.84000142415366,7078812087.872314,yahoo
GOOGL,2025-10-17,250.75999450683594,254.22000122070312,247.80999755859375,253.3000030517578,253.13442993164062,29671600,0.0,0.0,251.77666727701822,7470616560.776773,yahoo
GOOGL,2025-10-20,254.69000244140625,257.3299865722656,254.22999572753906,256.54998779296875,256.3822937011719,22350200,0.0,0.0,256.0366566975911,5722470484.522501,yahoo
GOOGL,2025-10-21,254.74000549316406,254.8800048828125,244.14999389648438,250.4600067138672,250.29627990722656,47312100,0.0,0.0,249.8300018310547,11819982029.631042,yahoo
GOOGL,2025-10-22,254.3699951171875,256.3599853515625,249.2899932861328,251.69000244140625,251.52548217773438,35029400,0.0,0.0,252.44666035970053,8843055044.404095,yahoo
GOOGL,2025-10-23,252.97999572753906,255.0399932861328,251.85000610351562,253.0800018310547,252.91456604003906,19901400,0.0,0.0,253.32333374023438,5041488994.0979,yahoo
GOOGL,2025-10-24,256.5799865722656,261.67999267578125,255.32000732421875,259.9200134277344,259.7501220703125,28655100,0.0,0.0,258.9733378092448,7420906892.257691,yahoo
GOOGL,2025-10-27,264.82000732421875,270.1400146484375,264.2799987792969,269.2699890136719,269.0939636230469,35235200,0.0,0.0,267.89666748046875,9439392658.007812,yahoo
GOOGL,2025-10-28,269.69000244140625,270.7300109863281,266.5,267.4700012207031,267.295166015625,29738600,0.0,0.0,268.23333740234375,7976883927.67334,yahoo
GOOGL,2025-10-29,267.75,275.3399963378906,267.6700134277344,274.57000732421875,274.3905334472656,43580300,0.0,0.0,272.52667236328125,11876794139.593506,yahoo
GOOGL,2025-10-30,291.5899963378906,291.5899963378906,280.05999755859375,281.4800109863281,281.2960205078125,74876000,0.0,0.0,284.3766682942708,21292987415.20182,yahoo
GOOGL,2025-10-31,283.2099914550781,286.0,277.0299987792969,281.19000244140625,281.0061950683594,39267900,0.0,0.0,281.4066670735677,11050248861.97815,yahoo
GOOGL,2025-11-03,282.17999267578125,285.5299987792969,279.79998779296875,283.7200012207031,283.5345458984375,29786000,0.0,0.0,283.01666259765625,8429934312.133789,yahoo
GOOGL,2025-11-04,276.75,281.2699890136719,276.260009765625,277.5400085449219,277.35858154296875,30078400,0.0,0.0,278.35666910807294,8372523236.100261,yahoo
GOOGL,2025-11-05,278.8699951171875,286.4200134277344,277.3399963378906,284.30999755859375,284.1241455078125,31010300,0.0,0.0,282.69000244140625,8766301782.70874,yahoo
GOOGL,2025-11-06,285.3299865722656,288.3500061035156,281.1400146484375,284.75,284.5638732910156,37173600,0.0,0.0,284.7466735839844,10585058945.141602,yahoo
GOOGL,2025-11-07,283.2099914550781,283.7799987792969,275.19000244140625,278.8299865722656,278.647705078125,34479600,0.0,0.0,279.26666259765625,9629002819.702148,yahoo
GOOGL,2025-11-10,284.4200134277344,290.79998779296875,282.8599853515625,290.1000061035156,289.9103698730469,29557300,0.0,0.0,287.9199930826823,8510137611.542766,yahoo
GOOGL,2025-11-11,287.75,291.9200134277344,287.32000732421875,291.30999755859375,291.11956787109375,19842100,0.0,0.0,290.18333943684894,5757846839.4399,yahoo
GOOGL,2025-11-12,291.67999267578125,292.010009765625,283.69000244140625,286.7099914550781,286.5225830078125,24829900,0.0,0.0,287.4700012207031,7137851383.309937,yahoo
GOOGL,2025-11-13,282.3399963378906,282.8399963378906,277.239990234375,278.57000732421875,278.3879089355469,29494000,0.0,0.0,279.5499979654948,8245047639.994304,yahoo
GOOGL,2025-11-14,271.4100036621094,278.55999755859375,270.70001220703125,276.4100036621094,276.22930908203125,31647200,0.0,0.0,275.2233378092448,8710048016.316732,yahoo
GOOGL,2025-11-17,285.7799987792969,293.95001220703125,283.57000732421875,285.0199890136719,284.83367919921875,52670200,0.0,0.0,287.5133361816406,15143384919.354248,yahoo
GOOGL,2025-11-18,287.9200134277344,288.79998779296875,278.20001220703125,284.2799987792969,284.09417724609375,49158700,0.0,0.0,283.75999959309894,13949272691.997272,yahoo
GOOGL,2025-11-19,287.1600036621094,303.80999755859375,286.6300048828125,292.80999755859375,292.61859130859375,68198900,0.0,0.0,294.4166666666667,20078892808.333336,yahoo
GOOGL,2025-11-20,304.5400085449219,306.4200134277344,288.6700134277344,289.45001220703125,289.26080322265625,62025200,0.0,0.0,294.8466796875,18287924276.953125,yahoo
GOOGL,2025-11-21,296.4200134277344,303.9200134277344,293.8500061035156,299.6600036621094,299.464111328125,74137700,0.0,0.0,299.1433410644531,22177799276.834106,yahoo
GOOGL,2025-11-24,311.1300048828125,319.4800109863281,309.6000061035156,318.5799865722656,318.3717346191406,85165100,0.0,0.0,315.8866678873698,26902519659.29464,yahoo
GOOGL,2025-11-25,326.2099914550781,328.8299865722656,317.6499938964844,323.44000244140625,323.22857666015625,88632100,0.0,0.0,323.30666097005206,28655348305.763752,yahoo
GOOGL,2025-11-26,320.67999267578125,324.5,316.7900085449219,319.95001220703125,319.7408752441406,51373400,0.0,0.0,320.41334025065106,16460722694.032797,yahoo
GOOGL,2025-11-28,323.3699951171875,326.8500061035156,316.7900085449219,320.17999267578125,319.970703125,26018600,0.0,0.0,321.27333577473956,8359082414.188639,yahoo
GOOGL,2025-12-01,317.70001220703125,319.8500061035156,313.8900146484375,314.8900146484375,314.6841735839844,41183000,0.0,0.0,316.2100118001302,13022476915.964762,yahoo
GOOGL,2025-12-02,316.739990234375,318.3800048828125,313.9100036621094,315.80999755859375,315.6035461425781,35854700,0.0,0.0,316.03333536783856,11331280429.613241,yahoo
GOOGL,2025-12-03,315.8900146484375,321.5799865722656,314.1000061035156,319.6300048828125,319.42108154296875,41838300,0.0,0.0,318.43666585286456,13322848756.951904,yahoo
GOOGL,2025-12-04,322.2300109863281,322.3599853515625,314.70001220703125,317.6199951171875,317.4123840332031,31240900,0.0,0.0,318.22666422526044,9941687394.39494,yahoo
GOOGL,2025-12-05,319.489990234375,323.1600036621094,319.1700134277344,321.2699890136719,321.0599670410156,28851700,0.0,0.0,321.2000020345052,9267166098.698933,yahoo
GOOGL,2025-12-08,320.04998779296875,320.44000244140625,311.2200012207031,313.7200012207031,313.7200012207031,33909400,0.21,0.0,315.1266682942708,10685756245.857746,yahoo
GOOGL,2025-12-09,312.3699951171875,317.989990234375,311.8999938964844,317.0799865722656,317.0799865722656,30194000,0.0,0.0,315.6566569010417,9530937098.470053,yahoo
GOOGL,2025-12-10,315.8299865722656,321.30999755859375,314.67999267578125,320.2099914550781,320.2099914550781,33428900,0.0,0.0,318.7333272298177,10654904522.632853,yahoo
GOOGL,2025-12-11,320.0799865722656,321.1199951171875,308.6000061035156,312.42999267578125,312.42999267578125,42353700,0.0,0.0,314.0499979654948,13301179398.831177,yahoo
GOOGL,2025-12-12,313.70001220703125,314.8699951171875,305.55999755859375,309.2900085449219,309.2900085449219,35940200,0.0,0.0,309.9066670735677,11138107595.957438,yahoo
GOOGL,2025-12-15,311.32000732421875,311.4200134277344,304.8800048828125,308.2200012207031,308.2200012207031,29151900,0.0,0.0,308.17333984375,8983838385.791016,yahoo
GOOGL,2025-12-16,304.95001220703125,310.7699890136719,302.5899963378906,306.57000732421875,306.57000732421875,30585000,0.0,0.0,306.64333089192706,9378686275.32959,yahoo
GOOGL,2025-12-17,308.010009765625,308.0899963378906,296.1199951171875,296.7200012207031,296.7200012207031,43930400,0.0,0.0,300.30999755859375,13192738316.748047,yahoo
GOOGL,2025-12-18,301.7200012207031,303.9599914550781,299.2300109863281,302.4599914550781,302.4599914550781,33518000,0.0,0.0,301.8833312988281,10118525498.474121,yahoo
GOOGL,2025-12-19,301.7300109863281,307.25,300.9700012207031,307.1600036621094,307.1600036621094,59943200,0.0,0.0,305.1266682942708,18290268902.897133,yahoo
GOOGL,2025-12-22,309.8800048828125,310.1300048828125,305.29998779296875,309.7799987792969,309.7799987792969,26429900,0.0,0.0,308.40333048502606,8151069184.38619,yahoo
GOOGL,2025-12-23,309.6300048828125,314.94000244140625,309.32000732421875,314.3500061035156,314.3500061035156,25478700,0.0,0.0,312.87000528971356,7971521003.775025,yahoo
GOOGL,2025-12-24,314.7699890136719,315.0799865722656,311.9200134277344,314.0899963378906,314.0899963378906,10097400,0.0,0.0,313.69666544596356,3167520709.6740723,yahoo
GOOGL,2025-12-26,314.4800109863281,315.0899963378906,312.2799987792969,313.510009765625,313.510009765625,10899000,0.0,0.0,313.6266682942708,3418217057.739258,yahoo
GOOGL,2025-12-29,311.3699951171875,314.0199890136719,310.6199951171875,313.55999755859375,313.55999755859375,19621800,0.0,0.0,312.7333272298177,6136390800.238037,yahoo
GOOGL,2025-12-30,312.5,316.95001220703125,312.4599914550781,313.8500061035156,313.8500061035156,17380900,0.0,0.0,314.4200032552083,5464902634.57845,yahoo
GOOGL,2025-12-31,312.8500061035156,314.5799865722656,311.44000244140625,313.0,313.0,16377700,0.0,0.0,313.0066630045573,5126329224.689738,yahoo
GOOGL,2026-01-02,316.8999938964844,322.5,310.3299865722656,315.1499938964844,315.1499938964844,32009400,0.0,0.0,315.9933268229167,10114756795.605469,yahoo
GOOGL,2026-01-05,317.6600036621094,319.0199890136719,314.6300048828125,316.5400085449219,316.5400085449219,30195600,0.0,0.0,316.73000081380206,9563852412.573242,yahoo
GOOGL,2026-01-06,316.3999938964844,320.94000244140625,311.7799987792969,314.3399963378906,314.3399963378906,31212100,0.0,0.0,315.68666585286456,9853243783.266193,yahoo
GOOGL,2026-01-07,314.3599853515625,326.1499938964844,314.19000244140625,321.9800109863281,321.9800109863281,35104400,0.0,0.0,320.77333577473956,11260555488.370768,yahoo
GOOGL,2026-01-08,328.9700012207031,330.32000732421875,321.5,325.44000244140625,325.44000244140625,31896100,0.0,0.0,325.7533365885417,10390260999.161785,yahoo
GOOGL,2026-01-09,327.0899963378906,330.8299865722656,325.79998779296875,328.57000732421875,328.57000732421875,26214200,0.0,0.0,328.3999938964844,8608743120.00122,yahoo
GOOGL,2026-01-12,325.79998779296875,334.0400085449219,325.0,331.8599853515625,331.8599853515625,33923900,0.0,0.0,330.2999979654948,11205064100.98165,yahoo
GOOGL,2026-01-13,334.95001220703125,340.489990234375,333.6199951171875,335.9700012207031,335.9700012207031,33517600,0.0,0.0,336.6933288574219,11285152319.311523,yahoo
GOOGL,2026-01-14,335.05999755859375,336.5199890136719,330.4800109863281,335.8399963378906,335.8399963378906,28525600,0.0,0.0,334.2799987792969,9535537533.17871,yahoo
GOOGL,2026-01-15,337.6499938964844,337.69000244140625,330.739990234375,332.7799987792969,332.7799987792969,28442400,0.0,0.0,333.7366638183594,9492271686.987305,yahoo
GOOGL,2026-01-16,334.4100036621094,334.6499938964844,327.70001220703125,330.0,330.0,40341600,0.0,0.0,330.78333536783856,13344329002.075195,yahoo
GOOGL,2026-01-20,320.8699951171875,327.7300109863281,320.42999267578125,322.0,322.0,35361000,0.0,0.0,323.3866678873698,11435275963.165283,yahoo
GOOGL,2026-01-21,320.9200134277344,332.4800109863281,319.3500061035156,328.3800048828125,328.3800048828125,35386600,0.0,0.0,326.73667399088544,11562099987.845867,yahoo
GOOGL,2026-01-22,334.45001220703125,335.1499938964844,328.75,330.5400085449219,330.5400085449219,26253600,0.0,0.0,331.48000081380206,8702543349.365234,yahoo
GOOGL,2026-01-23,332.489990234375,333.69000244140625,327.45001220703125,327.92999267578125,327.92999267578125,27280000,0.0,0.0,329.69000244140625,8993943266.601562,yahoo
GOOGL,2026-01-26,327.80999755859375,335.8399963378906,327.0,333.260009765625,333.260009765625,26042100,0.0,0.0,332.03333536783856,8646845322.982788,yahoo
GOOGL,2026-01-27,335.3699951171875,337.9100036621094,333.4800109863281,334.54998779296875,334.54998779296875,21636200,0.0,0.0,335.31333414713544,7254906360.274252,yahoo
GOOGL,2026-01-28,336.05999755859375,337.5400085449219,331.94000244140625,336.010009765625,336.010009765625,27434400,0.0,0.0,335.16334025065106,9195005141.77246,yahoo
GOOGL,2026-01-29,340.29998779296875,342.2900085449219,326.5400085449219,338.25,338.25,39785600,0.0,0.0,335.69333902994794,13355760909.309896,yahoo
GOOGL,2026-01-30,340.0,340.0,332.2900085449219,338.0,338.0,31024000,0.0,0.0,336.7633361816406,10447745741.699219,yahoo
GOOGL,2026-02-02,336.2200012207031,344.8299865722656,335.6300048828125,343.69000244140625,343.69000244140625,32006100,0.0,0.0,341.3833312988281,10926349039.883423,yahoo
GOOGL,2026-02-03,347.3399963378906,349.0,337.4700012207031,339.7099914550781,339.7099914550781,36506700,0.0,0.0,342.05999755859375,12487481712.872314,yahoo
GOOGL,2026-02-04,342.9599914550781,343.30999755859375,328.5199890136719,333.0400085449219,333.0400085449219,70618400,0.0,0.0,334.9566650390625,23654103754.39453,yahoo
GOOGL,2026-02-05,312.2200012207031,332.69000244140625,306.4599914550781,331.25,331.25,88205800,0.0,0.0,323.46666463216144,28531635927.211506,yahoo
GOOGL,2026-02-06,327.17999267578125,330.3800048828125,319.9200134277344,322.8599853515625,322.8599853515625,56380500,0.0,0.0,324.3866678873698,18289082528.823853,yahoo
GOOGL,2026-02-09,320.92999267578125,327.70001220703125,317.260009765625,324.32000732421875,324.32000732421875,39640100,0.0,0.0,323.0933430989583,12807452429.777018,yahoo
GOOGL,2026-02-10,320.9700012207031,321.6700134277344,314.6099853515625,318.5799865722656,318.5799865722656,39170000,0.0,0.0,318.2866617838542,12467288542.073568,yahoo
GOOGL,2026-02-11,318.9700012207031,321.05999755859375,309.6600036621094,310.9599914550781,310.9599914550781,45406400,0.0,0.0,313.89333089192706,14252766139.811197,yahoo
GOOGL,2026-02-12,312.0899963378906,316.239990234375,307.20001220703125,309.0,309.0,47761300,0.0,0.0,310.81333414713544,14844848896.20158,yahoo
GOOGL,2026-02-13,307.7300109863281,308.6300048828125,303.7099914550781,305.7200012207031,305.7200012207031,38465000,0.0,0.0,306.01999918619794,11771059268.697104,yahoo
