symbol,date,open,high,low,close,adjusted_close,volume,dividends,stock_splits,typical_price,traded_value,source
META,2023-02-17,170.22000122070312,173.17999267578125,169.6999969482422,172.8800048828125,171.68077087402344,24171300,0.0,0.0,171.9199981689453,4155529851.741028,yahoo
META,2023-02-21,174.30999755859375,178.1699981689453,171.8800048828125,172.0800018310547,170.88629150390625,34592600,0.0,0.0,174.0433349609375,6020611468.969727,yahoo
META,2023-02-22,171.07000732421875,172.75999450683594,169.69000244140625,171.1199951171875,169.93295288085938,22433200,0.0,0.0,171.18999735514322,3840339448.667399,yahoo
META,2023-02-23,172.0,173.69000244140625,169.3800048828125,172.0399932861328,170.84657287597656,20017800,0.0,0.0,171.70333353678384,3437122990.072632,yahoo
META,2023-02-24,168.63999938964844,170.72000122070312,167.66000366210938,170.38999938964844,169.20802307128906,19791300,0.0,0.0,169.59000142415366,3356406595.185852,yahoo
META,2023-02-27,171.8800048828125,173.1199951171875,169.05999755859375,169.5399932861328,168.36392211914062,19277000,0.0,0.0,170.57332865397134,3288142056.4626055,yahoo
META,2023-02-28,171.89999389648438,177.5500030517578,171.8699951171875,174.94000244140625,173.72645568847656,46051100,0.0,0.0,174.7866668701172,8049118274.702454,yahoo
META,2023-03-01,174.58999633789062,177.85000610351562,173.0500030517578,173.4199981689453,172.21701049804688,30998400,0.0,0.0,174.7733357747396,5417693771.6796875,yahoo
META,2023-03-02,172.3800048828125,175.00999450683594,171.42999267578125,174.52999877929688,173.3192901611328,17352000,0.0,0.0,173.6566619873047,3013290398.803711,yahoo
META,2023-03-03,178.9199981689453,186.6199951171875,177.0500030517578,185.25,183.96493530273438,45877700,0.0,0.0,182.97333272298178,8394395666.665141,yahoo
META,2023-03-06,188.0,189.66000366210938,184.63999938964844,184.89999389648438,183.6173858642578,33209400,0.0,0.0,186.3999989827474,6190232126.217651,yahoo
META,2023-03-07,189.0,190.36000061035156,184.00999450683594,184.50999450683594,183.23007202148438,36701500,0.0,0.0,186.29332987467447,6837244646.395365,yahoo
META,2023-03-08,182.8699951171875,185.25999450683594,181.33999633789062,184.97000122070312,183.6868896484375,19432400,0.0,0.0,183.8566640218099,3572776237.937419,yahoo
META,2023-03-09,186.35000610351562,188.92999267578125,180.3000030517578,181.69000244140625,180.4296417236328,26582800,0.0,0.0,183.63999938964844,4881665375.7751465,yahoo
META,2023-03-10,181.00999450683594,184.77000427246094,178.8000030517578,179.50999450683594,178.2647705078125,25665000,0.0,0.0,181.02666727701822,4646049415.664673,yahoo
META,2023-03-13,177.9600067138672,183.77999877929688,174.82000732421875,180.89999389648438,179.64512634277344,24728000,0.0,0.0,179.83333333333334,4446918666.666667,yahoo
META,2023-03-14,187.5800018310547,194.32000732421875,186.55999755859375,194.02000427246094,192.67413330078125,41642600,0.0,0.0,191.63333638509116,7980110373.749797,yahoo
META,2023-03-15,192.9499969482422,197.77999877929688,190.83999633789062,197.75,196.37823486328125,42123600,0.0,0.0,195.4566650390625,8233338375.439453,yahoo
META,2023-03-16,198.25999450683594,205.75999450683594,196.08999633789062,204.92999267578125,203.5084228515625,50447100,0.0,0.0,202.25999450683594,10203430168.885803,yahoo
META,2023-03-17,200.55999755859375,201.89999389648438,195.42999267578125,195.61000061035156,194.2530975341797,50141100,0.0,0.0,197.64666239420572,9910221063.774109,yahoo
META,2023-03-20,198.47999572753906,199.36000061035156,193.63999938964844,197.80999755859375,196.4378204345703,25186300,0.0,0.0,196.9366658528646,4960105947.170004,yahoo
META,2023-03-21,203.1999969482422,203.5500030517578,197.9499969482422,202.16000366210938,200.7576446533203,31827000,0.0,0.0,201.22000122070312,6404228978.851318,yahoo
META,2023-03-22,202.5,207.3699951171875,199.6699981689453,199.80999755859375,198.42393493652344,28477800,0.0,0.0,202.28333028157553,5760584223.092651,yahoo
META,2023-03-23,202.83999633789062,207.8800048828125,202.14999389648438,204.27999877929688,202.86293029785156,27389700,0.0,0.0,204.7699991861979,5608588846.710205,yahoo
META,2023-03-24,205.17999267578125,207.5800018310547,203.5500030517578,206.00999450683594,204.58090209960938,27716400,0.0,0.0,205.7133331298828,5701633026.361084,yahoo
META,2023-03-27,204.80999755859375,205.86000061035156,201.36000061035156,202.83999633789062,201.43292236328125,18527200,0.0,0.0,203.35333251953125,3767567862.2558594,yahoo
META,2023-03-28,200.14999389648438,201.02999877929688,197.89999389648438,200.67999267578125,199.2879180908203,19127300,0.0,0.0,199.8699951171875,3822973357.6049805,yahoo
META,2023-03-29,203.55999755859375,205.72000122070312,202.5399932861328,205.35000610351562,203.92550659179688,18851100,0.0,0.0,204.5366668701172,3855741160.835266,yahoo
META,2023-03-30,203.3800048828125,208.08999633789062,202.82000732421875,207.83999633789062,206.3982391357422,22608300,0.0,0.0,206.25,4662961875.0,yahoo
META,2023-03-31,207.24000549316406,212.1699981689453,206.77000427246094,211.94000244140625,210.46978759765625,25440300,0.0,0.0,210.2933349609375,5349925529.406738,yahoo
META,2023-04-03,208.83999633789062,213.49000549316406,208.1999969482422,213.07000732421875,211.5919647216797,17924600,0.0,0.0,211.586669921875,3792606423.6816406,yahoo
META,2023-04-04,213.38999938964844,216.24000549316406,212.5399932861328,214.72000122070312,213.23048400878906,21026400,0.0,0.0,214.5,4510162800.0,yahoo
META,2023-04-05,214.14999389648438,215.19000244140625,209.94000244140625,211.47999572753906,210.01296997070312,19396600,0.0,0.0,212.20333353678384,4116023179.2795815,yahoo
META,2023-04-06,209.25,216.94000244140625,208.64999389648438,216.10000610351562,214.6009521484375,26104400,0.0,0.0,213.89666748046875,5583644166.577148,yahoo
META,2023-04-10,214.7100067138672,215.66000366210938,210.66000366210938,214.75,213.26031494140625,16106100,0.0,0.0,213.69000244140625,3441712548.321533,yahoo
META,2023-04-11,215.47999572753906,216.02000427246094,213.41000366210938,213.85000610351562,212.36656188964844,16710100,0.0,0.0,214.42667134602866,3583091120.8592734,yahoo
META,2023-04-12,214.83999633789062,216.83999633789062,212.5800018310547,214.0,212.5155029296875,18972200,0.0,0.0,214.47333272298178,4069030963.086955,yahoo
META,2023-04-13,215.72999572753906,221.14999389648438,215.69000244140625,220.35000610351562,218.82144165039062,23310400,0.0,0.0,219.0633341471354,5106453944.303385,yahoo
META,2023-04-14,217.8800048828125,222.11000061035156,217.5500030517578,221.49000549316406,219.9535675048828,21591200,0.0,0.0,220.38333638509116,4758340692.55778,yahoo
META,2023-04-17,219.7899932861328,220.97999572753906,217.1300048828125,218.86000061035156,217.341796875,15481900,0.0,0.0,218.99000040690103,3390381287.299601,yahoo
META,2023-04-18,219.91000366210938,220.44000244140625,216.2100067138672,217.88999938964844,216.3785400390625,12281000,0.0,0.0,218.18000284830728,2679468614.9800615,yahoo
META,2023-04-19,213.47000122070312,217.3300018310547,212.92999267578125,215.6999969482422,214.20372009277344,15898100,0.0,0.0,215.31999715169272,3423178846.717326,yahoo
META,2023-04-20,213.47999572753906,216.75,212.77000427246094,213.07000732421875,211.5919647216797,16475400,0.0,0.0,214.19667053222656,3528975825.6866455,yahoo
META,2023-04-21,210.2100067138672,213.41000366210938,209.5800018310547,212.88999938964844,211.41319274902344,17717200,0.0,0.0,211.96000162760416,3755337740.8365884,yahoo
META,2023-04-24,213.67999267578125,213.9199981689453,210.7100067138672,212.7899932861328,211.3138885498047,15750900,0.0,0.0,212.47333272298178,3346646216.3864136,yahoo
META,2023-04-25,210.82000732421875,211.25999450683594,207.1300048828125,207.5500030517578,206.11024475097656,19198200,0.0,0.0,208.64666748046875,4005640451.623535,yahoo
META,2023-04-26,212.5,214.11000061035156,208.8800048828125,209.39999389648438,207.94741821289062,41992700,0.0,0.0,210.79666646321616,8851921175.789898,yahoo
META,2023-04-27,239.88999938964844,241.69000244140625,236.77000427246094,238.55999755859375,236.9051513671875,71196500,0.0,0.0,239.0066680908203,17016438244.728088,yahoo
META,2023-04-28,239.00999450683594,240.42999267578125,235.75,240.32000732421875,238.65293884277344,39554000,0.0,0.0,238.83333333333334,9446813666.666668,yahoo
META,2023-05-01,238.6199951171875,244.0,236.4600067138672,243.17999267578125,241.4930877685547,29143900,0.0,0.0,241.2133331298828,7029897259.403992,yahoo
META,2023-05-02,243.17999267578125,244.9199981689453,238.99000549316406,239.24000549316406,237.58042907714844,24350100,0.0,0.0,241.0500030517578,5869591679.310608,yahoo
META,2023-05-03,239.47000122070312,241.75,232.75,237.02999877929688,235.3857421875,34463900,0.0,0.0,237.17666625976562,8174032908.309937,yahoo
META,2023-05-04,236.05999755859375,238.1999969482422,232.92999267578125,233.52000427246094,231.90008544921875,17889400,0.0,0.0,234.88333129882812,4201921866.937256,yahoo
META,2023-05-05,232.24000549316406,234.67999267578125,229.85000610351562,232.77999877929688,231.16522216796875,27000500,0.0,0.0,232.4366658528646,6275906196.3602705,yahoo
META,2023-05-08,231.4199981689453,235.6199951171875,230.27000427246094,233.27000427246094,231.65184020996094,16400500,0.0,0.0,233.05333455403647,3822191213.353475,yahoo
META,2023-05-09,231.4600067138672,235.8800048828125,231.0800018310547,233.3699951171875,231.7511444091797,16865600,0.0,0.0,233.4433339436849,3937161892.9606123,yahoo
META,2023-05-10,236.1699981689453,236.75,230.72000122070312,233.0800018310547,231.46315002441406,19119000,0.0,0.0,233.51666768391928,4464605169.448853,yahoo
META,2023-05-11,233.0500030517578,238.2100067138672,232.3000030517578,235.7899932861328,234.15435791015625,20449000,0.0,0.0,235.43333435058594,4814376254.135132,yahoo
META,2023-05-12,236.74000549316406,236.9600067138672,231.4499969482422,233.80999755859375,232.18807983398438,16161400,0.0,0.0,234.07333374023438,3782952775.909424,yahoo
META,2023-05-15,236.9199981689453,240.25999450683594,235.3300018310547,238.86000061035156,237.20306396484375,20653200,0.0,0.0,238.1499989827474,4918559558.9904785,yahoo
META,2023-05-16,235.7899932861328,239.63999938964844,235.52000427246094,238.82000732421875,237.16336059570312,18163800,0.0,0.0,237.99333699544272,4322863374.517822,yahoo
META,2023-05-17,238.4499969482422,243.83999633789062,238.13999938964844,242.49000549316406,240.807861328125,21193100,0.0,0.0,241.49000040690103,5117921727.623494,yahoo
META,2023-05-18,241.3000030517578,247.08999633789062,241.19000244140625,246.85000610351562,245.13763427734375,22943300,0.0,0.0,245.0433349609375,5622102747.009277,yahoo
META,2023-05-19,247.47000122070312,248.69000244140625,243.41000366210938,245.63999938964844,243.93605041503906,21733600,0.0,0.0,245.91333516438803,5344582061.128744,yahoo
META,2023-05-22,245.41000366210938,253.57000732421875,245.1199951171875,248.32000732421875,246.59744262695312,27738500,0.0,0.0,249.00333658854166,6906979051.961263,yahoo
META,2023-05-23,246.80999755859375,251.61000061035156,246.64999389648438,246.74000549316406,245.0283966064453,17748100,0.0,0.0,248.33333333333334,4407444833.333334,yahoo
META,2023-05-24,245.27999877929688,249.58999633789062,244.9499969482422,249.2100067138672,247.4812774658203,17724300,0.0,0.0,247.91666666666666,4394149375.0,yahoo
META,2023-05-25,253.39999389648438,255.6199951171875,249.1699981689453,252.69000244140625,250.93711853027344,22371400,0.0,0.0,252.4933319091797,5648629325.473022,yahoo
META,2023-05-26,252.92999267578125,262.30999755859375,252.7100067138672,262.0400085449219,260.2223205566406,25727200,0.0,0.0,259.02000427246094,6663859453.918457,yahoo
META,2023-05-30,265.25,268.6499938964844,261.2900085449219,262.5199890136719,260.6989440917969,23816500,0.0,0.0,264.15333048502606,6291207795.496623,yahoo
META,2023-05-31,260.0,265.0,258.45001220703125,264.7200012207031,262.8836669921875,25473700,0.0,0.0,262.7233378092448,6692535490.351359,yahoo
META,2023-06-01,265.8999938964844,274.0,265.8900146484375,272.6099853515625,270.71893310546875,25609500,0.0,0.0,270.8333333333333,6935906249.999999,yahoo
META,2023-06-02,272.6600036621094,275.3500061035156,271.1199951171875,272.6099853515625,270.71893310546875,19416900,0.0,0.0,273.0266621907552,5301331397.091675,yahoo
META,2023-06-05,270.29998779296875,275.57000732421875,269.55999755859375,271.3900146484375,269.50738525390625,20742900,0.0,0.0,272.17333984375,5645664371.044922,yahoo
META,2023-06-06,270.1400146484375,276.57000732421875,269.69000244140625,271.1199951171875,269.23931884765625,19419000,0.0,0.0,272.4600016276042,5290900771.606445,yahoo
META,2023-06-07,271.6700134277344,274.25,262.79998779296875,263.6000061035156,261.77142333984375,26163600,0.0,0.0,266.8833312988281,6982628726.77002,yahoo
META,2023-06-08,260.6199951171875,267.6499938964844,258.8800048828125,264.5799865722656,262.74462890625,20899400,0.0,0.0,263.7033284505208,5511241342.618814,yahoo
META,2023-06-09,262.4800109863281,267.95001220703125,261.70001220703125,264.95001220703125,263.1120910644531,16949800,0.0,0.0,264.86667887369794,4489437233.573405,yahoo
META,2023-06-12,267.1700134277344,271.75,265.3299865722656,271.04998779296875,269.16973876953125,15442500,0.0,0.0,269.3766581217448,4159849043.0450444,yahoo
META,2023-06-13,274.8800048828125,275.7200012207031,269.0899963378906,271.32000732421875,269.4378662109375,16164000,0.0,0.0,272.0433349609375,4397308466.308594,yahoo
META,2023-06-14,271.8900146484375,274.989990234375,268.32000732421875,273.3500061035156,271.45379638671875,19175100,0.0,0.0,272.2200012207031,5219845745.4071045,yahoo
META,2023-06-15,272.29998779296875,283.989990234375,271.4200134277344,281.8299865722656,279.875,25973500,0.0,0.0,279.0799967447917,7248684295.450847,yahoo
META,2023-06-16,284.75,287.8500061035156,280.1300048828125,281.0,279.0507507324219,43127700,0.0,0.0,282.9933369954427,12204851739.938354,yahoo
META,2023-06-20,278.7300109863281,284.79998779296875,276.2200012207031,284.3299865722656,282.357666015625,20701600,0.0,0.0,281.7833251953125,5833365684.863281,yahoo
META,2023-06-21,283.5299987792969,284.0,278.3599853515625,281.6400146484375,279.68634033203125,20556200,0.0,0.0,281.3333333333333,5783144266.666666,yahoo
META,2023-06-22,279.0799865722656,285.260009765625,277.7900085449219,284.8800048828125,282.90380859375,17563100,0.0,0.0,282.6433410644531,4964093263.449097,yahoo
META,2023-06-23,281.510009765625,289.6700134277344,278.95001220703125,288.7300109863281,286.72711181640625,51092000,0.0,0.0,285.78334554036456,14601242690.348307,yahoo
META,2023-06-26,288.70001220703125,289.7900085449219,277.6000061035156,278.4700012207031,276.538330078125,24232700,0.0,0.0,281.9533386230469,6832490668.850708,yahoo
META,2023-06-27,282.010009765625,289.3500061035156,280.6499938964844,287.04998779296875,285.0588073730469,26108300,0.0,0.0,285.68332926432294,7458706065.431723,yahoo
META,2023-06-28,284.82000732421875,289.54998779296875,284.05999755859375,285.2900085449219,283.3110046386719,16722100,0.0,0.0,286.2999979654948,4787537195.978801,yahoo
META,2023-06-29,284.5,286.57000732421875,280.69000244140625,281.5299987792969,279.5770568847656,15395700,0.0,0.0,282.9300028483073,4355905444.851685,yahoo
META,2023-06-30,284.760009765625,289.04998779296875,284.4200134277344,286.9800109863281,284.9892578125,19694900,0.0,0.0,286.81667073567706,5648825648.472086,yahoo
META,2023-07-03,286.70001220703125,289.3999938964844,284.8500061035156,286.0199890136719,284.0358581542969,8629300,0.0,0.0,286.7566630045573,2474509272.0652266,yahoo
META,2023-07-05,287.6499938964844,298.1199951171875,286.3599853515625,294.3699951171875,292.3280029296875,33865500,0.0,0.0,292.9499918619792,9920897949.401855,yahoo
META,2023-07-06,295.8900146484375,298.1199951171875,291.30999755859375,291.989990234375,289.96453857421875,47600500,0.0,0.0,293.80666097005206,13985343965.504963,yahoo
META,2023-07-07,292.17999267578125,296.20001220703125,288.6600036621094,290.5299987792969,288.5146179199219,25586000,0.0,0.0,291.7966715494792,7465909638.264975,yahoo
META,2023-07-10,295.54998779296875,298.1300048828125,287.04998779296875,294.1000061035156,292.0599060058594,37058300,0.0,0.0,293.0933329264323,10861540659.587606,yahoo
META,2023-07-11,293.8999938964844,300.17999267578125,291.8999938964844,298.2900085449219,296.2208251953125,27585900,0.0,0.0,296.7899983723958,8187219216.101073,yahoo
META,2023-07-12,301.75,309.45001220703125,300.1000061035156,309.3399963378906,307.1941223144531,36677100,0.0,0.0,306.2966715494792,11234073652.087402,yahoo
META,2023-07-13,313.6199951171875,316.239990234375,310.2900085449219,313.4100036621094,311.2359313964844,30281000,0.0,0.0,313.31333414713544,9487441071.309408,yahoo
META,2023-07-14,311.7900085449219,314.8800048828125,307.3599853515625,308.8699951171875,306.7274169921875,23054100,0.0,0.0,310.3699951171875,7155300904.431152,yahoo
META,2023-07-17,307.5400085449219,311.7099914550781,304.7099914550781,310.6199951171875,308.4652099609375,25323100,0.0,0.0,309.01332600911456,7825175355.861409,yahoo
META,2023-07-18,310.8800048828125,314.20001220703125,307.6199951171875,312.04998779296875,309.8853454589844,20731900,0.0,0.0,311.2899983723958,6453633117.256673,yahoo
META,2023-07-19,313.0299987792969,318.67999267578125,310.5199890136719,316.010009765625,313.81787109375,21763700,0.0,0.0,315.0699971516927,6857088897.010294,yahoo
META,2023-07-20,313.5,315.5400085449219,302.2200012207031,302.5199890136719,300.4214782714844,23836900,0.0,0.0,306.75999959309894,7312207434.30074,yahoo
META,2023-07-21,304.57000732421875,305.4599914550781,291.20001220703125,294.260009765625,292.21875,42139300,0.0,0.0,296.9733378092448,12514248573.94511,yahoo
META,2023-07-24,295.7799987792969,297.5199890136719,288.29998779296875,291.6099853515625,289.5871276855469,24915700,0.0,0.0,292.4766540527344,7287260569.381714,yahoo
META,2023-07-25,295.19000244140625,298.29998779296875,291.8599853515625,294.4700012207031,292.4273376464844,19585600,0.0,0.0,294.8766581217448,5775336275.309245,yahoo
META,2023-07-26,301.19000244140625,301.7699890136719,291.8999938964844,298.57000732421875,296.4989013671875,47256900,0.0,0.0,297.413330078125,14054831998.168945,yahoo
META,2023-07-27,325.1199951171875,325.3500061035156,309.8399963378906,311.7099914550781,309.5476379394531,64229200,0.0,0.0,315.6333312988281,20272876362.65869,yahoo
META,2023-07-28,316.8800048828125,326.20001220703125,314.25,325.4800109863281,323.2221984863281,39220300,0.0,0.0,321.97667439778644,12628021762.883503,yahoo
META,2023-07-31,323.69000244140625,325.6600036621094,317.5899963378906,318.6000061035156,316.38995361328125,25799600,0.0,0.0,320.6166687011719,8271781805.822754,yahoo
META,2023-08-01,317.5400085449219,324.1400146484375,314.6600036621094,322.7099914550781,320.47137451171875,22817900,0.0,0.0,320.5033365885417,7313213083.943686,yahoo
META,2023-08-02,318.0,318.3900146484375,310.6499938964844,314.30999755859375,312.1296691894531,20461100,0.0,0.0,314.4500020345052,6433992936.628214,yahoo
META,2023-08-03,309.92999267578125,315.95001220703125,309.92999267578125,313.19000244140625,311.0174560546875,15180200,0.0,0.0,313.02333577473956,4751756841.727701,yahoo
META,2023-08-04,314.9599914550781,318.4100036621094,310.20001220703125,310.7300109863281,308.57452392578125,17612800,0.0,0.0,313.11334228515625,5514802675.0,yahoo
META,2023-08-07,313.2300109863281,317.07000732421875,310.4599914550781,316.55999755859375,314.3640441894531,16236500,0.0,0.0,314.69666544596356,5109572408.513388,yahoo
META,2023-08-08,314.3999938964844,317.8900146484375,310.1099853515625,312.6400146484375,310.4712829589844,15183500,0.0,0.0,313.5466715494792,4760735887.471518,yahoo
META,2023-08-09,312.8800048828125,313.6300048828125,302.8500061035156,305.2099914550781,303.0928039550781,19955800,0.0,0.0,307.23000081380206,6131020450.240071,yahoo
META,2023-08-10,307.94000244140625,312.3399963378906,303.8699951171875,305.739990234375,303.619140625,14358900,0.0,0.0,307.31666056315106,4412729197.3602295,yahoo
META,2023-08-11,302.57000732421875,304.7200012207031,300.3599853515625,301.6400146484375,299.5475769042969,14046300,0.0,0.0,302.24000040690106,4245353717.7154546,yahoo
META,2023-08-14,300.9800109863281,306.2099914550781,298.25,306.19000244140625,304.0660095214844,15641900,0.0,0.0,303.5499979654948,4748098713.176474,yahoo
META,2023-08-15,306.1400146484375,307.2300109863281,300.0299987792969,301.95001220703125,299.85540771484375,11623600,0.0,0.0,303.07000732421875,3522764537.133789,yahoo
META,2023-08-16,300.20001220703125,301.0799865722656,294.2799987792969,294.2900085449219,292.24853515625,18547700,0.0,0.0,296.5499979654948,5500320397.264608,yahoo
META,2023-08-17,293.04998779296875,296.04998779296875,284.95001220703125,285.0899963378906,283.1123962402344,23950100,0.0,0.0,288.69666544596356,6914314007.097372,yahoo
META,2023-08-18,279.0299987792969,285.69000244140625,274.3800048828125,283.25,281.2851257324219,35347900,0.0,0.0,281.10666910807294,9936530428.965252,yahoo
META,2023-08-21,283.45001220703125,290.5,281.8500061035156,289.8999938964844,287.8890075683594,20181500,0.0,0.0,287.4166666666667,5800499458.333334,yahoo
META,2023-08-22,292.54998779296875,292.8999938964844,286.75,287.6000061035156,285.6049499511719,12980200,0.0,0.0,289.0833333333333,3752359483.333333,yahoo
META,2023-08-23,288.5,297.3999938964844,287.6700134277344,294.239990234375,292.1988830566406,18287000,0.0,0.0,293.10333251953125,5359980641.784668,yahoo
META,2023-08-24,298.5,299.4599914550781,286.6400146484375,286.75,284.7608642578125,18360900,0.0,0.0,290.9500020345052,5342103892.355347,yahoo
META,2023-08-25,286.1300048828125,288.3900146484375,276.0299987792969,285.5,283.51953125,23701400,0.0,0.0,283.3066711425781,6714764735.418701,yahoo
META,2023-08-28,288.0,291.45001220703125,285.79998779296875,290.260009765625,288.24652099609375,14239300,0.0,0.0,289.1700032552083,4117578427.3518877,yahoo
META,2023-08-29,288.5799865722656,299.1499938964844,288.17999267578125,297.989990234375,295.9228820800781,20844500,0.0,0.0,295.1066589355469,6151350752.182007,yahoo
META,2023-08-30,297.1700134277344,298.2900085449219,293.42999267578125,295.1000061035156,293.0529479980469,17717000,0.0,0.0,295.60666910807294,5237263356.5877285,yahoo
META,2023-08-31,295.79998779296875,301.1000061035156,295.6600036621094,295.8900146484375,293.8374938964844,17229900,0.0,0.0,297.5500081380208,5126756885.217285,yahoo
META,2023-09-01,299.3699951171875,301.739990234375,294.4700012207031,296.3800048828125,294.3240966796875,12842300,0.0,0.0,297.5299987792969,3820969503.3233643,yahoo
META,2023-09-05,297.0199890136719,301.3900146484375,295.510009765625,300.1499938964844,298.0679016113281,14956000,0.0,0.0,299.0166727701823,4472093357.950847,yahoo
META,2023-09-06,301.7099914550781,303.29998779296875,295.6600036621094,299.1700134277344,297.0946960449219,15418100,0.0,0.0,299.3766682942708,4615819409.4278965,yahoo
META,2023-09-07,298.0,307.04998779296875,292.2200012207031,298.6700134277344,296.5981750488281,33748700,0.0,0.0,299.31333414713544,10101435920.13143,yahoo
META,2023-09-08,299.2200012207031,305.25,296.7799987792969,297.8900146484375,295.8236083984375,17548000,0.0,0.0,299.9733378092448,5263932131.876628,yahoo
META,2023-09-11,301.4100036621094,309.0400085449219,301.2799987792969,307.55999755859375,305.4265441894531,19489300,0.0,0.0,305.9600016276042,5962946259.720866,yahoo
META,2023-09-12,306.3299865722656,308.6600036621094,300.2300109863281,301.6600036621094,299.5674743652344,13480400,0.0,0.0,303.5166727701823,4091526155.6111655,yahoo
META,2023-09-13,302.3599853515625,307.17999267578125,301.32000732421875,305.05999755859375,302.9438781738281,13210900,0.0,0.0,304.51999918619794,4022983257.2489424,yahoo
META,2023-09-14,306.739990234375,312.8699951171875,305.0299987792969,311.7200012207031,309.5576477050781,19343100,0.0,0.0,309.8733317057292,5993910842.51709,yahoo
META,2023-09-15,311.6099853515625,312.0,298.75,300.30999755859375,298.2267761230469,28131100,0.0,0.0,303.68666585286456,8543039965.773519,yahoo
META,2023-09-18,298.19000244140625,303.6000061035156,297.79998779296875,302.54998779296875,300.45123291015625,14234200,0.0,0.0,301.31666056315106,4289001609.788005,yahoo
META,2023-09-19,302.4800109863281,306.1700134277344,299.80999755859375,305.07000732421875,302.95379638671875,15924400,0.0,0.0,303.68333943684894,4835974970.528157,yahoo
META,2023-09-20,305.04998779296875,308.05999755859375,299.42999267578125,299.6700134277344,297.5912170410156,19379500,0.0,0.0,302.3866678873698,5860102430.323283,yahoo
META,2023-09-21,295.70001220703125,300.260009765625,293.2699890136719,295.7300109863281,293.67852783203125,21319600,0.0,0.0,296.4200032552083,6319555901.399739,yahoo
META,2023-09-22,299.29998779296875,305.3800048828125,298.2699890136719,299.0799865722656,297.00531005859375,25369600,0.0,0.0,300.9099934895833,7633966170.833333,yahoo
META,2023-09-25,295.6400146484375,300.95001220703125,293.70001220703125,300.8299865722656,298.7431640625,18987000,0.0,0.0,298.4933369954427,5667492989.532471,yahoo
META,2023-09-26,297.6600036621094,300.29998779296875,296.010009765625,298.9599914550781,296.88616943359375,19417200,0.0,0.0,298.42332967122394,5794545476.89209,yahoo
META,2023-09-27,300.45001220703125,301.29998779296875,286.7900085449219,297.739990234375,295.67462158203125,36429800,0.0,0.0,295.2766621907552,10756869748.276773,yahoo
META,2023-09-28,298.94000244140625,306.3299865722656,296.70001220703125,303.9599914550781,301.8514709472656,22167100,0.0,0.0,302.3299967447917,6701779270.841472,yahoo
META,2023-09-29,307.3800048828125,310.6400146484375,299.3599853515625,300.2099914550781,298.1275634765625,25373700,0.0,0.0,303.40333048502606,7698465086.727906,yahoo
META,2023-10-02,302.739990234375,307.17999267578125,301.6300048828125,306.82000732421875,304.691650390625,16265600,0.0,0.0,305.2100016276042,4964423802.473959,yahoo
META,2023-10-03,304.260009765625,306.7699890136719,299.6400146484375,300.94000244140625,298.8523864746094,17362300,0.0,0.0,302.4500020345052,5251227670.323689,yahoo
META,2023-10-04,298.7300109863281,306.8999938964844,298.5,305.5799865722656,303.460205078125,16880500,0.0,0.0,303.6599934895833,5125932520.100911,yahoo
META,2023-10-05,304.6300048828125,306.2099914550781,299.5,304.7900085449219,302.6757507324219,19130000,0.0,0.0,303.5,5805955000.0,yahoo
META,2023-10-06,301.44000244140625,316.30999755859375,300.9100036621094,315.42999267578125,313.2419128417969,21803900,0.0,0.0,310.8833312988281,6778469067.306519,yahoo
META,2023-10-09,312.5,320.3299865722656,311.82000732421875,318.3599853515625,316.1515808105469,22503700,0.0,0.0,316.83665974934894,7129997140.001424,yahoo
META,2023-10-10,319.1199951171875,324.6600036621094,318.1600036621094,321.8399963378906,319.6074523925781,19038000,0.0,0.0,321.55333455403644,6121732383.239746,yahoo
META,2023-10-11,323.010009765625,328.8399963378906,322.95001220703125,327.82000732421875,325.54595947265625,22036300,0.0,0.0,326.5366719563802,7195660064.232381,yahoo
META,2023-10-12,328.0,330.5400085449219,322.69000244140625,324.1600036621094,321.911376953125,20530500,0.0,0.0,325.7966715494792,6688768565.246582,yahoo
META,2023-10-13,323.5299987792969,325.04998779296875,312.3699951171875,314.69000244140625,312.50701904296875,21341000,0.0,0.0,317.3699951171875,6772993065.795898,yahoo
META,2023-10-16,318.6400146484375,321.82000732421875,315.5199890136719,321.1499938964844,318.92218017578125,16536100,0.0,0.0,319.4966634114583,5283228775.838216,yahoo
META,2023-10-17,318.17999267578125,324.3999938964844,317.29998779296875,324.0,321.7524108886719,16387800,0.0,0.0,321.8999938964844,5275232719.976807,yahoo
META,2023-10-18,321.3900146484375,325.94000244140625,315.55999755859375,316.9700012207031,314.7712097167969,16851000,0.0,0.0,319.49000040690106,5383725996.856689,yahoo
META,2023-10-19,319.8800048828125,321.8900146484375,311.75,312.80999755859375,310.6401062011719,18709200,0.0,0.0,315.48333740234375,5902440856.12793,yahoo
META,2023-10-20,314.1400146484375,315.29998779296875,306.4700012207031,308.6499938964844,306.5089416503906,22312300,0.0,0.0,310.13999430338544,6919936594.895427,yahoo
META,2023-10-23,309.5,317.3599853515625,307.260009765625,314.010009765625,311.8317565917969,17796800,0.0,0.0,312.8766682942708,5568203490.299479,yahoo
META,2023-10-24,316.7799987792969,318.3500061035156,310.6300048828125,312.54998779296875,310.3818664550781,19525500,0.0,0.0,313.8433329264323,6127947997.055054,yahoo
META,2023-10-25,310.0,310.8800048828125,298.8399963378906,299.5299987792969,297.4522399902344,42192500,0.0,0.0,303.0833333333333,12787843541.666666,yahoo
META,2023-10-26,295.0,295.0,279.3999938964844,288.3500061035156,286.3497314453125,66684100,0.0,0.0,287.5833333333333,19177235758.333332,yahoo
META,2023-10-27,294.4800109863281,299.30999755859375,292.9700012207031,296.7300109863281,294.6716003417969,29596300,0.0,0.0,296.336669921875,8770468984.00879,yahoo
META,2023-10-30,299.0899963378906,309.3999938964844,299.04998779296875,302.6600036621094,300.56048583984375,28435100,0.0,0.0,303.7033284505208,8635834514.823404,yahoo
META,2023-10-31,303.30999755859375,303.67999267578125,296.8599853515625,301.2699890136719,299.18011474609375,19434200,0.0,0.0,300.6033223470052,5841985087.156168,yahoo
META,2023-11-01,301.8500061035156,312.739990234375,301.8500061035156,311.8500061035156,309.686767578125,20434600,0.0,0.0,308.81333414713544,6310476957.963054,yahoo
META,2023-11-02,317.29998779296875,318.82000732421875,308.3299865722656,310.8699951171875,308.7135314941406,21631800,0.0,0.0,312.67332967122394,6763686932.781982,yahoo
META,2023-11-03,312.54998779296875,315.54998779296875,311.0199890136719,314.6000061035156,312.4176940917969,16764300,0.0,0.0,313.72332763671875,5259351981.500244,yahoo
META,2023-11-06,315.9800109863281,318.3299865722656,314.45001220703125,315.79998779296875,313.609375,12887700,0.0,0.0,316.1933288574219,4075004764.315796,yahoo
META,2023-11-07,317.05999755859375,321.0,315.1199951171875,318.82000732421875,316.6083984375,14055600,0.0,0.0,318.31333414713544,4474084899.438477,yahoo
META,2023-11-08,318.1400146484375,321.3299865722656,314.8800048828125,319.7799987792969,317.561767578125,13609700,0.0,0.0,318.663330078125,4336912323.364258,yahoo
META,2023-11-09,319.4200134277344,324.17999267578125,318.79998779296875,320.54998779296875,318.32635498046875,16103100,0.0,0.0,321.17665608723956,5171939810.638428,yahoo
META,2023-11-10,319.94000244140625,329.1000061035156,319.4599914550781,328.7699890136719,326.4893798828125,19096200,0.0,0.0,325.7766621907552,6221096296.5271,yahoo
META,2023-11-13,326.20001220703125,332.3299865722656,325.70001220703125,329.19000244140625,326.90643310546875,16908900,0.0,0.0,329.0733337402344,5564268092.880249,yahoo
META,2023-11-14,334.5400085449219,338.1000061035156,333.3299865722656,336.30999755859375,333.9770202636719,17179400,0.0,0.0,335.913330078125,5770789462.744141,yahoo
META,2023-11-15,337.92999267578125,338.3999938964844,330.0199890136719,332.7099914550781,330.4020080566406,14531200,0.0,0.0,333.7099914550781,4849206627.832031,yahoo
META,2023-11-16,329.3699951171875,334.5799865722656,326.3800048828125,334.19000244140625,331.87176513671875,18932600,0.0,0.0,331.71666463216144,6280258924.814859,yahoo
META,2023-11-17,330.260009765625,335.5,329.3500061035156,335.0400085449219,332.71588134765625,14494400,0.0,0.0,333.2966715494792,4830935276.106771,yahoo
META,2023-11-20,334.8900146484375,341.8699951171875,334.19000244140625,339.9700012207031,337.6116638183594,16960500,0.0,0.0,338.6766662597656,5744125598.098755,yahoo
META,2023-11-21,338.3299865722656,339.8999938964844,335.8999938964844,336.9800109863281,334.6424560546875,12027900,0.0,0.0,337.5933329264323,4060538849.105835,yahoo
META,2023-11-22,339.2099914550781,342.9200134277344,338.5799865722656,341.489990234375,339.12115478515625,10702700,0.0,0.0,340.9966634114583,3649584989.493815,yahoo
META,2023-11-24,340.1300048828125,341.8599853515625,336.7699890136719,338.2300109863281,335.8837890625,5467500,0.0,0.0,338.9533284505208,1853227323.3032227,yahoo
META,2023-11-27,336.17999267578125,339.8999938964844,334.20001220703125,334.70001220703125,332.3782653808594,15684500,0.0,0.0,336.2666727701823,5274174629.063925,yahoo
META,2023-11-28,333.3999938964844,339.3800048828125,333.3999938964844,338.989990234375,336.63848876953125,12637200,0.0,0.0,337.2566630045573,4261979901.721192,yahoo
META,2023-11-29,339.69000244140625,339.8999938964844,330.7799987792969,332.20001220703125,329.8956604003906,16024500,0.0,0.0,334.2933349609375,5356883546.081543,yahoo
META,2023-11-30,331.8900146484375,333.5,322.3999938964844,327.1499938964844,324.880615234375,23146400,0.0,0.0,327.68332926432294,7584689412.483725,yahoo
META,2023-12-01,325.4800109863281,326.8599853515625,320.760009765625,324.82000732421875,322.5668029785156,15276400,0.0,0.0,324.14666748046875,4951794151.098633,yahoo
META,2023-12-04,317.2900085449219,320.8599853515625,313.6600036621094,320.0199890136719,317.8000793457031,19037100,0.0,0.0,318.17999267578125,6057224338.568115,yahoo
META,2023-12-05,318.9800109863281,321.8800048828125,315.3900146484375,318.2900085449219,316.08209228515625,16952100,0.0,0.0,318.52000935872394,5399583050.650024,yahoo
META,2023-12-06,321.92999267578125,322.25,317.0400085449219,317.45001220703125,315.2478942871094,11294300,0.0,0.0,318.91334025065106,3601902938.792928,yahoo
META,2023-12-07,317.7699890136719,328.239990234375,317.7699890136719,326.5899963378906,324.3244323730469,15905100,0.0,0.0,324.1999918619792,5156433290.563965,yahoo
META,2023-12-08,323.0899963378906,333.1700134277344,323.0,332.75,330.44171142578125,14087400,0.0,0.0,329.64000447591144,4643770599.053955,yahoo
META,2023-12-11,329.3999938964844,329.8900146484375,320.0,325.2799987792969,323.0235595703125,25802500,0.0,0.0,325.0566711425781,8387274757.156372,yahoo
META,2023-12-12,324.6000061035156,334.4700012207031,324.55999755859375,334.2200012207031,331.9015808105469,18485500,0.0,0.0,331.0833333333333,6120240958.333333,yahoo
META,2023-12-13,333.92999267578125,338.3699951171875,332.6400146484375,334.739990234375,332.4179382324219,16353300,0.0,0.0,335.25,5482443825.0,yahoo
META,2023-12-14,333.8500061035156,334.70001220703125,328.6400146484375,333.1700134277344,330.8588562011719,19607300,0.0,0.0,332.1700134277344,6512957104.281616,yahoo
META,2023-12-15,331.989990234375,338.6600036621094,331.2200012207031,334.9200134277344,332.5967102050781,31776900,0.0,0.0,334.93333943684894,10643143233.950806,yahoo
META,2023-12-18,337.4800109863281,347.55999755859375,337.0199890136719,344.6199951171875,342.2294006347656,18993900,0.0,0.0,343.06666056315106,6516173844.070435,yahoo
META,2023-12-19,345.5799865722656,353.6000061035156,345.1199951171875,350.3599853515625,347.9295959472656,17729400,0.0,0.0,349.6933288574219,6199852904.644775,yahoo
META,2023-12-20,348.6499938964844,354.9599914550781,347.7900085449219,349.2799987792969,346.8570556640625,16369900,0.0,0.0,350.6766662597656,5740541959.005737,yahoo
META,2023-12-21,352.9800109863281,356.4100036621094,349.2099914550781,354.0899963378906,351.63372802734375,15289600,0.0,0.0,353.2366638183594,5400847295.1171875,yahoo
META,2023-12-22,355.5799865722656,357.20001220703125,351.2200012207031,353.3900146484375,350.9386291503906,11772800,0.0,0.0,353.9366760253906,4166825699.5117188,yahoo
META,2023-12-26,354.989990234375,356.9800109863281,353.45001220703125,354.8299865722656,352.3686218261719,9898600,0.0,0.0,355.086669921875,3514860910.888672,yahoo
META,2023-12-27,356.07000732421875,359.0,355.30999755859375,357.8299865722656,355.3477478027344,13207900,0.0,0.0,357.37999471028644,4720239232.133992,yahoo
META,2023-12-28,359.70001220703125,361.8999938964844,357.80999755859375,358.32000732421875,355.8343811035156,11798800,0.0,0.0,359.3433329264323,4239820116.5323896,yahoo
META,2023-12-29,358.989990234375,360.0,351.82000732421875,353.9599914550781,351.5046081542969,14987100,0.0,0.0,355.25999959309894,5324317139.901733,yahoo
META,2024-01-02,351.32000732421875,353.1600036621094,340.010009765625,346.2900085449219,343.8878479003906,19042200,0.0,0.0,346.48667399088544,6597868543.469238,yahoo
META,2024-01-03,344.9800109863281,347.95001220703125,343.17999267578125,344.4700012207031,342.0804138183594,15451100,0.0,0.0,345.2000020345052,5333719751.435343,yahoo
META,2024-01-04,344.5,348.1499938964844,343.3999938964844,347.1199951171875,344.7120361328125,12099900,0.0,0.0,346.22332763671875,4189267642.071533,yahoo
META,2024-01-05,346.989990234375,353.5,346.260009765625,351.95001220703125,349.50860595703125,13920700,0.0,0.0,350.57000732421875,4880179900.958252,yahoo
META,2024-01-08,354.70001220703125,358.9800109863281,352.04998779296875,358.6600036621094,356.17205810546875,13890200,0.0,0.0,356.56333414713544,4952736023.970541,yahoo
META,2024-01-09,356.3999938964844,360.6400146484375,355.3599853515625,357.42999267578125,354.95050048828125,13463900,0.0,0.0,357.80999755859375,4817518026.12915,yahoo
META,2024-01-10,360.1700134277344,372.94000244140625,359.0799865722656,370.4700012207031,367.90008544921875,22117200,0.0,0.0,367.4966634114583,8127997204.003906,yahoo
META,2024-01-11,372.1300048828125,372.7799987792969,362.92999267578125,369.6700134277344,367.10565185546875,17205400,0.0,0.0,368.4600016276042,6339501712.003581,yahoo
META,2024-01-12,370.1600036621094,377.05999755859375,369.5400085449219,374.489990234375,371.8921813964844,19310000,0.0,0.0,373.69666544596356,7216082609.761557,yahoo
META,2024-01-16,373.6499938964844,375.6099853515625,367.2300109863281,367.4599914550781,364.9109802246094,15306900,0.0,0.0,370.09999593098956,5665083627.716064,yahoo
META,2024-01-17,366.29998779296875,368.5400085449219,358.6099853515625,368.3699951171875,365.8146667480469,12724800,0.0,0.0,365.17332967122394,4646757585.400391,yahoo
META,2024-01-18,371.489990234375,376.8500061035156,370.95001220703125,376.1300048828125,373.5208435058594,16354300,0.0,0.0,374.6433410644531,6127029592.770386,yahoo
META,2024-01-19,379.0,384.3599853515625,377.9700012207031,383.45001220703125,380.79010009765625,21670800,0.0,0.0,381.9266662597656,8276656399.182129,yahoo
META,2024-01-22,387.95001220703125,390.3500061035156,381.1600036621094,381.7799987792969,379.1316833496094,17680500,0.0,0.0,384.4300028483073,6796914665.359497,yahoo
META,2024-01-23,384.6199951171875,388.3800048828125,382.0799865722656,385.20001220703125,382.5279235839844,15506100,0.0,0.0,385.2200012207031,5973259860.928345,yahoo
META,2024-01-24,390.0,396.1499938964844,387.80999755859375,390.70001220703125,387.9897766113281,15698500,0.0,0.0,391.55333455403644,6146800022.496541,yahoo
META,2024-01-25,390.1700134277344,395.489990234375,385.6600036621094,393.17999267578125,390.45257568359375,15091100,0.0,0.0,391.4433288574219,5907310420.120239,yahoo
META,2024-01-26,394.3500061035156,396.7900085449219,391.5899963378906,394.1400146484375,391.4059143066406,13163700,0.0,0.0,394.17333984375,5188779593.701172,yahoo
META,2024-01-29,394.989990234375,402.92999267578125,393.1000061035156,401.0199890136719,398.2381591796875,18742400,0.0,0.0,399.01666259765625,7478529897.0703125,yahoo
META,2024-01-30,403.5899963378906,406.3599853515625,399.57000732421875,400.05999755859375,397.2848815917969,18614700,0.0,0.0,401.9966634114583,7483047290.405273,yahoo
META,2024-01-31,389.0,398.0,387.1000061035156,390.1400146484375,387.43365478515625,20180800,0.0,0.0,391.7466735839844,7905761270.263672,yahoo
META,2024-02-01,393.94000244140625,400.5,393.04998779296875,394.7799987792969,392.04150390625,29727100,0.0,0.0,396.10999552408856,11775201447.944134,yahoo
META,2024-02-02,459.6000061035156,485.9599914550781,453.010009765625,474.989990234375,471.6950988769531,84707600,0.0,0.0,471.3199971516927,39924385790.72672,yahoo
META,2024-02-05,469.8800048828125,471.8999938964844,459.2200012207031,459.4100036621094,456.2231140136719,40832400,0.0,0.0,463.50999959309894,18926225707.385254,yahoo
META,2024-02-06,464.0,467.1199951171875,453.0,454.7200012207031,451.5656433105469,21655200,0.0,0.0,458.2799987792969,9924145029.56543,yahoo
META,2024-02-07,458.0,471.5199890136719,456.17999267578125,469.5899963378906,466.33251953125,23066000,0.0,0.0,465.76332600911456,10743296877.726236,yahoo
META,2024-02-08,468.32000732421875,470.5899963378906,465.0299987792969,470.0,466.7396545410156,18815100,0.0,0.0,468.5399983723958,8815626923.376465,yahoo
META,2024-02-09,472.95001220703125,473.5899963378906,467.4700012207031,468.1099853515625,464.86279296875,18413100,0.0,0.0,469.72332763671875,8649062604.107666,yahoo
META,2024-02-12,468.19000244140625,479.1499938964844,466.5799865722656,468.8999938964844,465.6473083496094,19382000,0.0,0.0,471.54332478841144,9139452721.04899,yahoo
META,2024-02-13,456.8699951171875,467.8900146484375,455.0899963378906,460.1199951171875,456.9281921386719,20916600,0.0,0.0,461.03333536783856,9643249862.554932,yahoo
META,2024-02-14,467.92999267578125,474.1099853515625,466.0899963378906,473.2799987792969,469.9969177246094,16858400,0.0,0.0,471.1599934895833,7943003634.244791,yahoo
META,2024-02-15,475.2799987792969,488.6199951171875,472.2200012207031,484.0299987792969,480.6723327636719,24212300,0.0,0.0,481.6233317057292,11661208594.258627,yahoo
META,2024-02-16,478.1099853515625,478.9599914550781,469.2099914550781,473.32000732421875,470.0366516113281,23324600,0.0,0.0,473.8299967447917,11051895142.073568,yahoo
META,2024-02-20,469.7200012207031,476.17999267578125,466.55999755859375,471.75,468.4775390625,18015500,0.0,0.0,471.4966634114583,8494248139.689127,yahoo
META,2024-02-21,466.5,469.0,461.7900085449219,468.0299987792969,465.2764892578125,12921800,0.5,0.0,466.27333577473956,6025090790.214029,yahoo
META,2024-02-22,480.239990234375,489.989990234375,476.05999755859375,486.1300048828125,483.27001953125,21625800,0.0,0.0,484.05999755859375,10468184695.202637,yahoo
META,2024-02-23,488.04998779296875,494.3599853515625,482.3500061035156,484.0299987792969,481.1823425292969,18374300,0.0,0.0,486.913330078125,8946691600.854492,yahoo
META,2024-02-26,483.4700012207031,486.1400146484375,480.6000061035156,481.739990234375,478.90582275390625,12101400,0.0,0.0,482.82667032877606,5842878668.31665,yahoo
META,2024-02-27,479.9800109863281,487.2699890136719,479.9200134277344,487.04998779296875,484.1845397949219,10809600,0.0,0.0,484.7466634114583,5239917532.8125,yahoo
META,2024-02-28,485.0,491.04998779296875,482.75,484.0199890136719,481.17242431640625,12715500,0.0,0.0,485.9399922688802,6178969971.694946,yahoo
META,2024-02-29,488.44000244140625,491.70001220703125,482.6099853515625,490.1300048828125,487.2464599609375,17732000,0.0,0.0,488.14666748046875,8655816707.763672,yahoo
META,2024-03-01,492.1099853515625,504.25,491.8500061035156,502.29998779296875,499.3448791503906,16273600,0.0,0.0,499.46666463216144,8128120713.557942,yahoo
META,2024-03-04,503.0,504.4200134277344,496.4200134277344,498.19000244140625,495.2590637207031,12324100,0.0,0.0,499.6766764322917,6158065328.019206,yahoo
META,2024-03-05,495.0,495.5799865722656,487.8900146484375,490.2200012207031,487.3359375,15325300,0.0,0.0,491.23000081380206,7528247131.471761,yahoo
META,2024-03-06,497.6300048828125,502.9700012207031,494.2900085449219,496.0899963378906,493.17138671875,11757900,0.0,0.0,497.78333536783856,5852886678.921509,yahoo
META,2024-03-07,503.2799987792969,519.8499755859375,501.3800048828125,512.1900024414062,509.1766662597656,18586400,0.0,0.0,511.13999430338544,9500252390.120443,yahoo
META,2024-03-08,514.1900024414062,523.5700073242188,499.3500061035156,505.95001220703125,502.9734191894531,18597100,0.0,0.0,509.6233418782552,9477516251.244099,yahoo
META,2024-03-11,497.010009765625,497.32000732421875,476.0,483.5899963378906,480.7449035644531,20428300,0.0,0.0,485.6366678873698,9920731542.603558,yahoo
META,2024-03-12,493.260009765625,502.30999755859375,484.7300109863281,499.75,496.8099060058594,15448200,0.0,0.0,495.59666951497394,7656076470.001221,yahoo
META,2024-03-13,495.3900146484375,500.9800109863281,491.0299987792969,495.57000732421875,492.65447998046875,12090700,0.0,0.0,495.86000569661456,5995294570.876058,yahoo
META,2024-03-14,500.260009765625,501.3500061035156,488.1600036621094,491.8299865722656,488.9364318847656,12620000,0.0,0.0,493.7799987792969,6231503584.594727,yahoo
META,2024-03-15,489.010009765625,491.8299865722656,481.29998779296875,484.1000061035156,481.2519836425781,29153600,0.0,0.0,485.7433268229167,14161166652.864584,yahoo
META,2024-03-18,491.9100036621094,497.4200134277344,486.80999755859375,496.9800109863281,494.05615234375,11755300,0.0,0.0,493.73667399088544,5804022723.765056,yahoo
META,2024-03-19,488.1700134277344,496.6300048828125,481.2799987792969,496.239990234375,493.3205261230469,10903100,0.0,0.0,491.3833312988281,5357601599.484253,yahoo
META,2024-03-20,499.5,508.20001220703125,495.1700134277344,505.5199890136719,502.5459289550781,11711100,0.0,0.0,502.9633382161458,5890253950.183105,yahoo
META,2024-03-21,514.7100219726562,515.0399780273438,506.010009765625,507.760009765625,504.7727355957031,9712500,0.0,0.0,509.60333251953125,4949522367.095947,yahoo
META,2024-03-22,507.0,509.9700012207031,504.3399963378906,509.5799865722656,506.58203125,8120600,0.0,0.0,507.9633280436198,4124967001.711019,yahoo
META,2024-03-25,505.7900085449219,507.2200012207031,500.239990234375,503.0199890136719,500.0606384277344,8380600,0.0,0.0,503.4933268229167,4219576174.7721357,yahoo
META,2024-03-26,505.1300048828125,510.0,495.2099914550781,495.8900146484375,492.97259521484375,11205400,0.0,0.0,500.3666687011719,5606808669.464111,yahoo
META,2024-03-27,499.29998779296875,499.8900146484375,488.07000732421875,493.8599853515625,490.95452880859375,9989700,0.0,0.0,493.94000244140625,4934312442.388916,yahoo
META,2024-03-28,492.8399963378906,492.8900146484375,485.1499938964844,485.5799865722656,482.72320556640625,15212800,0.0,0.0,487.8733317057292,7421919420.572917,yahoo
META,2024-04-01,487.20001220703125,497.42999267578125,481.7799987792969,491.3500061035156,488.4592590332031,9247000,0.0,0.0,490.18666585286456,4532756099.1414385,yahoo
META,2024-04-02,485.1000061035156,497.5299987792969,484.6499938964844,497.3699951171875,494.44384765625,11081000,0.0,0.0,493.18332926432294,5464964471.577963,yahoo
META,2024-04-03,498.92999267578125,507.239990234375,498.75,506.739990234375,503.75872802734375,12099200,0.0,0.0,504.2433268229167,6100940859.895834,yahoo
META,2024-04-04,516.4199829101562,530.0,510.5799865722656,510.9200134277344,507.9141845703125,26476300,0.0,0.0,517.1666666666666,13692659816.666666,yahoo
META,2024-04-05,516.8599853515625,530.7000122070312,514.4099731445312,527.3400268554688,524.237548828125,19263300,0.0,0.0,524.1500040690104,10096858773.382568,yahoo
META,2024-04-08,529.280029296875,531.489990234375,518.8900146484375,519.25,516.1951293945312,13260600,0.0,0.0,523.2100016276041,6938078547.583007,yahoo
META,2024-04-09,522.22998046875,525.8699951171875,506.739990234375,516.9000244140625,513.8590087890625,10863800,0.0,0.0,516.5033365885416,5611188948.030599,yahoo
META,2024-04-10,509.2900085449219,522.5599975585938,505.79998779296875,519.8300170898438,516.7717895507812,11418500,0.0,0.0,516.0633341471354,5892669180.959065,yahoo
META,2024-04-11,521.1099853515625,523.8599853515625,517.2899780273438,523.1599731445312,520.0820922851562,10369500,0.0,0.0,521.4366455078125,5407037295.593262,yahoo
META,2024-04-12,517.75,520.1900024414062,509.3299865722656,511.8999938964844,508.8883972167969,11984500,0.0,0.0,513.8066609700521,6157715928.39559,yahoo
META,2024-04-15,516.719970703125,518.530029296875,497.2799987792969,500.2300109863281,497.2870788574219,13512900,0.0,0.0,505.3466796875,6828699147.949219,yahoo
META,2024-04-16,498.1099853515625,504.7699890136719,497.1099853515625,499.760009765625,496.8197937011719,9847900,0.0,0.0,500.5466613769531,4929333466.574097,yahoo
META,2024-04-17,503.1000061035156,503.1600036621094,487.1400146484375,494.1700134277344,491.2627258300781,12193700,0.0,0.0,494.82334391276044,6033727408.669027,yahoo
META,2024-04-18,499.82000732421875,512.2100219726562,499.0400085449219,501.79998779296875,498.8477478027344,14808700,0.0,0.0,504.3500061035156,7468767935.385132,yahoo
META,2024-04-19,502.79998779296875,502.79998779296875,475.7300109863281,481.07000732421875,478.2397766113281,25215400,0.0,0.0,486.53333536783856,12268132664.634197,yahoo
META,2024-04-22,489.7200012207031,492.010009765625,473.3999938964844,481.7300109863281,478.8958740234375,17271100,0.0,0.0,482.3800048828125,8331233302.331543,yahoo
META,2024-04-23,491.25,498.760009765625,488.9700012207031,496.1000061035156,493.1813659667969,15079200,0.0,0.0,494.61000569661456,7458323197.900391,yahoo
META,2024-04-24,508.05999755859375,510.0,484.5799865722656,493.5,490.5966491699219,37772700,0.0,0.0,496.0266621907552,18736266302.93274,yahoo
META,2024-04-25,421.3999938964844,445.7699890136719,414.5,441.3800048828125,438.7832946777344,82890700,0.0,0.0,433.8833312988281,35964893049.69177,yahoo
META,2024-04-26,441.4599914550781,446.44000244140625,431.9599914550781,443.2900085449219,440.6820373535156,32691400,0.0,0.0,440.56333414713544,14402632181.937664,yahoo
META,2024-04-29,439.55999755859375,439.760009765625,428.55999755859375,432.6199951171875,430.07476806640625,21502600,0.0,0.0,433.64666748046875,9324530832.165527,yahoo
META,2024-04-30,431.04998779296875,439.6199951171875,429.7200012207031,430.1700134277344,427.63922119140625,18429500,0.0,0.0,433.1700032552083,7983106574.991861,yahoo
META,2024-05-01,428.6000061035156,449.9599914550781,427.1099853515625,439.19000244140625,436.60614013671875,20344900,0.0,0.0,438.7533264160156,8926392550.601196,yahoo
META,2024-05-02,438.8399963378906,443.9599914550781,432.2799987792969,441.67999267578125,439.08148193359375,15221300,0.0,0.0,439.30666097005206,6686818478.623453,yahoo
META,2024-05-03,445.92999267578125,454.1700134277344,443.8500061035156,451.9599914550781,449.301025390625,16489100,0.0,0.0,449.9933369954427,7419985133.051554,yahoo
META,2024-05-06,455.5799865722656,466.1600036621094,453.3399963378906,465.67999267578125,462.9402770996094,15094600,0.0,0.0,461.72666422526044,6969579305.814616,yahoo
META,2024-05-07,466.2900085449219,471.5299987792969,461.30999755859375,468.239990234375,465.4852294921875,13406800,0.0,0.0,467.0266621907552,6261333054.659017,yahoo
META,2024-05-08,463.5,475.5799865722656,463.0,472.6000061035156,469.819580078125,11683900,0.0,0.0,470.39333089192706,5496028638.808187,yahoo
META,2024-05-09,470.0,476.0799865722656,467.6300048828125,475.4200134277344,472.62298583984375,9437700,0.0,0.0,473.0433349609375,4464441082.36084,yahoo
META,2024-05-10,477.0899963378906,477.5,469.6000061035156,476.20001220703125,473.3984069824219,10750000,0.0,0.0,474.43333943684894,5100158398.946126,yahoo
META,2024-05-13,472.75,473.3500061035156,462.8500061035156,468.010009765625,465.2566223144531,14668800,0.0,0.0,468.07000732421875,6866025323.4375,yahoo
META,2024-05-14,463.3699951171875,472.5400085449219,460.0799865722656,471.8500061035156,469.0740051269531,10478600,0.0,0.0,468.1566670735677,4905626451.597086,yahoo
META,2024-05-15,474.9800109863281,482.5,471.20001220703125,481.5400085449219,478.7070007324219,13100500,0.0,0.0,478.41334025065106,6267453963.953654,yahoo
META,2024-05-16,475.0,477.69000244140625,472.75,473.2300109863281,470.4459228515625,16608200,0.0,0.0,474.5566711425781,7881532105.670166,yahoo
META,2024-05-17,470.8299865722656,472.79998779296875,468.4200134277344,471.9100036621094,469.1336364746094,10807300,0.0,0.0,471.0433349609375,5090706633.92334,yahoo
META,2024-05-20,469.95001220703125,473.20001220703125,467.0400085449219,468.8399963378906,466.08172607421875,11745100,0.0,0.0,469.69333902994794,5516595236.240642,yahoo
META,2024-05-21,467.1199951171875,470.70001220703125,462.2699890136719,464.6300048828125,461.8964538574219,11742200,0.0,0.0,465.8666687011719,5470299597.2229,yahoo
META,2024-05-22,467.8699951171875,473.7200012207031,465.6499938964844,467.7799987792969,465.0279541015625,10078600,0.0,0.0,469.0499979654948,4727367309.495036,yahoo
META,2024-05-23,472.8800048828125,474.3599853515625,461.5400085449219,465.7799987792969,463.03973388671875,11747900,0.0,0.0,467.22666422526044,5488932128.6519375,yahoo
META,2024-05-24,467.6199951171875,479.8500061035156,466.29998779296875,478.2200012207031,475.4065246582031,12024300,0.0,0.0,474.7899983723958,5709017377.429199,yahoo
META,2024-05-28,476.5799865722656,480.8599853515625,474.8399963378906,479.9200134277344,477.0965881347656,10175800,0.0,0.0,478.5399983723958,4869527315.437825,yahoo
META,2024-05-29,474.6600036621094,479.8500061035156,473.70001220703125,474.3599853515625,471.5691833496094,9226200,0.0,0.0,475.9700012207031,4391394425.262451,yahoo
META,2024-05-30,471.6700134277344,471.7300109863281,464.7099914550781,467.04998779296875,464.3022766113281,10719600,0.0,0.0,467.8299967447917,5014950433.105469,yahoo
META,2024-05-31,465.79998779296875,469.1199951171875,454.4599914550781,466.8299865722656,464.08349609375,16919800,0.0,0.0,463.46999104817706,7841819554.536946,yahoo
META,2024-06-03,470.8599853515625,479.6000061035156,468.239990234375,477.489990234375,474.6807861328125,11279400,0.0,0.0,475.10999552408856,5358955683.514404,yahoo
META,2024-06-04,477.0,478.8900146484375,473.2300109863281,476.989990234375,474.1837463378906,7088700,0.0,0.0,476.37000528971356,3376844056.4971924,yahoo
META,2024-06-05,484.45001220703125,496.6499938964844,483.9100036621094,495.05999755859375,492.1474609375,15690500,0.0,0.0,491.8733317057292,7717738511.128744,yahoo
META,2024-06-06,492.9800109863281,502.82000732421875,490.8900146484375,493.760009765625,490.8551025390625,10667300,0.0,0.0,495.82334391276044,5289096356.52059,yahoo
META,2024-06-07,495.9100036621094,498.9100036621094,490.1700134277344,492.9599914550781,490.059814453125,9380700,0.0,0.0,494.0133361816406,4634190902.719116,yahoo
META,2024-06-10,493.8599853515625,502.6600036621094,493.4100036621094,502.6000061035156,499.64306640625,11220900,0.0,0.0,499.5566711425781,5605475451.223755,yahoo
META,2024-06-11,500.1600036621094,507.6000061035156,498.2699890136719,507.4700012207031,504.4844665527344,9673700,0.0,0.0,504.44666544596356,4879865707.524618,yahoo
META,2024-06-12,513.989990234375,514.010009765625,504.4700012207031,508.8399963378906,505.8463439941406,11983200,0.0,0.0,509.10666910807294,6100727037.255859,yahoo
META,2024-06-13,505.7099914550781,509.3599853515625,501.3599853515625,504.1000061035156,501.13427734375,9954600,0.0,0.0,504.9399922688802,5026475647.039795,yahoo
META,2024-06-14,502.6499938964844,507.1499938964844,500.75,504.1600036621094,501.6915283203125,10243300,0.5,0.0,504.01999918619794,5162828057.663981,yahoo
META,2024-06-17,501.6700134277344,510.75,496.010009765625,506.6300048828125,504.1494445800781,11266600,0.0,0.0,504.4633382161458,5683586646.346028,yahoo
META,2024-06-18,504.55999755859375,506.0,495.0199890136719,499.489990234375,497.0444030761719,13060400,0.0,0.0,500.1699930826823,6532420177.657064,yahoo
META,2024-06-20,502.0,503.6700134277344,496.7699890136719,501.70001220703125,499.24359130859375,11801200,0.0,0.0,500.7133382161458,5909018246.95638,yahoo
META,2024-06-21,503.45001220703125,503.45001220703125,492.3900146484375,494.7799987792969,492.35748291015625,22359200,0.0,0.0,496.8733418782552,11109690425.724283,yahoo
META,2024-06-24,499.20001220703125,507.79998779296875,494.2900085449219,498.9100036621094,496.4672546386719,13525300,0.0,0.0,500.3333333333333,6767158433.333333,yahoo
META,2024-06-25,497.04998779296875,510.7099914550781,495.5,510.6000061035156,508.10003662109375,12063200,0.0,0.0,505.60333251953125,6099194120.849609,yahoo
META,2024-06-26,506.6499938964844,513.8099975585938,504.67999267578125,513.1199951171875,510.6076354980469,8882300,0.0,0.0,510.5366617838542,4534739790.9627285,yahoo
META,2024-06-27,514.25,522.8800048828125,513.9000244140625,519.5599975585938,517.01611328125,10121200,0.0,0.0,518.7800089518229,5250676226.603189,yahoo
META,2024-06-28,517.1500244140625,521.8800048828125,503.8399963378906,504.2200012207031,501.75128173828125,15855100,0.0,0.0,509.98000081380206,8085783910.902913,yahoo
META,2024-07-01,504.95001220703125,506.5799865722656,493.1700134277344,504.67999267578125,502.2089538574219,10328200,0.0,0.0,501.47666422526044,5179351283.451335,yahoo
META,2024-07-02,500.760009765625,510.5,499.45001220703125,509.5,507.00537109375,7739500,0.0,0.0,506.48333740234375,3919927789.8254395,yahoo
META,2024-07-03,506.3699951171875,511.2799987792969,506.0199890136719,509.9599914550781,507.4631652832031,6005600,0.0,0.0,509.08665974934894,3057370843.79069,yahoo
META,2024-07-05,511.6000061035156,540.8699951171875,511.6000061035156,539.9099731445312,537.2664184570312,21354100,0.0,0.0,530.7933247884115,11334613736.864218,yahoo
META,2024-07-08,542.3499755859375,542.8099975585938,526.6500244140625,529.3200073242188,526.7283935546875,14917500,0.0,0.0,532.9266764322916,7949933695.67871,yahoo
META,2024-07-09,533.75,537.47998046875,528.1900024414062,530.0,527.405029296875,8753200,0.0,0.0,531.8899943033854,4655739498.136393,yahoo
META,2024-07-10,530.7899780273438,538.8800048828125,528.3599853515625,534.6900024414062,532.072021484375,10983300,0.0,0.0,533.9766642252604,5864825896.185303,yahoo
META,2024-07-11,530.8900146484375,535.4600219726562,508.3699951171875,512.7000122070312,510.1897277832031,16458300,0.0,0.0,518.8433430989584,8539279393.725587,yahoo
META,2024-07-12,497.760009765625,508.0899963378906,494.2300109863281,498.8699951171875,496.4274597167969,19750500,0.0,0.0,500.39666748046875,9883084381.072998,yahoo
META,2024-07-15,498.6300048828125,506.67999267578125,493.3699951171875,496.1600036621094,493.7306823730469,12539200,0.0,0.0,498.7366638183594,6253758774.951172,yahoo
META,2024-07-16,501.5,503.95001220703125,485.7900085449219,489.7900085449219,487.3919372558594,14075800,0.0,0.0,493.1766764322917,6941856262.125651,yahoo
META,2024-07-17,479.1700134277344,479.1700134277344,459.1199951171875,461.989990234375,459.7279968261719,28076600,0.0,0.0,466.75999959309894,13105033804.575602,yahoo
META,2024-07-18,475.0,479.239990234375,464.5400085449219,475.8500061035156,473.5201416015625,19267200,0.0,0.0,473.2100016276042,9117431743.359375,yahoo
META,2024-07-19,476.05999755859375,486.7099914550781,475.7099914550781,476.7900085449219,474.45556640625,15149400,0.0,0.0,479.7366638183594,7267722614.8498535,yahoo
META,2024-07-22,486.5799865722656,492.05999755859375,483.8999938964844,487.3999938964844,485.0136413574219,12023100,0.0,0.0,487.7866617838542,5864707813.293457,yahoo
META,2024-07-23,489.8399963378906,495.2200012207031,487.7200012207031,488.69000244140625,486.2972717285156,9455500,0.0,0.0,490.5433349609375,4638332503.723145,yahoo
META,2024-07-24,472.30999755859375,476.29998779296875,460.5799865722656,461.2699890136719,459.01153564453125,17649700,0.0,0.0,466.04998779296875,8225642469.549561,yahoo
META,2024-07-25,463.260009765625,463.54998779296875,442.6499938964844,453.4100036621094,451.1900329589844,18240500,0.0,0.0,453.2033284505208,8266655312.601725,yahoo
META,2024-07-26,464.20001220703125,469.7699890136719,459.4200134277344,465.70001220703125,463.41986083984375,14222400,0.0,0.0,464.9633382161458,6612894581.4453125,yahoo
META,2024-07-29,469.8800048828125,473.9599914550781,465.0199890136719,465.7099914550781,463.4298095703125,11339600,0.0,0.0,468.22999064127606,5309540801.875814,yahoo
META,2024-07-30,467.0,472.7300109863281,456.70001220703125,463.19000244140625,460.9221496582031,11390400,0.0,0.0,464.20667521158856,5287499713.330078,yahoo
META,2024-07-31,471.0199890136719,476.5,466.75,474.8299865722656,472.5051574707031,24285800,0.0,0.0,472.6933288574219,11479735645.965576,yahoo
META,2024-08-01,521.0,527.1699829101562,492.1000061035156,497.739990234375,495.3030090332031,43083100,0.0,0.0,505.6699930826823,21785830878.98051,yahoo
META,2024-08-02,489.0,501.1499938964844,476.1499938964844,488.1400146484375,485.74993896484375,24044700,0.0,0.0,488.48000081380206,11745355075.567627,yahoo
META,2024-08-05,451.3500061035156,483.4800109863281,450.79998779296875,475.7300109863281,473.4007568359375,21396200,0.0,0.0,470.0033365885417,10056285390.315756,yahoo
META,2024-08-06,479.0,502.55999755859375,478.6499938964844,494.0899963378906,491.67083740234375,20955000,0.0,0.0,491.76666259765625,10304970414.733887,yahoo
META,2024-08-07,503.1300048828125,510.1499938964844,486.8599853515625,488.9200134277344,486.52618408203125,20105300,0.0,0.0,495.30999755859375,9958356093.914795,yahoo
META,2024-08-08,497.5,509.9599914550781,494.7200012207031,509.6300048828125,507.1347961425781,16156800,0.0,0.0,504.76999918619794,8155467922.8515625,yahoo
META,2024-08-09,507.7099914550781,518.3400268554688,505.70001220703125,517.77001953125,515.2349243164062,13696600,0.0,0.0,513.9366861979166,7039185216.178385,yahoo
META,2024-08-12,516.8599853515625,518.02001953125,509.1000061035156,515.9500122070312,513.423828125,9767400,0.0,0.0,514.356679280599,5023927429.205322,yahoo
META,2024-08-13,520.010009765625,531.5,518.1500244140625,528.5399780273438,525.9520874023438,13743800,0.0,0.0,526.0633341471354,7230109251.851399,yahoo
META,2024-08-14,528.0599975585938,534.0,523.1300048828125,526.760009765625,524.180908203125,11444200,0.0,0.0,527.9633382161459,6042118035.213217,yahoo
META,2024-08-15,531.7899780273438,539.77001953125,526.7000122070312,537.3300170898438,534.69921875,13482100,0.0,0.0,534.6000162760416,7207530879.435221,yahoo
META,2024-08-16,531.9000244140625,533.6599731445312,524.6599731445312,527.4199829101562,524.837646484375,14776700,0.0,0.0,528.5799763997396,7810667737.266032,yahoo
META,2024-08-19,526.8699951171875,531.6599731445312,522.760009765625,529.280029296875,526.6885375976562,9879700,0.0,0.0,527.9000040690104,5215493670.200602,yahoo
META,2024-08-20,528.3499755859375,531.0900268554688,525.8800048828125,526.72998046875,524.1510009765625,7944400,0.0,0.0,527.9000040690104,4193848792.325846,yahoo
META,2024-08-21,527.1500244140625,539.4000244140625,526.9299926757812,535.1599731445312,532.5396728515625,13423300,0.0,0.0,533.8299967447916,7165760195.304361,yahoo
META,2024-08-22,537.0,544.22998046875,528.5900268554688,531.9299926757812,529.3255615234375,15708300,0.0,0.0,534.9166666666666,8402631474.999999,yahoo
META,2024-08-23,536.9199829101562,539.8699951171875,525.0599975585938,528.0,525.414794921875,11323900,0.0,0.0,530.9766642252604,6012726648.020426,yahoo
META,2024-08-26,527.5999755859375,528.0,514.9500122070312,521.1199951171875,518.5685424804688,9584000,0.0,0.0,521.3566691080729,4996682316.7317705,yahoo
META,2024-08-27,518.97998046875,524.010009765625,515.3099975585938,519.0999755859375,516.5584106445312,6282700,0.0,0.0,519.4733276367188,3263695075.543213,yahoo
META,2024-08-28,517.6699829101562,521.0900268554688,512.4500122070312,516.780029296875,514.249755859375,9106100,0.0,0.0,516.7733561197916,4705789858.162435,yahoo
META,2024-08-29,519.0499877929688,527.2000122070312,515.6799926757812,518.219970703125,515.6826171875,8317400,0.0,0.0,520.3666585286459,4328097645.646159,yahoo
META,2024-08-30,521.3499755859375,523.5399780273438,515.2000122070312,521.3099975585938,518.7575073242188,9157500,0.0,0.0,520.0166625976562,4762052587.738037,yahoo
META,2024-09-03,519.6400146484375,525.489990234375,508.6199951171875,511.760009765625,509.2543029785156,12459100,0.0,0.0,515.2899983723959,6420049618.721518,yahoo
META,2024-09-04,506.07000732421875,516.5900268554688,504.07000732421875,512.739990234375,510.2295227050781,8335200,0.0,0.0,511.1333414713542,4260398627.8320312,yahoo
META,2024-09-05,511.7200012207031,521.6300048828125,511.1499938964844,516.8599853515625,514.329345703125,8640900,0.0,0.0,516.5466613769531,4463428046.292114,yahoo
META,2024-09-06,521.8800048828125,524.5800170898438,498.25,500.2699890136719,497.8205871582031,14744500,0.0,0.0,507.7000020345052,7485782679.997762,yahoo
META,2024-09-09,506.1600036621094,511.3299865722656,502.0799865722656,504.7900085449219,502.3184814453125,11047800,0.0,0.0,506.06666056315106,5590923252.56958,yahoo
META,2024-09-10,508.1600036621094,514.1799926757812,500.0299987792969,504.7900085449219,502.3184814453125,9899000,0.0,0.0,506.3333333333333,5012193666.666666,yahoo
META,2024-09-11,507.010009765625,513.1199951171875,495.6000061035156,511.8299865722656,509.323974609375,10782500,0.0,0.0,506.84999593098956,5465110081.125895,yahoo
META,2024-09-12,517.0499877929688,526.7100219726562,515.219970703125,525.5999755859375,523.0264892578125,11970500,0.0,0.0,522.5099894205729,6254705828.358968,yahoo
META,2024-09-13,520.3400268554688,527.5800170898438,517.1099853515625,524.6199951171875,522.0513916015625,10321400,0.0,0.0,523.1033325195312,5399158736.26709,yahoo
META,2024-09-16,524.5399780273438,534.0999755859375,517.4000244140625,533.280029296875,531.1752319335938,9527600,0.5,0.0,528.260009765625,5033050069.042969,yahoo
META,2024-09-17,537.5999755859375,542.0999755859375,530.5700073242188,536.3200073242188,534.2032470703125,11690800,0.0,0.0,536.3299967447916,6270126725.94401,yahoo
META,2024-09-18,537.0700073242188,544.2000122070312,533.9000244140625,537.9500122070312,535.8267822265625,10323500,0.0,0.0,538.683349609375,5561097559.692383,yahoo
META,2024-09-19,550.0,562.0700073242188,546.52001953125,559.0999755859375,556.893310546875,15647000,0.0,0.0,555.8966674804688,8698115156.066895,yahoo
META,2024-09-20,560.0,564.5,556.2999877929688,561.3499755859375,559.1343994140625,22066800,0.0,0.0,560.7166544596354,12373222270.629883,yahoo
META,2024-09-23,569.5,573.97998046875,562.4099731445312,564.4099731445312,562.182373046875,12830700,0.0,0.0,566.9333089192709,7274151206.750489,yahoo
META,2024-09-24,566.6799926757812,567.75,554.1900024414062,563.3300170898438,561.1065673828125,12993000,0.0,0.0,561.7566731770834,7298904454.589845,yahoo
META,2024-09-25,564.0499877929688,576.8800048828125,563.719970703125,568.3099975585938,566.0669555664062,16543400,0.0,0.0,569.6366577148438,9423727083.239746,yahoo
META,2024-09-26,575.72998046875,577.4000244140625,562.3499755859375,567.8400268554688,565.598876953125,14400800,0.0,0.0,569.1966756184896,8196887486.246745,yahoo
META,2024-09-27,570.0999755859375,570.8400268554688,564.510009765625,567.3599853515625,565.1207275390625,9398400,0.0,0.0,567.5700073242188,5334249956.8359375,yahoo
META,2024-09-30,567.7000122070312,574.6799926757812,564.7999877929688,572.4400024414062,570.1806640625,12792300,0.0,0.0,570.6399943033854,7299797999.127196,yahoo
META,2024-10-01,577.97998046875,583.0399780273438,570.0999755859375,576.469970703125,574.1947021484375,15259300,0.0,0.0,576.5366414388021,8797545572.707113,yahoo
META,2024-10-02,574.8599853515625,576.0,569.3400268554688,572.8099975585938,570.5491943359375,6524700,0.0,0.0,572.7166748046875,3736804488.0981445,yahoo
META,2024-10-03,570.1500244140625,583.3599853515625,568.72998046875,582.77001953125,580.4698486328125,11581000,0.0,0.0,578.2866617838541,6697137830.118814,yahoo
META,2024-10-04,583.72998046875,596.8499755859375,581.4299926757812,595.9400024414062,593.5879516601562,14169500,0.0,0.0,591.4066569010416,8379936624.95931,yahoo
META,2024-10-07,598.219970703125,602.9500122070312,584.0399780273438,584.780029296875,582.4720458984375,12014200,0.0,0.0,590.5900065104166,7095466456.217447,yahoo
META,2024-10-08,589.6900024414062,593.5599975585938,585.969970703125,592.8900146484375,590.5499877929688,7857400,0.0,0.0,590.8066609700521,4642204257.906088,yahoo
META,2024-10-09,593.989990234375,594.3900146484375,581.6099853515625,590.510009765625,588.1793212890625,9529700,0.0,0.0,588.836669921875,5611436813.354492,yahoo
META,2024-10-10,587.5700073242188,590.22998046875,582.52001953125,583.8300170898438,581.5256958007812,7740400,0.0,0.0,585.5266723632812,4532210654.760742,yahoo
META,2024-10-11,584.8300170898438,591.2100219726562,582.7100219726562,589.9500122070312,587.6216430664062,8587100,0.0,0.0,587.9566853841146,5048842853.061931,yahoo
META,2024-10-14,594.219970703125,600.0999755859375,589.9600219726562,590.4199829101562,588.0897216796875,8252000,0.0,0.0,593.4933268229166,4897506932.942708,yahoo
META,2024-10-15,590.1599731445312,590.6099853515625,580.1400146484375,586.27001953125,583.9560546875,9564200,0.0,0.0,585.67333984375,5601496956.933594,yahoo
META,2024-10-16,581.4000244140625,582.0800170898438,574.030029296875,576.7899780273438,574.513427734375,11268400,0.0,0.0,577.6333414713541,6509003545.035807,yahoo
META,2024-10-17,583.3300170898438,584.969970703125,575.2000122070312,576.9299926757812,574.6529541015625,8701200,0.0,0.0,579.0333251953125,5038284769.189453,yahoo
META,2024-10-18,581.0999755859375,583.969970703125,575.25,576.469970703125,574.1947021484375,7694300,0.0,0.0,578.5633138020834,4451639705.38737,yahoo
META,2024-10-21,576.030029296875,577.239990234375,569.1099853515625,575.1599731445312,572.889892578125,8171900,0.0,0.0,573.8366495768229,4689335716.676839,yahoo
META,2024-10-22,574.2899780273438,583.530029296875,572.1199951171875,582.010009765625,579.7129516601562,8544500,0.0,0.0,579.2200113932291,4949145387.349446,yahoo
META,2024-10-23,579.969970703125,585.0,562.5,563.6900024414062,561.4651489257812,14248400,0.0,0.0,570.3966674804688,8127239876.928711,yahoo
META,2024-10-24,567.1300048828125,568.8800048828125,561.52001953125,567.780029296875,565.5390625,7184700,0.0,0.0,566.0600179036459,4066971410.6323247,yahoo
META,2024-10-25,573.9299926757812,581.2899780273438,571.719970703125,573.25,570.9874267578125,11337900,0.0,0.0,575.4199829101562,6524054224.237061,yahoo
META,2024-10-28,582.0,583.75,574.1199951171875,578.1599731445312,575.8780517578125,10925100,0.0,0.0,578.6766560872396,6322100335.418701,yahoo
META,2024-10-29,580.1500244140625,593.6699829101562,575.4000244140625,593.280029296875,590.9384765625,13019100,0.0,0.0,587.4500122070312,7648070453.924561,yahoo
META,2024-10-30,600.97998046875,601.2000122070312,589.3800048828125,591.7999877929688,589.4641723632812,26864900,0.0,0.0,594.1266682942709,15961153531.058758,yahoo
META,2024-10-31,585.0,589.9000244140625,563.010009765625,567.5800170898438,565.3399047851562,26838400,0.0,0.0,573.4966837565104,15391733397.330729,yahoo
META,2024-11-01,567.6099853515625,573.6699829101562,562.5599975585938,567.1599731445312,564.9214477539062,15303200,0.0,0.0,567.7966512044271,8689105712.71159,yahoo
META,2024-11-04,564.0999755859375,568.6900024414062,557.8900146484375,560.6799926757812,558.4671020507812,12064600,0.0,0.0,562.4200032552084,6785372371.272787,yahoo
META,2024-11-05,567.2999877929688,573.47998046875,566.6699829101562,572.4299926757812,570.170654296875,9775400,0.0,0.0,570.8599853515625,5580384700.805664,yahoo
META,2024-11-06,562.75,573.0,555.1699829101562,572.0499877929688,569.7921752929688,18305400,0.0,0.0,566.739990234375,10374402217.236328,yahoo
META,2024-11-07,576.8900146484375,594.7999877929688,575.2100219726562,591.7000122070312,589.36474609375,14653700,0.0,0.0,587.2366739908854,8605190049.660236,yahoo
META,2024-11-08,591.5399780273438,593.0999755859375,584.52001953125,589.3400268554688,587.0139770507812,9415700,0.0,0.0,588.9866739908854,5545721826.2959795,yahoo
META,2024-11-11,586.3599853515625,587.0,576.510009765625,583.1699829101562,580.8682861328125,10209100,0.0,0.0,582.2266642252604,5944010237.7421055,yahoo
META,2024-11-12,588.5399780273438,599.6599731445312,580.3800048828125,584.8200073242188,582.51171875,16287700,0.0,0.0,588.2866617838541,9581836661.13688,yahoo
META,2024-11-13,582.6099853515625,585.6400146484375,575.1699829101562,580.0,577.7108154296875,10757600,0.0,0.0,580.2699991861979,6242312543.245442,yahoo
META,2024-11-14,577.0,580.760009765625,573.010009765625,577.1599731445312,574.8819580078125,11053700,0.0,0.0,576.9766642252604,6377726953.346761,yahoo
META,2024-11-15,571.219970703125,572.5700073242188,551.5,554.0800170898438,551.8931274414062,17712900,0.0,0.0,559.3833414713541,9908301189.14795,yahoo
META,2024-11-18,557.0399780273438,559.9000244140625,550.0900268554688,554.4000244140625,552.2118530273438,14327300,0.0,0.0,554.7966918945312,7948738643.780518,yahoo
META,2024-11-19,551.8599853515625,561.4299926757812,550.5999755859375,561.0900268554688,558.8755493164062,9522400,0.0,0.0,557.7066650390625,5310705947.167969,yahoo
META,2024-11-20,562.9299926757812,566.3499755859375,554.2000122070312,565.52001953125,563.2880249023438,9797300,0.0,0.0,562.0233357747396,5506311227.585856,yahoo
META,2024-11-21,569.52001953125,570.0,549.0499877929688,563.0900268554688,560.8674926757812,11154700,0.0,0.0,560.7133382161459,6254589073.799643,yahoo
META,2024-11-22,563.5499877929688,563.8300170898438,554.5900268554688,559.1400146484375,556.9331665039062,9164000,0.0,0.0,559.1866861979166,5124386792.317708,yahoo
META,2024-11-25,562.0999755859375,572.5900268554688,556.3900146484375,565.1099853515625,562.879638671875,13599800,0.0,0.0,564.6966756184896,7679761849.076335,yahoo
META,2024-11-26,566.0,577.5,565.2000122070312,573.5399780273438,571.2762451171875,10356600,0.0,0.0,572.0799967447916,5924803694.287109,yahoo
META,2024-11-27,574.8900146484375,574.97998046875,564.0999755859375,569.2000122070312,566.9534912109375,7200200,0.0,0.0,569.4266560872396,4099985809.159343,yahoo
META,2024-11-29,569.0,578.4600219726562,566.9000244140625,574.3200073242188,572.05322265625,7130500,0.0,0.0,573.2266845703125,4087392874.3286133,yahoo
META,2024-12-02,577.5,594.5,575.5700073242188,592.8300170898438,590.490234375,12522400,0.0,0.0,587.6333414713541,7358579755.240885,yahoo
META,2024-12-03,595.0,614.2000122070312,591.25,613.6500244140625,611.2279663085938,14907200,0.0,0.0,606.3666788736979,9039229355.305988,yahoo
META,2024-12-04,612.9600219726562,617.780029296875,605.0999755859375,613.780029296875,611.3575439453125,14697000,0.0,0.0,612.2200113932291,8997797507.44629,yahoo
META,2024-12-05,617.0800170898438,619.9000244140625,607.0499877929688,608.9299926757812,606.526611328125,8081200,0.0,0.0,611.9600016276041,4945371165.152994,yahoo
META,2024-12-06,610.0999755859375,629.7899780273438,608.530029296875,623.77001953125,621.3080444335938,16935500,0.0,0.0,620.6966756184896,10511808549.936932,yahoo
META,2024-12-09,623.9199829101562,626.4000244140625,606.1699829101562,613.5700073242188,611.1483154296875,11426000,0.0,0.0,615.3800048828125,7031331935.791016,yahoo
META,2024-12-10,617.5599975585938,625.5900268554688,612.739990234375,619.3200073242188,616.8756713867188,10938900,0.0,0.0,619.2166748046875,6773549284.020996,yahoo
META,2024-12-11,623.3699951171875,638.4000244140625,621.530029296875,632.6799926757812,630.182861328125,10837200,0.0,0.0,630.8700154622396,6836864531.567383,yahoo
META,2024-12-12,631.5,636.6599731445312,627.2100219726562,630.7899780273438,628.30029296875,7474700,0.0,0.0,631.5533243815104,4720671633.754476,yahoo
META,2024-12-13,627.219970703125,631.0800170898438,616.8900146484375,620.3499755859375,617.9014892578125,8453300,0.0,0.0,622.7733357747396,5264489839.304606,yahoo
META,2024-12-16,629.97998046875,631.1500244140625,618.5800170898438,624.239990234375,622.2777709960938,10885600,0.5,0.0,624.6566772460938,6799762725.830078,yahoo
META,2024-12-17,626.1699829101562,632.3699951171875,616.5399780273438,619.4400024414062,617.4928588867188,12897800,0.0,0.0,622.7833251953125,8032534771.704102,yahoo
META,2024-12-18,621.0,627.3599853515625,596.3200073242188,597.1900024414062,595.312744140625,17075500,0.0,0.0,606.9566650390625,10364088533.874512,yahoo
META,2024-12-19,610.3900146484375,611.52001953125,595.0,595.5700073242188,593.6978759765625,14958100,0.0,0.0,600.6966756184896,8985280943.56893,yahoo
META,2024-12-20,590.5800170898438,603.1099853515625,580.0,585.25,583.4103393554688,48989400,0.0,0.0,589.4533284505209,28876964888.793945,yahoo
META,2024-12-23,589.5999755859375,601.0900268554688,586.25,599.8499755859375,597.9644165039062,10205800,0.0,0.0,595.7300008138021,6079901242.305502,yahoo
META,2024-12-24,602.719970703125,607.989990234375,599.280029296875,607.75,605.839599609375,4726100,0.0,0.0,605.0066731770834,2859322038.102214,yahoo
META,2024-12-26,605.47998046875,606.2999877929688,598.9400024414062,603.3499755859375,601.4534301757812,6081400,0.0,0.0,602.8633219401041,3666253006.0465493,yahoo
META,2024-12-27,599.4099731445312,601.8499755859375,589.7999877929688,599.8099975585938,597.9244995117188,8084200,0.0,0.0,597.1533203125,4827506872.0703125,yahoo
META,2024-12-30,588.75,596.9400024414062,585.5800170898438,591.239990234375,589.3814086914062,7025900,0.0,0.0,591.2533365885416,4154086817.5374346,yahoo
META,2024-12-31,592.27001953125,593.969970703125,583.8499755859375,585.510009765625,583.6694946289062,6019500,0.0,0.0,587.7766520182291,3538121556.8237305,yahoo
META,2025-01-02,589.719970703125,604.9099731445312,587.8200073242188,599.239990234375,597.3563842773438,12682300,0.0,0.0,597.3233235677084,7575433586.482748,yahoo
META,2025-01-03,604.760009765625,609.5,596.4099731445312,604.6300048828125,602.7293701171875,11436800,0.0,0.0,603.5133260091146,6902261206.901042,yahoo
META,2025-01-06,611.8300170898438,630.989990234375,605.6199951171875,630.2000122070312,628.218994140625,14560800,0.0,0.0,622.2699991861979,9060749004.15039,yahoo
META,2025-01-07,631.7000122070312,632.0999755859375,608.22998046875,617.8900146484375,615.9476928710938,12071500,0.0,0.0,619.4066569010416,7477167458.780924,yahoo
META,2025-01-08,613.4000244140625,616.4400024414062,602.7899780273438,610.719970703125,608.8002319335938,10085800,0.0,0.0,609.9833170572916,6152169739.176432,yahoo
META,2025-01-10,610.030029296875,629.9099731445312,597.3400268554688,615.8599853515625,613.9240112304688,19256600,0.0,0.0,614.3699951171875,11830677247.973633,yahoo
META,2025-01-13,607.0999755859375,608.969970703125,598.4500122070312,608.3300170898438,606.417724609375,10785000,0.0,0.0,605.25,6527621250.0,yahoo
META,2025-01-14,605.0700073242188,605.489990234375,588.5499877929688,594.25,592.3819580078125,13598000,0.0,0.0,596.0966593424479,8105722373.738606,yahoo
META,2025-01-15,610.2100219726562,622.4600219726562,606.5,617.1199951171875,615.18017578125,15524300,0.0,0.0,615.3600056966146,9553033336.435955,yahoo
META,2025-01-16,611.5,616.25,609.7100219726562,611.2999877929688,609.37841796875,8355300,0.0,0.0,612.4200032552084,5116952853.198242,yahoo
META,2025-01-17,624.0499877929688,624.969970703125,603.6699829101562,612.77001953125,610.8438110351562,17280600,0.0,0.0,613.8033243815104,10606889727.307129,yahoo
META,2025-01-21,617.8300170898438,621.5,609.010009765625,616.4600219726562,614.522216796875,11674000,0.0,0.0,615.6566772460938,7187176050.170898,yahoo
META,2025-01-22,623.2999877929688,633.7000122070312,619.4299926757812,623.5,621.5401000976562,12274000,0.0,0.0,625.5433349609375,7677918893.310547,yahoo
META,2025-01-23,627.3599853515625,636.5999755859375,621.1500244140625,636.4500122070312,634.4493408203125,9910200,0.0,0.0,631.4000040690104,6257300320.324707,yahoo
META,2025-01-24,636.4000244140625,652.0,634.2000122070312,647.489990234375,645.4546508789062,19065300,0.0,0.0,644.5633341471354,12288793334.51538,yahoo
META,2025-01-27,626.6099853515625,663.8699951171875,625.0999755859375,659.8800048828125,657.8057250976562,28399200,0.0,0.0,649.6166585286459,18448593408.88672,yahoo
META,2025-01-28,666.0,682.5800170898438,659.469970703125,674.3300170898438,672.2103271484375,20950100,0.0,0.0,672.1266682942709,14081120913.431805,yahoo
META,2025-01-29,675.0,681.0499877929688,665.6699829101562,676.489990234375,674.3634643554688,21377800,0.0,0.0,674.4033203125,14417259300.976562,yahoo
META,2025-01-30,696.8200073242188,710.7899780273438,676.0999755859375,687.0,684.8404541015625,29322900,0.0,0.0,691.2966512044271,20270822573.602295,yahoo
META,2025-01-31,691.0,705.2999877929688,685.5800170898438,689.1799926757812,687.0136108398438,19303900,0.0,0.0,693.3533325195312,13384423395.62378,yahoo
META,2025-02-03,675.9099731445312,704.0,675.25,697.4600219726562,695.2676391601562,21415700,0.0,0.0,692.2366739908854,14824732939.186604,yahoo
META,2025-02-04,702.5,707.7100219726562,691.6099853515625,704.1900024414062,701.9764404296875,13826300,0.0,0.0,701.1700032552084,9694586816.007488,yahoo
META,2025-02-05,703.5499877929688,718.1400146484375,699.010009765625,704.8699951171875,702.654296875,17778200,0.0,0.0,707.3400065104166,12575232103.743488,yahoo
META,2025-02-06,705.8800048828125,718.9000244140625,703.5,711.989990234375,709.7518920898438,13080700,0.0,0.0,711.4633382161459,9306438488.20394,yahoo
META,2025-02-07,716.7999877929688,725.010009765625,711.75,714.52001953125,712.27392578125,16427100,0.0,0.0,717.0933430989584,11779764056.420898,yahoo
META,2025-02-10,718.5599975585938,721.2000122070312,711.3300170898438,717.4000244140625,715.1448974609375,12904300,0.0,0.0,716.6433512369791,9247780797.36735,yahoo
META,2025-02-11,713.3200073242188,723.6599731445312,710.0399780273438,719.7999877929688,717.537353515625,12998000,0.0,0.0,717.8333129882812,9330397402.22168,yahoo
META,2025-02-12,715.2999877929688,727.0999755859375,712.5999755859375,725.3800048828125,723.099853515625,12016500,0.0,0.0,721.6933186848959,8672227763.97705,yahoo
META,2025-02-13,721.52001953125,729.0,718.0399780273438,728.5599975585938,726.2698364257812,12569100,0.0,0.0,725.1999918619791,9115111217.712402,yahoo
META,2025-02-14,726.1400146484375,740.9099731445312,725.6199951171875,736.6699829101562,734.3543090820312,16901200,0.0,0.0,734.3999837239584,12412241004.915365,yahoo
META,2025-02-18,736.0,737.0,706.4400024414062,716.3699951171875,714.1181640625,21938700,0.0,0.0,719.9366658528646,15794474531.14624,yahoo
META,2025-02-19,704.0999755859375,707.0,695.3900146484375,703.77001953125,701.5577392578125,17535500,0.0,0.0,702.0533447265625,12310856426.452637,yahoo
META,2025-02-20,697.280029296875,705.6300048828125,693.6400146484375,694.8400268554688,692.65576171875,12587400,0.0,0.0,698.0366821289062,8786466932.629395,yahoo
META,2025-02-21,696.5800170898438,703.8699951171875,682.3599853515625,683.5499877929688,681.4012451171875,15660400,0.0,0.0,689.9266560872396,10804527404.988607,yahoo
META,2025-02-24,686.280029296875,687.27001953125,662.4500122070312,668.1300048828125,666.02978515625,15677000,0.0,0.0,672.6166788736979,10544611674.702961,yahoo
META,2025-02-25,665.969970703125,668.0,641.8599853515625,657.5,655.4331665039062,20579700,0.0,0.0,655.7866617838541,13495892763.513184,yahoo
META,2025-02-26,659.6500244140625,683.010009765625,658.0,673.7000122070312,671.582275390625,14488700,0.0,0.0,671.5700073242188,9730176365.118408,yahoo
META,2025-02-27,682.4500122070312,688.6500244140625,657.5700073242188,658.239990234375,656.1708984375,12500000,0.0,0.0,668.1533406575521,8351916758.219401,yahoo
META,2025-02-28,658.0399780273438,669.6300048828125,642.5999755859375,668.2000122070312,666.099609375,17534200,0.0,0.0,660.1433308919271,11575085192.525229,yahoo
META,2025-03-03,673.6799926757812,681.25,650.8400268554688,655.0499877929688,652.9908447265625,10843800,0.0,0.0,662.3800048828125,7182716296.948242,yahoo
META,2025-03-04,645.510009765625,649.75,623.6500244140625,640.0,637.98828125,21495200,0.0,0.0,637.8000081380209,13709638734.928387,yahoo
META,2025-03-05,641.0,659.5,637.6599731445312,656.469970703125,654.4063720703125,13770000,0.0,0.0,651.2099812825521,8967161442.260742,yahoo
META,2025-03-06,648.0,650.5599975585938,624.1099853515625,627.9299926757812,625.9561767578125,13446500,0.0,0.0,634.1999918619791,8527770190.572103,yahoo
META,2025-03-07,625.3699951171875,634.7899780273438,600.6099853515625,625.6599731445312,623.6932373046875,21375700,0.0,0.0,620.3533121744791,13260486295.048014,yahoo
META,2025-03-10,608.0700073242188,610.1099853515625,586.8699951171875,597.989990234375,596.1102905273438,21999900,0.0,0.0,598.3233235677084,13163053286.157227,yahoo
META,2025-03-11,595.0499877929688,614.9299926757812,593.3300170898438,605.7100219726562,603.8059692382812,17401500,0.0,0.0,604.6566772460938,10521933169.0979,yahoo
META,2025-03-12,629.9000244140625,633.3300170898438,609.3499755859375,619.5599975585938,617.6124267578125,15747000,0.0,0.0,620.7466634114584,9774897708.740234,yahoo
META,2025-03-13,620.25,620.5,586.510009765625,590.6400146484375,588.7833862304688,16480300,0.0,0.0,599.2166748046875,9875270565.783691,yahoo
META,2025-03-14,602.7999877929688,608.8599853515625,594.780029296875,607.5999755859375,606.2288818359375,12364500,0.525,0.0,603.7466634114584,7465025619.750977,yahoo
META,2025-03-17,607.4600219726562,613.0999755859375,598.0,604.9000244140625,603.5349731445312,15473900,0.0,0.0,605.3333333333334,9366867466.666668,yahoo
META,2025-03-18,600.0499877929688,600.25,574.6599731445312,582.3599853515625,581.0458374023438,20297700,0.0,0.0,585.7566528320312,11889512812.18872,yahoo
META,2025-03-19,584.280029296875,592.3200073242188,574.77001953125,584.0599975585938,582.7420654296875,20537500,0.0,0.0,583.7166748046875,11988081208.80127,yahoo
META,2025-03-20,582.760009765625,610.2000122070312,579.510009765625,586.0,584.6776123046875,24336500,0.0,0.0,591.9033406575521,14404855649.912518,yahoo
META,2025-03-21,583.4199829101562,597.5399780273438,580.9500122070312,596.25,594.904541015625,25015900,0.0,0.0,591.5799967447916,14798906040.568033,yahoo
META,2025-03-24,614.969970703125,622.5399780273438,612.2000122070312,618.8499755859375,617.4534912109375,15741300,0.0,0.0,617.8633219401041,9725971909.655762,yahoo
META,2025-03-25,626.760009765625,633.8800048828125,621.1799926757812,626.3099975585938,624.896728515625,15312500,0.0,0.0,627.1233317057291,9602826016.743977,yahoo
META,2025-03-26,624.8900146484375,626.75,606.6099853515625,610.97998046875,609.6012573242188,12609800,0.0,0.0,614.7799886067709,7752252700.333659,yahoo
META,2025-03-27,602.0,614.25,600.0999755859375,602.5800170898438,601.2202758789062,10436500,0.0,0.0,605.6433308919271,6320796622.853598,yahoo
META,2025-03-28,600.3099975585938,601.75,573.9199829101562,576.739990234375,575.4385986328125,17602800,0.0,0.0,584.1366577148438,10282440758.422852,yahoo
META,2025-03-31,563.5,578.7000122070312,553.2999877929688,576.3599853515625,575.0594482421875,21124700,0.0,0.0,569.4533284505209,12029530727.518719,yahoo
META,2025-04-01,570.8400268554688,589.9099731445312,570.0,586.0,584.6776123046875,12836600,0.0,0.0,581.9699910481771,7470515987.08903,yahoo
META,2025-04-02,574.9099731445312,592.6599731445312,573.3599853515625,583.9299926757812,582.6123046875,13470800,0.0,0.0,583.316650390625,7857741934.082031,yahoo
META,2025-04-03,546.219970703125,552.5599975585938,530.2999877929688,531.6199951171875,530.4203491210938,34777500,0.0,0.0,538.1599934895834,18715859173.583984,yahoo
META,2025-04-04,506.6199951171875,518.0,494.20001220703125,504.7300109863281,503.5910949707031,38589800,0.0,0.0,505.6433410644531,19512675403.009033,yahoo
META,2025-04-07,485.1000061035156,539.3699951171875,481.8999938964844,516.25,515.0850219726562,36606100,0.0,0.0,512.5066630045573,18760870156.611122,yahoo
META,2025-04-08,543.25,547.4299926757812,502.8599853515625,510.45001220703125,509.29815673828125,28034200,0.0,0.0,520.2466634114584,14584699011.409506,yahoo
META,2025-04-09,509.2699890136719,587.8900146484375,502.1099853515625,585.77001953125,584.4481811523438,39216600,0.0,0.0,558.5900065104166,21906000849.316406,yahoo
META,2025-04-10,575.489990234375,581.2999877929688,535.2999877929688,546.2899780273438,545.0572509765625,28173500,0.0,0.0,554.2966512044271,15616476702.707928,yahoo
META,2025-04-11,535.510009765625,547.4000244140625,528.5900268554688,543.5700073242188,542.3433837890625,17642300,0.0,0.0,539.8533528645834,9524254807.24284,yahoo
META,2025-04-14,556.1699829101562,557.77001953125,528.280029296875,531.47998046875,530.2807006835938,14130900,0.0,0.0,539.1766764322916,7619051696.997069,yahoo
META,2025-04-15,532.1099853515625,537.9400024414062,517.5,521.52001953125,520.3432006835938,15558700,0.0,0.0,525.6533406575521,8178482631.288656,yahoo
META,2025-04-16,508.510009765625,513.3699951171875,495.6300048828125,502.30999755859375,501.176513671875,18735100,0.0,0.0,503.76999918619794,9438181311.753338,yahoo
META,2025-04-17,505.25,507.29998779296875,498.010009765625,501.4800109863281,500.3484191894531,14593500,0.0,0.0,502.2633361816406,7329779996.566772,yahoo
META,2025-04-21,491.3299865722656,493.5,479.79998779296875,484.6600036621094,483.56634521484375,16166000,0.0,0.0,485.9866638183594,7856460407.287598,yahoo
META,2025-04-22,491.8699951171875,506.8800048828125,486.3599853515625,500.2799987792969,499.1510925292969,17399400,0.0,0.0,497.8399963378906,8662117232.281494,yahoo
META,2025-04-23,528.530029296875,535.3400268554688,516.52001953125,520.27001953125,519.0960693359375,18173900,0.0,0.0,524.0433553059896,9523911534.995525,yahoo
META,2025-04-24,518.72998046875,533.9000244140625,517.5,533.1500244140625,531.9469604492188,13910000,0.0,0.0,528.183349609375,7347030393.066406,yahoo
META,2025-04-25,546.7999877929688,549.8599853515625,536.25,547.27001953125,546.0350952148438,17098900,0.0,0.0,544.4600016276041,9309667121.83024,yahoo
META,2025-04-28,555.6400146484375,558.489990234375,540.5900268554688,549.739990234375,548.49951171875,15179000,0.0,0.0,549.6066691080729,8342479630.3914385,yahoo
META,2025-04-29,546.0,556.5700073242188,544.1199951171875,554.4400024414062,553.1889038085938,11835000,0.0,0.0,551.7100016276041,6529487869.262695,yahoo
META,2025-04-30,538.4000244140625,549.0999755859375,529.5,549.0,547.7611694335938,29244000,0.0,0.0,542.5333251953125,15865844562.011719,yahoo
META,2025-05-01,592.0800170898438,592.9500122070312,570.5,572.2100219726562,570.9188232421875,31159000,0.0,0.0,578.5533447265625,18027143668.33496,yahoo
META,2025-05-02,583.4600219726562,604.3400268554688,578.3300170898438,597.02001953125,595.6727905273438,24739300,0.0,0.0,593.2300211588541,14676095462.45524,yahoo
META,2025-05-05,591.219970703125,603.2100219726562,588.0499877929688,599.27001953125,597.917724609375,13887700,0.0,0.0,596.8433430989584,8288781295.955404,yahoo
META,2025-05-06,592.530029296875,596.030029296875,586.5800170898438,587.3099975585938,585.9847412109375,10600700,0.0,0.0,589.9733479817709,6254130469.950358,yahoo
META,2025-05-07,590.3599853515625,603.0800170898438,586.6699829101562,596.8099975585938,595.4632568359375,13139100,0.0,0.0,595.5199991861979,7824596821.307372,yahoo
META,2025-05-08,606.2899780273438,611.2999877929688,596.6199951171875,598.010009765625,596.6605834960938,14622800,0.0,0.0,601.9766642252604,8802584365.633137,yahoo
META,2025-05-09,603.719970703125,606.969970703125,591.7100219726562,592.489990234375,591.153076171875,10427300,0.0,0.0,597.0566609700521,6225688920.933024,yahoo
META,2025-05-12,630.9199829101562,640.3900146484375,621.030029296875,639.4299926757812,637.9871215820312,21965100,0.0,0.0,633.6166788736979,13917453713.128662,yahoo
META,2025-05-13,645.5399780273438,660.9199829101562,642.8300170898438,656.030029296875,654.5496826171875,18570800,0.0,0.0,653.260009765625,12131560989.355469,yahoo
META,2025-05-14,661.2100219726562,662.6699829101562,654.3099975585938,659.3599853515625,657.8721313476562,12348200,0.0,0.0,658.7799886067709,8134747055.314128,yahoo
META,2025-05-15,654.280029296875,657.3099975585938,638.5800170898438,643.8800048828125,642.4271240234375,14341800,0.0,0.0,646.5900065104166,9273264555.371094,yahoo
META,2025-05-16,637.9600219726562,640.4400024414062,626.1500244140625,640.3400268554688,638.8950805664062,18519000,0.0,0.0,635.6433512369791,11771479221.557617,yahoo
META,2025-05-19,628.25,643.0,627.7999877929688,640.4299926757812,638.98486328125,9592400,0.0,0.0,637.07666015625,6111094154.8828125,yahoo
META,2025-05-20,636.010009765625,639.3499755859375,632.260009765625,637.0999755859375,635.662353515625,6743500,0.0,0.0,636.2366536458334,4290461873.8606772,yahoo
META,2025-05-21,631.7899780273438,646.6099853515625,630.1699829101562,635.5,634.06591796875,11464600,0.0,0.0,637.4266560872396,7307841641.377768,yahoo
META,2025-05-22,634.0499877929688,643.25,630.7100219726562,636.5700073242188,635.133544921875,8228400,0.0,0.0,636.8433430989584,5240201764.355469,yahoo
META,2025-05-23,624.0,632.4500122070312,622.6500244140625,627.0599975585938,625.6449584960938,8454100,0.0,0.0,627.3866780598959,5303989714.986166,yahoo
META,2025-05-27,635.4099731445312,643.0800170898438,632.75,642.3200073242188,640.8705444335938,9508400,0.0,0.0,639.3833414713541,6079512564.046224,yahoo
META,2025-05-28,642.5999755859375,650.8800048828125,642.5499877929688,643.5800170898438,642.1277465820312,9042900,0.0,0.0,645.6700032552084,5838729272.436523,yahoo
META,2025-05-29,651.6500244140625,653.3200073242188,639.5,645.0499877929688,643.5944213867188,8858800,0.0,0.0,645.9566650390625,5722400904.248047,yahoo
META,2025-05-30,642.5,649.4099731445312,632.780029296875,647.489990234375,646.0288696289062,16241000,0.0,0.0,643.2266642252604,10446644253.682453,yahoo
META,2025-06-02,644.3900146484375,673.260009765625,644.260009765625,670.9000244140625,669.3861083984375,15766300,0.0,0.0,662.8066813151041,10450008979.618326,yahoo
META,2025-06-03,671.4500122070312,675.5800170898438,665.030029296875,666.8499755859375,665.34521484375,11585000,0.0,0.0,669.1533406575521,7752141451.517741,yahoo
META,2025-06-04,669.3200073242188,689.0,668.5700073242188,687.9500122070312,686.3976440429688,14031900,0.0,0.0,681.8400065104166,9567510787.353516,yahoo
META,2025-06-05,691.6599731445312,694.3800048828125,682.25,684.6199951171875,683.0750732421875,13083100,0.0,0.0,687.0833333333334,8989179958.333334,yahoo
META,2025-06-06,696.1699829101562,702.8099975585938,691.8699951171875,697.7100219726562,696.1356201171875,11728000,0.0,0.0,697.4633382161459,8179850030.598959,yahoo
META,2025-06-09,698.4600219726562,705.1900024414062,693.9400024414062,694.0599975585938,692.4938354492188,12773200,0.0,0.0,697.7300008138021,8912244846.394857,yahoo
META,2025-06-10,701.3499755859375,703.22998046875,691.5599975585938,702.4000244140625,700.8150024414062,10850100,0.0,0.0,699.0633341471354,7584907081.829834,yahoo
META,2025-06-11,703.7100219726562,708.8699951171875,691.989990234375,694.1400146484375,692.5736694335938,9582500,0.0,0.0,698.3333333333334,6691779166.666667,yahoo
META,2025-06-12,693.2999877929688,695.3800048828125,687.0,693.3599853515625,691.79541015625,7322700,0.0,0.0,691.913330078125,5066673742.163086,yahoo
META,2025-06-13,687.9500122070312,694.5700073242188,681.010009765625,682.8699951171875,681.3291015625,9274400,0.0,0.0,686.1500040690104,6363629597.73763,yahoo
META,2025-06-16,699.3300170898438,707.1500244140625,693.510009765625,702.1199951171875,701.0746459960938,13720300,0.525,0.0,700.9266764322916,9616924278.65397,yahoo
META,2025-06-17,702.0,705.969970703125,696.0599975585938,697.22998046875,696.19189453125,10066100,0.0,0.0,699.7533162434896,7043786856.638591,yahoo
META,2025-06-18,698.1799926757812,701.5900268554688,694.9000244140625,695.77001953125,694.734130859375,10068300,0.0,0.0,697.4200236002604,7021834023.614502,yahoo
META,2025-06-20,700.75,701.8200073242188,678.6699829101562,682.3499755859375,681.3340454101562,22538600,0.0,0.0,687.6133219401041,15497841617.87923,yahoo
META,2025-06-23,683.6900024414062,699.0499877929688,678.75,698.530029296875,697.4900512695312,11080100,0.0,0.0,692.1100056966146,7668648074.11906,yahoo
META,2025-06-24,704.8900146484375,713.1900024414062,702.1099853515625,712.2000122070312,711.1396484375,13823200,0.0,0.0,709.1666666666666,9802952666.666666,yahoo
META,2025-06-25,713.3200073242188,716.5800170898438,705.3800048828125,708.6799926757812,707.6248779296875,9320400,0.0,0.0,710.2133382161459,6619472397.509766,yahoo
META,2025-06-26,714.3599853515625,728.219970703125,711.0499877929688,726.0900268554688,725.0089721679688,13964800,0.0,0.0,721.7866617838541,10079606374.479166,yahoo
META,2025-06-27,726.52001953125,735.4299926757812,725.8599853515625,733.6300048828125,732.5377197265625,18775700,0.0,0.0,731.6399943033854,13737053041.042072,yahoo
META,2025-06-30,744.5499877929688,747.9000244140625,734.25,738.0900268554688,736.9911499023438,15402100,0.0,0.0,740.0800170898438,11398786431.219482,yahoo
META,2025-07-01,736.8800048828125,737.75,715.3699951171875,719.219970703125,718.149169921875,13431200,0.0,0.0,724.1133219401041,9725710849.641926,yahoo
META,2025-07-02,715.3300170898438,720.2999877929688,712.7999877929688,713.5700073242188,712.507568359375,9336700,0.0,0.0,715.5566609700521,6680937876.479086,yahoo
META,2025-07-03,726.6099853515625,729.030029296875,714.4199829101562,719.010009765625,717.9395141601562,8601700,0.0,0.0,720.8200073242188,6200277457.000732,yahoo
META,2025-07-07,717.5999755859375,727.0,713.510009765625,718.3499755859375,717.2804565429688,9457100,0.0,0.0,719.6199951171875,6805518255.822754,yahoo
META,2025-07-08,721.5700073242188,722.9099731445312,714.8099975585938,720.6699829101562,719.5969848632812,7770700,0.0,0.0,719.4633178710938,5590733604.180908,yahoo
META,2025-07-09,722.719970703125,737.530029296875,722.719970703125,732.780029296875,731.6890258789062,11418000,0.0,0.0,731.010009765625,8346672291.503906,yahoo
META,2025-07-10,731.5499877929688,735.7999877929688,719.5999755859375,727.239990234375,726.1572265625,9913600,0.0,0.0,727.5466512044271,7212606481.380209,yahoo
META,2025-07-11,722.5,725.1599731445312,709.7000122070312,717.510009765625,716.4417724609375,10873900,0.0,0.0,717.4566650390625,7801552029.968262,yahoo
META,2025-07-14,717.5999755859375,728.0,716.5499877929688,720.9199829101562,719.8466186523438,8939400,0.0,0.0,721.8233235677084,6452667418.701172,yahoo
META,2025-07-15,723.9000244140625,724.469970703125,709.8200073242188,710.3900146484375,709.3323974609375,11529500,0.0,0.0,714.8933308919271,8242362658.518474,yahoo
META,2025-07-16,713.3699951171875,713.969970703125,699.27001953125,702.9099731445312,701.8634033203125,13067600,0.0,0.0,705.3833211263021,9217667087.150066,yahoo
META,2025-07-17,704.3900146484375,705.9000244140625,697.1099853515625,701.4099731445312,700.3656616210938,11803300,0.0,0.0,701.4733276367188,8279700128.094482,yahoo
META,2025-07-18,702.1900024414062,704.7100219726562,691.6500244140625,704.280029296875,703.2314453125,12779800,0.0,0.0,700.2133585611979,8948586679.740396,yahoo
META,2025-07-21,706.7999877929688,717.0,705.760009765625,712.969970703125,711.908447265625,9404400,0.0,0.0,711.9099934895834,6695086342.7734375,yahoo
META,2025-07-22,716.1900024414062,716.5999755859375,701.4099731445312,704.8099975585938,703.7606201171875,8921100,0.0,0.0,707.6066487630209,6312629674.279785,yahoo
META,2025-07-23,706.3699951171875,714.6300048828125,704.9299926757812,713.5800170898438,712.517578125,8771600,0.0,0.0,711.0466715494791,6237016984.163411,yahoo
META,2025-07-24,717.0499877929688,723.6199951171875,714.0,714.7999877929688,713.7357788085938,10920800,0.0,0.0,717.4733276367188,7835382716.455078,yahoo
META,2025-07-25,716.9199829101562,720.6500244140625,711.9000244140625,712.6799926757812,711.618896484375,8271700,0.0,0.0,715.0766805013021,5914899778.102621,yahoo
META,2025-07-28,715.2000122070312,724.739990234375,712.6799926757812,717.6300048828125,716.5615844726562,8715700,0.0,0.0,718.3499959309896,6260923059.535727,yahoo
META,2025-07-29,720.0,724.469970703125,699.9099731445312,700.0,698.957763671875,13267000,0.0,0.0,708.1266479492188,9394716238.342285,yahoo
META,2025-07-30,708.0900268554688,708.5,691.2000122070312,695.2100219726562,694.1749267578125,27077300,0.0,0.0,698.3033447265625,18908169156.16455,yahoo
META,2025-07-31,775.2000122070312,784.75,765.510009765625,773.4400024414062,772.2884521484375,38831100,0.0,0.0,774.5666707356771,30077275848.00415,yahoo
META,2025-08-01,760.72998046875,766.0,745.3099975585938,750.010009765625,748.8933715820312,19028700,0.0,0.0,753.7733357747396,14343326674.456787,yahoo
META,2025-08-04,760.0,776.8499755859375,758.4099731445312,776.3699951171875,775.214111328125,15801700,0.0,0.0,770.5433146158854,12175894294.565836,yahoo
META,2025-08-05,776.4500122070312,783.1300048828125,763.0,763.4600219726562,762.3233032226562,11640300,0.0,0.0,769.8633422851562,8961440263.201904,yahoo
META,2025-08-06,770.0,773.6400146484375,760.4600219726562,771.989990234375,770.8406372070312,9733900,0.0,0.0,768.6966756184896,7482416570.802816,yahoo
META,2025-08-07,773.489990234375,775.0,759.5499877929688,761.8300170898438,760.6957397460938,9019700,0.0,0.0,765.4600016276041,6904219576.680501,yahoo
META,2025-08-08,762.75,769.9000244140625,758.5800170898438,769.2999877929688,768.1546630859375,7320800,0.0,0.0,765.9266764322916,5607196012.8255205,yahoo
META,2025-08-11,770.0800170898438,773.4600219726562,764.6699829101562,765.8699951171875,764.729736328125,7612000,0.0,0.0,768.0,5846016000.0,yahoo
META,2025-08-12,773.0,793.6699829101562,772.4299926757812,790.0,788.8237915039062,14563100,0.0,0.0,785.3666585286459,11437373184.818523,yahoo
META,2025-08-13,791.1500244140625,795.4600219726562,778.22998046875,780.0800170898438,778.9186401367188,8811800,0.0,0.0,784.5900065104166,6913650219.368489,yahoo
META,2025-08-14,777.8800048828125,787.8099975585938,772.510009765625,782.1300048828125,780.9655151367188,8116200,0.0,0.0,780.8166707356771,6337264263.024902,yahoo
META,2025-08-15,784.1500244140625,796.25,780.8200073242188,785.22998046875,784.0609130859375,13375400,0.0,0.0,787.4333292643229,10532235752.242023,yahoo
META,2025-08-18,775.0900268554688,775.8099975585938,756.5599975585938,767.3699951171875,766.2274780273438,16513700,0.0,0.0,766.5799967447916,12659072092.244465,yahoo
META,2025-08-19,767.1199951171875,767.1699829101562,749.3599853515625,751.47998046875,750.3611450195312,12286700,0.0,0.0,756.0033162434896,9288785945.688885,yahoo
META,2025-08-20,747.5700073242188,750.2000122070312,731.0,747.719970703125,746.6067504882812,11898200,0.0,0.0,742.9733276367188,8840045246.887207,yahoo
META,2025-08-21,744.7100219726562,745.5,733.1099853515625,739.0999755859375,737.9995727539062,8876300,0.0,0.0,739.2366536458334,6561686308.756511,yahoo
META,2025-08-22,739.22998046875,756.9000244140625,734.3900146484375,754.7899780273438,753.6661987304688,10612700,0.0,0.0,748.6933390299479,7945657799.123128,yahoo
META,2025-08-25,754.8200073242188,758.8800048828125,750.1300048828125,753.2999877929688,752.1784057617188,6861200,0.0,0.0,754.1033325195312,5174053785.083008,yahoo
META,2025-08-26,750.7999877929688,754.8699951171875,747.9400024414062,754.0999755859375,752.9772338867188,7601800,0.0,0.0,752.3033243815104,5718859411.283365,yahoo
META,2025-08-27,752.2999877929688,754.1500244140625,742.8400268554688,747.3800048828125,746.2672729492188,8315400,0.0,0.0,748.1233520507812,6220944921.643066,yahoo
META,2025-08-28,744.0,753.0499877929688,740.7999877929688,751.1099853515625,749.99169921875,7468000,0.0,0.0,748.3199869791666,5588453662.760416,yahoo
META,2025-08-29,745.280029296875,747.1400146484375,735.3499755859375,738.7000122070312,737.6002197265625,9070500,0.0,0.0,740.3966674804688,6715767972.381592,yahoo
META,2025-09-02,726.0399780273438,736.0,721.72998046875,735.1099853515625,734.0155029296875,9350900,0.0,0.0,730.9466552734375,6835009078.796387,yahoo
META,2025-09-03,736.0,740.25,733.989990234375,737.0499877929688,735.95263671875,7699300,0.0,0.0,737.0966593424479,5675128309.275309,yahoo
META,2025-09-04,748.5700073242188,761.1599731445312,745.8200073242188,748.6500244140625,747.535400390625,11439100,0.0,0.0,751.8766682942709,8600792396.284994,yahoo
META,2025-09-05,752.6199951171875,757.9500122070312,745.030029296875,752.4500122070312,751.3297119140625,9663400,0.0,0.0,751.8100179036459,7265040927.010092,yahoo
META,2025-09-08,756.0,766.510009765625,752.02001953125,752.2999877929688,751.1798706054688,13087800,0.0,0.0,756.9433390299479,9906723032.556152,yahoo
META,2025-09-09,757.489990234375,766.2999877929688,753.4299926757812,765.7000122070312,764.5599975585938,10999000,0.0,0.0,761.8099975585938,8379148163.146973,yahoo
META,2025-09-10,765.1300048828125,765.7000122070312,751.0,751.97998046875,750.8604125976562,12478300,0.0,0.0,756.2266642252604,9436423184.202066,yahoo
META,2025-09-11,754.6500244140625,757.0999755859375,748.3699951171875,750.9000244140625,749.7820434570312,7923300,0.0,0.0,752.1233317057291,5959298794.104004,yahoo
META,2025-09-12,748.72998046875,757.5700073242188,743.760009765625,755.5900268554688,754.4650268554688,8248600,0.0,0.0,752.3066813151041,6205476891.495768,yahoo
META,2025-09-15,757.469970703125,774.0700073242188,751.989990234375,764.7000122070312,763.5614624023438,10533800,0.0,0.0,763.586669921875,8043469263.623047,yahoo
META,2025-09-16,767.0,781.3599853515625,765.0999755859375,779.0,777.8401489257812,11782500,0.0,0.0,775.1533203125,9133243996.582031,yahoo
META,2025-09-17,779.989990234375,783.2899780273438,766.3099975585938,775.719970703125,774.5650634765625,9400900,0.0,0.0,775.1066487630209,7286700094.356283,yahoo
META,2025-09-18,780.75,788.780029296875,773.3599853515625,780.25,779.0883178710938,10955000,0.0,0.0,780.7966715494791,8553627536.824544,yahoo
META,2025-09-19,786.4199829101562,790.7999877929688,769.1900024414062,778.3800048828125,777.2210693359375,23696800,0.0,0.0,779.4566650390625,18470628700.097656,yahoo
META,2025-09-22,781.8499755859375,785.72998046875,764.469970703125,765.1599731445312,764.5364379882812,11706900,0.525,0.0,771.7866414388021,9035229032.659912,yahoo
META,2025-09-23,769.25,770.5999755859375,751.0700073242188,755.4000244140625,754.784423828125,10872600,0.0,0.0,759.0233357747396,8252557120.544434,yahoo
META,2025-09-24,757.5,761.1099853515625,752.530029296875,760.6599731445312,760.0401000976562,8828200,0.0,0.0,758.0999959309896,6692658384.077963,yahoo
META,2025-09-25,753.4500122070312,756.77001953125,744.5499877929688,748.9099731445312,748.2996826171875,10591100,0.0,0.0,750.07666015625,7944136915.380859,yahoo
META,2025-09-26,750.0,751.9299926757812,737.3499755859375,743.75,743.1439208984375,9696300,0.0,0.0,744.3433227539062,7217376160.418701,yahoo
META,2025-09-29,748.719970703125,750.780029296875,739.1500244140625,743.4000244140625,742.794189453125,9246800,0.0,0.0,744.443359375,6883718855.46875,yahoo
META,2025-09-30,742.25,742.969970703125,726.2999877929688,734.3800048828125,733.7815551757812,16226800,0.0,0.0,734.5499877929688,11919395741.918945,yahoo
META,2025-10-01,721.489990234375,721.8499755859375,710.2000122070312,717.3400268554688,716.7554321289062,20419600,0.0,0.0,716.4633382161459,14629894781.038412,yahoo
META,2025-10-02,722.5800170898438,727.77001953125,718.1400146484375,727.0499877929688,726.45751953125,11415300,0.0,0.0,724.3200073242188,8268330179.608154,yahoo
META,2025-10-03,729.6300048828125,731.0,710.1799926757812,710.5599975585938,709.98095703125,16154300,0.0,0.0,717.2466634114584,11586617774.747723,yahoo
META,2025-10-06,705.1900024414062,716.8800048828125,690.510009765625,715.6599731445312,715.0767822265625,21654700,0.0,0.0,707.6833292643229,15324670190.220133,yahoo
META,2025-10-07,717.719970703125,718.5,705.75,713.0800170898438,712.4989013671875,12062900,0.0,0.0,712.4433390299479,8594132754.384357,yahoo
META,2025-10-08,713.4500122070312,719.6500244140625,707.8099975585938,717.8400268554688,717.2550659179688,10790600,0.0,0.0,715.1000162760416,7716358235.628255,yahoo
META,2025-10-09,718.280029296875,733.510009765625,712.4400024414062,733.510009765625,732.9122314453125,12717200,0.0,0.0,726.4866739908854,9238876330.476887,yahoo
META,2025-10-10,730.9199829101562,735.27001953125,704.510009765625,705.2999877929688,704.7252197265625,16980100,0.0,0.0,715.0266723632812,12141224399.395752,yahoo
META,2025-10-13,713.010009765625,719.9400024414062,707.6400146484375,715.7000122070312,715.1167602539062,9251800,0.0,0.0,714.4266764322916,6609732725.016275,yahoo
META,2025-10-14,707.780029296875,715.5499877929688,699.3300170898438,708.6500244140625,708.072509765625,8829800,0.0,0.0,707.8433430989584,6250115150.895183,yahoo
META,2025-10-15,717.0599975585938,723.9000244140625,709.510009765625,717.5499877929688,716.9652709960938,10246800,0.0,0.0,716.9866739908854,7346819051.049805,yahoo
META,2025-10-16,717.5499877929688,725.489990234375,703.8800048828125,712.0700073242188,711.48974609375,9017000,0.0,0.0,713.8133341471354,6436454834.00472,yahoo
META,2025-10-17,707.0800170898438,718.5399780273438,706.1199951171875,716.9199829101562,716.3357543945312,12232400,0.0,0.0,713.8599853515625,8732220884.814453,yahoo
META,2025-10-20,721.1900024414062,733.77001953125,720.1799926757812,732.1699829101562,731.5733032226562,8900200,0.0,0.0,728.7066650390625,6485635060.180664,yahoo
META,2025-10-21,736.02001953125,738.5,728.75,733.27001953125,732.6724853515625,7647300,0.0,0.0,733.5066731770834,5609345581.787109,yahoo
META,2025-10-22,733.8300170898438,740.5999755859375,724.030029296875,733.4099731445312,732.8123168945312,8734500,0.0,0.0,732.6799926757812,6399593396.026611,yahoo
META,2025-10-23,734.7000122070312,742.4099731445312,733.0999755859375,734.0,733.40185546875,9856000,0.0,0.0,736.5033162434896,7258976684.895834,yahoo
META,2025-10-24,736.7899780273438,741.2100219726562,731.1500244140625,738.3599853515625,737.75830078125,9151300,0.0,0.0,736.9066772460938,6743654075.482178,yahoo
META,2025-10-27,749.72998046875,755.75,748.010009765625,750.8200073242188,750.2081298828125,11321100,0.0,0.0,751.5266723632812,8508108610.491943,yahoo
META,2025-10-28,752.6300048828125,758.4000244140625,745.52001953125,751.4400024414062,750.82763671875,12193800,0.0,0.0,751.7866821289062,9167136444.543457,yahoo
META,2025-10-29,754.75,759.1599731445312,742.510009765625,751.6699829101562,751.0574340820312,26818600,0.0,0.0,751.1133219401041,20143807735.782875,yahoo
META,2025-10-30,669.1500244140625,680.9600219726562,650.1699829101562,666.469970703125,665.9268798828125,88440100,0.0,0.0,665.8666585286459,58889313866.93929,yahoo
META,2025-10-31,674.510009765625,674.8900146484375,645.5700073242188,648.3499755859375,647.8216552734375,56953200,0.0,0.0,656.2699991861979,37376676517.65137,yahoo
META,2025-11-03,656.0,659.3300170898438,636.1799926757812,637.7100219726562,637.1903686523438,33003600,0.0,0.0,644.4066772460938,21267740213.15918,yahoo
META,2025-11-04,628.0399780273438,641.739990234375,626.010009765625,627.3200073242188,626.8087768554688,27356600,0.0,0.0,631.6900024414062,17280890720.788574,yahoo
META,2025-11-05,632.3099975585938,642.22998046875,626.5399780273438,635.9500122070312,635.4317626953125,20219900,0.0,0.0,634.9066569010416,12837749111.873371,yahoo
META,2025-11-06,635.8499755859375,636.0,618.0,618.9400024414062,618.4356079101562,23628800,0.0,0.0,624.3133341471354,14751774909.895832,yahoo
META,2025-11-07,616.489990234375,622.1300048828125,601.2000122070312,621.7100219726562,621.203369140625,29946800,0.0,0.0,615.0133463541666,18417681680.598957,yahoo
META,2025-11-10,631.0900268554688,635.0,618.1099853515625,631.760009765625,631.2451782226562,19245000,0.0,0.0,628.2899983723959,12091441018.676758,yahoo
META,2025-11-11,628.0,629.5599975585938,619.3900146484375,627.0800170898438,626.5690307617188,13302200,0.0,0.0,625.3433430989584,8318442218.570964,yahoo
META,2025-11-12,628.1300048828125,628.989990234375,607.77001953125,609.010009765625,608.5137329101562,24493300,0.0,0.0,615.2566731770834,15069666273.128256,yahoo
META,2025-11-13,613.0700073242188,617.6500244140625,603.0,609.8900146484375,609.3930053710938,20973800,0.0,0.0,610.1800130208334,12797793557.096355,yahoo
META,2025-11-14,601.7899780273438,613.6799926757812,595.2000122070312,609.4600219726562,608.96337890625,20724100,0.0,0.0,606.1133422851562,12561153516.851807,yahoo
META,2025-11-17,609.0399780273438,611.6900024414062,595.4000244140625,602.010009765625,601.5194091796875,16501300,0.0,0.0,603.0333455403646,9950834144.765219,yahoo
META,2025-11-18,591.5999755859375,603.6599731445312,583.780029296875,597.6900024414062,597.2029418945312,25500600,0.0,0.0,595.0433349609375,15173962067.504883,yahoo
META,2025-11-19,593.719970703125,595.3300170898438,581.25,590.3200073242188,589.8389282226562,24744700,0.0,0.0,588.9666748046875,14573803678.03955,yahoo
META,2025-11-20,603.5,606.719970703125,583.3499755859375,589.1500244140625,588.669921875,20603000,0.0,0.0,593.0733235677084,12219089685.465496,yahoo
META,2025-11-21,588.5,598.1199951171875,581.8599853515625,594.25,593.7657470703125,21052600,0.0,0.0,591.4099934895834,12450718028.938803,yahoo
META,2025-11-24,598.719970703125,616.7000122070312,597.6300048828125,613.0499877929688,612.5504150390625,23554900,0.0,0.0,609.1266682942709,14347917759.00472,yahoo
META,2025-11-25,624.0,637.0499877929688,618.2999877929688,636.219970703125,635.7014770507812,25213000,0.0,0.0,630.5233154296875,15897384351.92871,yahoo
META,2025-11-26,637.6900024414062,638.3599853515625,631.6300048828125,633.6099853515625,633.0936279296875,15209500,0.0,0.0,634.5333251953125,9650934609.558105,yahoo
META,2025-11-28,636.0800170898438,648.0499877929688,635.5,647.9500122070312,647.4219970703125,11033200,0.0,0.0,643.8333333333334,7103541933.333334,yahoo
META,2025-12-01,639.5499877929688,645.3200073242188,637.760009765625,640.8699951171875,640.3477172851562,13029900,0.0,0.0,641.3166707356771,8356292088.0188,yahoo
META,2025-12-02,642.3400268554688,647.8699951171875,638.0700073242188,647.0999755859375,646.5726318359375,11640900,0.0,0.0,644.3466593424479,7500775026.739502,yahoo
META,2025-12-03,644.4099731445312,648.8499755859375,637.5499877929688,639.5999755859375,639.0787353515625,11134300,0.0,0.0,641.9999796549479,7148220373.472086,yahoo
META,2025-12-04,676.0,676.0999755859375,660.0499877929688,661.530029296875,660.990966796875,29874600,0.0,0.0,665.8933308919271,19893296903.063965,yahoo
META,2025-12-05,664.0,674.6900024414062,662.3900146484375,673.4199829101562,672.8712158203125,21207900,0.0,0.0,670.1666666666666,14212827650.0,yahoo
META,2025-12-08,669.3400268554688,676.7100219726562,665.0700073242188,666.7999877929688,666.256591796875,13161000,0.0,0.0,669.5266723632812,8811640534.973145,yahoo
META,2025-12-09,663.77001953125,664.47998046875,653.3400268554688,656.9600219726562,656.4246826171875,12997100,0.0,0.0,658.260009765625,8555471172.924805,yahoo
META,2025-12-10,649.9500122070312,654.510009765625,643.4000244140625,650.1300048828125,649.6002197265625,16910900,0.0,0.0,649.3466796875,10981036765.527344,yahoo
META,2025-12-11,643.2899780273438,655.280029296875,640.7999877929688,652.7100219726562,652.1781005859375,13056700,0.0,0.0,649.5966796875,8481588967.675781,yahoo
META,2025-12-12,649.7999877929688,711.0,638.6099853515625,644.22998046875,643.7050170898438,14016900,0.0,0.0,664.6133219401041,9315818472.302246,yahoo
META,2025-12-15,645.7000122070312,653.0,638.7000122070312,647.510009765625,647.510009765625,15549100,0.525,0.0,646.4033406575521,10050990184.218344,yahoo
META,2025-12-16,643.5,662.5399780273438,643.2000122070312,657.1500244140625,657.1500244140625,14309100,0.0,0.0,654.2966715494791,9362396502.868652,yahoo
META,2025-12-17,655.6099853515625,661.22998046875,649.2000122070312,649.5,649.5,15598500,0.0,0.0,653.3099975585938,10190655996.917725,yahoo
META,2025-12-18,657.030029296875,670.5599975585938,656.4600219726562,664.4500122070312,664.4500122070312,20260300,0.0,0.0,663.8233439127604,13449260094.6757,yahoo
META,2025-12-19,666.4199829101562,671.0,658.1799926757812,658.77001953125,658.77001953125,49977100,0.0,0.0,662.6500040690104,33117325518.357338,yahoo
META,2025-12-22,661.6500244140625,673.5800170898438,656.6500244140625,661.5,661.5,15659400,0.0,0.0,663.9100138346354,10396432470.64209,yahoo
META,2025-12-23,660.0499877929688,666.0,658.25,664.9400024414062,664.9400024414062,8486800,0.0,0.0,663.0633341471354,5627285904.239908,yahoo
META,2025-12-24,662.530029296875,668.1799926757812,662.2000122070312,667.5499877929688,667.5499877929688,5627500,0.0,0.0,665.9766642252604,3747783677.927653,yahoo
META,2025-12-26,668.0599975585938,668.9500122070312,661.3200073242188,663.2899780273438,663.2899780273438,7133800,0.0,0.0,664.5199991861979,4740552770.194498,yahoo
META,2025-12-29,658.010009765625,660.25,654.3900146484375,658.6900024414062,658.6900024414062,8506500,0.0,0.0,657.7766723632812,5595377263.458252,yahoo
META,2025-12-30,658.6900024414062,672.219970703125,657.8400268554688,665.9500122070312,665.9500122070312,9187500,0.0,0.0,665.336669921875,6112780654.907227,yahoo
META,2025-12-31,664.75,665.0,659.4400024414062,660.0900268554688,660.0900268554688,7940400,0.0,0.0,661.510009765625,5252654081.542969,yahoo
META,2026-01-02,662.72998046875,664.3900146484375,643.5,650.4099731445312,650.4099731445312,13726500,0.0,0.0,652.7666625976562,8960201594.146729,yahoo
META,2026-01-05,651.010009765625,664.5399780273438,647.75,658.7899780273438,658.7899780273438,12213700,0.0,0.0,657.0266520182291,8024726419.755045,yahoo
META,2026-01-06,659.5700073242188,665.52001953125,651.9000244140625,660.6199951171875,660.6199951171875,11074400,0.0,0.0,659.3466796875,7301868869.53125,yahoo
META,2026-01-07,655.6400146484375,659.1500244140625,644.8099975585938,648.6900024414062,648.6900024414062,12846300,0.0,0.0,650.8833414713541,8361442669.543456,yahoo
META,2026-01-08,645.8800048828125,647.0999755859375,635.719970703125,646.0599975585938,646.0599975585938,11921700,0.0,0.0,642.9599812825521,7665176008.856201,yahoo
META,2026-01-09,645.4400024414062,654.9500122070312,642.8499755859375,653.0599975585938,653.0599975585938,11634900,0.0,0.0,650.2866617838541,7566020281.188965,yahoo
META,2026-01-12,652.530029296875,653.969970703125,641.22998046875,641.969970703125,641.969970703125,14797200,0.0,0.0,645.7233072916666,9554896922.65625,yahoo
META,2026-01-13,642.27001953125,642.27001953125,624.0999755859375,631.0900268554688,631.0900268554688,18030400,0.0,0.0,632.4866739908854,11403987726.72526,yahoo
META,2026-01-14,626.5,628.4500122070312,614.8200073242188,615.52001953125,615.52001953125,15527900,0.0,0.0,619.5966796875,9621035282.519531,yahoo
META,2026-01-15,618.47998046875,624.1699829101562,614.22998046875,620.7999877929688,620.7999877929688,13076100,0.0,0.0,619.7333170572916,8103694827.172851,yahoo
META,2026-01-16,624.1799926757812,629.0800170898438,620.0800170898438,620.25,620.25,17012500,0.0,0.0,623.1366780598959,10601112735.493979,yahoo
META,2026-01-20,607.8800048828125,611.4000244140625,600.0,604.1199951171875,604.1199951171875,15169600,0.0,0.0,605.17333984375,9180237496.09375,yahoo
META,2026-01-21,606.739990234375,618.27001953125,600.0800170898438,612.9600219726562,612.9600219726562,14494700,0.0,0.0,610.4366861979166,8848096635.432941,yahoo
META,2026-01-22,629.3499755859375,660.5700073242188,626.5499877929688,647.6300048828125,647.6300048828125,21394700,0.0,0.0,644.9166666666666,13797798608.333332,yahoo
META,2026-01-23,644.77001953125,666.489990234375,644.4500122070312,658.760009765625,658.760009765625,22797700,0.0,0.0,656.5666707356771,14968209989.430746,yahoo
META,2026-01-26,665.1300048828125,675.280029296875,661.2899780273438,672.3599853515625,672.3599853515625,16327400,0.0,0.0,669.6433308919271,10933534520.804852,yahoo
META,2026-01-27,674.5900268554688,676.8200073242188,664.6599731445312,672.969970703125,672.969970703125,13297400,0.0,0.0,671.4833170572916,8928982260.237629,yahoo
META,2026-01-28,674.5,677.6799926757812,666.0999755859375,668.72998046875,668.72998046875,25709600,0.0,0.0,670.8366495768229,17246941925.960285,yahoo
META,2026-01-29,737.4299926757812,744.0,712.5499877929688,738.3099975585938,738.3099975585938,59852900,0.0,0.0,731.6199951171875,43789578405.74951,yahoo
META,2026-01-30,727.5,732.1699829101562,713.5900268554688,716.5,716.5,23744600,0.0,0.0,720.7533365885416,17113999675.960285,yahoo
META,2026-02-02,714.5999755859375,721.2999877929688,703.52001953125,706.4099731445312,706.4099731445312,14365200,0.0,0.0,710.4099934895834,10205181638.476562,yahoo
META,2026-02-03,707.3699951171875,717.0,686.4099731445312,691.7000122070312,691.7000122070312,13760700,0.0,0.0,698.3699951171875,9610059991.809082,yahoo
META,2026-02-04,687.72998046875,688.8300170898438,667.4600219726562,668.989990234375,668.989990234375,16882800,0.0,0.0,675.0933430989584,11397465892.871094,yahoo
META,2026-02-05,663.5800170898438,681.5,653.5,670.2100219726562,670.2100219726562,17131800,0.0,0.0,668.4033406575521,11450952351.47705,yahoo
META,2026-02-06,665.489990234375,671.989990234375,646.5,661.4600219726562,661.4600219726562,18159300,0.0,0.0,659.9833374023438,11984835418.89038,yahoo
META,2026-02-09,663.1799926757812,683.3099975585938,658.780029296875,677.219970703125,677.219970703125,14837500,0.0,0.0,673.1033325195312,9987170696.258545,yahoo
META,2026-02-10,677.5999755859375,680.6500244140625,669.7899780273438,670.719970703125,670.719970703125,10455800,0.0,0.0,673.7199910481771,7044281482.40153,yahoo
META,2026-02-11,674.0,679.27001953125,657.0999755859375,668.6900024414062,668.6900024414062,14323800,0.0,0.0,668.3533325195312,9573359464.343262,yahoo
META,2026-02-12,669.969970703125,676.0,645.280029296875,649.8099975585938,649.8099975585938,14960100,0.0,0.0,657.0300089518229,9829234636.920166,yahoo
META,2026-02-13,645.0999755859375,651.4299926757812,634.5700073242188,639.77001953125,639.77001953125,12316700,0.0,0.0,641.92333984375,7906377199.853516,yahoo
