symbol,date,open,high,low,close,adjusted_close,volume,dividends,stock_splits,typical_price,traded_value,source
MSFT,2023-02-17,259.3900146484375,260.0899963378906,256.0,258.05999755859375,252.66542053222656,30000100,0.0,0.0,258.0499979654948,7741525743.964641,yahoo
MSFT,2023-02-21,254.47999572753906,255.49000549316406,251.58999633789062,252.6699981689453,247.38807678222656,28397400,0.0,0.0,253.25,7191641550.0,yahoo
MSFT,2023-02-22,254.08999633789062,254.33999633789062,250.33999633789062,251.50999450683594,246.25230407714844,22491100,0.0,0.0,252.0633290608724,5669181540.240988,yahoo
MSFT,2023-02-23,255.55999755859375,256.8399963378906,250.47999572753906,254.77000427246094,249.4441680908203,29219100,0.0,0.0,254.02999877929688,7422527937.332153,yahoo
MSFT,2023-02-24,249.9600067138672,251.0,248.10000610351562,249.22000122070312,244.01019287109375,24990900,0.0,0.0,249.44000244140625,6233730157.012939,yahoo
MSFT,2023-02-27,252.4600067138672,252.82000732421875,249.38999938964844,250.16000366210938,244.93055725097656,21190000,0.0,0.0,250.79000345865884,5314240173.2889805,yahoo
MSFT,2023-02-28,249.07000732421875,251.49000549316406,248.72999572753906,249.4199981689453,244.20599365234375,22491000,0.0,0.0,249.87999979654947,5620051075.424194,yahoo
MSFT,2023-03-01,250.75999450683594,250.92999267578125,245.7899932861328,246.27000427246094,241.1218719482422,27565300,0.0,0.0,247.663330078125,6826913992.602539,yahoo
MSFT,2023-03-02,246.5500030517578,251.39999389648438,245.61000061035156,251.11000061035156,245.86068725585938,24808200,0.0,0.0,249.37333170572916,6186503487.62207,yahoo
MSFT,2023-03-03,252.19000244140625,255.6199951171875,251.38999938964844,255.2899932861328,249.9532928466797,30760100,0.0,0.0,254.0999959309896,7816141284.836833,yahoo
MSFT,2023-03-06,256.42999267578125,260.1199951171875,255.97999572753906,256.8699951171875,251.50027465820312,24109800,0.0,0.0,257.6566619873047,6212050589.181519,yahoo
MSFT,2023-03-07,256.29998779296875,257.69000244140625,253.38999938964844,254.14999389648438,248.8371124267578,21473200,0.0,0.0,255.07666524251303,5477312248.085531,yahoo
MSFT,2023-03-08,254.0399932861328,254.5399932861328,250.80999755859375,253.6999969482422,248.3965301513672,17340200,0.0,0.0,253.01666259765625,4387359532.775879,yahoo
MSFT,2023-03-09,255.82000732421875,259.55999755859375,251.5800018310547,252.32000732421875,247.04541015625,26653400,0.0,0.0,254.4866689046224,6782934980.982463,yahoo
MSFT,2023-03-10,251.0800018310547,252.7899932861328,247.60000610351562,248.58999633789062,243.3933563232422,28333900,0.0,0.0,249.65999857584634,7073841433.648172,yahoo
MSFT,2023-03-13,247.39999389648438,257.9100036621094,245.72999572753906,253.9199981689453,248.6119384765625,33339700,0.0,0.0,252.5199991861979,8418941016.868082,yahoo
MSFT,2023-03-14,256.75,261.07000732421875,255.86000061035156,260.7900085449219,255.33834838867188,33620300,0.0,0.0,259.24000549316406,8715726756.681824,yahoo
MSFT,2023-03-15,259.9800109863281,266.4800109863281,259.2099914550781,265.44000244140625,259.89117431640625,46028000,0.0,0.0,263.7100016276042,12138043954.915365,yahoo
MSFT,2023-03-16,265.2099914550781,276.55999755859375,263.2799987792969,276.20001220703125,270.4262390136719,54768800,0.0,0.0,272.0133361816406,14897844006.66504,yahoo
MSFT,2023-03-17,278.260009765625,283.3299865722656,276.32000732421875,279.42999267578125,273.5886535644531,69527400,0.0,0.0,279.6933288574219,19446349952.801514,yahoo
MSFT,2023-03-20,276.9800109863281,277.4800109863281,269.8500061035156,272.2300109863281,266.5391540527344,43466600,0.0,0.0,273.1866760253906,11874495972.125244,yahoo
MSFT,2023-03-21,274.8800048828125,275.0,269.5199890136719,273.7799987792969,268.0567626953125,34558700,0.0,0.0,272.76666259765625,9426461262.713623,yahoo
MSFT,2023-03-22,273.3999938964844,281.0400085449219,272.17999267578125,272.2900085449219,266.5979309082031,34873300,0.0,0.0,275.1700032552083,9596086074.519855,yahoo
MSFT,2023-03-23,277.94000244140625,281.05999755859375,275.20001220703125,277.6600036621094,271.85565185546875,36610900,0.0,0.0,277.9733378092448,10176854073.200481,yahoo
MSFT,2023-03-24,277.239990234375,280.6300048828125,275.2799987792969,280.57000732421875,274.7048645019531,28172000,0.0,0.0,278.82667032877606,7855104956.502279,yahoo
MSFT,2023-03-27,280.5,281.4599914550781,275.5199890136719,276.3800048828125,270.6024475097656,26840200,0.0,0.0,277.7866617838542,7455849559.611003,yahoo
MSFT,2023-03-28,275.7900085449219,276.1400146484375,272.04998779296875,275.2300109863281,269.4764709472656,21878600,0.0,0.0,274.4733378092448,6005092368.593344,yahoo
MSFT,2023-03-29,278.9599914550781,281.1400146484375,278.4100036621094,280.510009765625,274.6461181640625,25087000,0.0,0.0,280.02000935872394,7024861974.782308,yahoo
MSFT,2023-03-30,284.2300109863281,284.4599914550781,281.4800109863281,284.04998779296875,278.1121520996094,25053400,0.0,0.0,283.3299967447917,7098379740.445964,yahoo
MSFT,2023-03-31,283.7300109863281,289.2699890136719,283.0,288.29998779296875,282.2732849121094,32766000,0.0,0.0,286.8566589355469,9399145286.682129,yahoo
MSFT,2023-04-03,286.5199890136719,288.2699890136719,283.95001220703125,287.2300109863281,281.22564697265625,24883300,0.0,0.0,286.48333740234375,7128650829.58374,yahoo
MSFT,2023-04-04,287.2300109863281,290.45001220703125,285.6700134277344,287.17999267578125,281.1766662597656,25824300,0.0,0.0,287.7666727701823,7431372887.6190195,yahoo
MSFT,2023-04-05,285.8500061035156,287.1499938964844,282.9200134277344,284.3399963378906,278.39599609375,22064800,0.0,0.0,284.80333455403644,6284128616.267903,yahoo
MSFT,2023-04-06,283.2099914550781,292.0799865722656,282.0299987792969,291.6000061035156,285.5042419433594,29770300,0.0,0.0,288.5699971516927,8590815386.205036,yahoo
MSFT,2023-04-10,289.2099914550781,289.6000061035156,284.7099914550781,289.3900146484375,283.34051513671875,23103000,0.0,0.0,287.90000406901044,6651353794.006348,yahoo
MSFT,2023-04-11,285.75,285.9800109863281,281.6400146484375,282.8299865722656,276.9176025390625,27276600,0.0,0.0,283.48333740234375,7732461600.98877,yahoo
MSFT,2023-04-12,284.7900085449219,287.010009765625,281.9599914550781,283.489990234375,277.5637512207031,27403400,0.0,0.0,284.15333048502606,7786767376.613363,yahoo
MSFT,2023-04-13,283.5899963378906,289.8999938964844,283.1700134277344,289.8399963378906,283.7810974121094,24222700,0.0,0.0,287.6366678873698,6967336715.235393,yahoo
MSFT,2023-04-14,287.0,288.4800109863281,283.69000244140625,286.1400146484375,280.15838623046875,20987900,0.0,0.0,286.1033426920573,6004708346.08663,yahoo
MSFT,2023-04-17,289.92999267578125,291.6000061035156,286.1600036621094,288.79998779296875,282.76275634765625,23836200,0.0,0.0,288.85333251953125,6885165804.602051,yahoo
MSFT,2023-04-18,291.57000732421875,291.760009765625,287.010009765625,288.3699951171875,282.3417663574219,20161800,0.0,0.0,289.0466715494792,5827701182.446289,yahoo
MSFT,2023-04-19,285.989990234375,289.04998779296875,284.5400085449219,288.45001220703125,282.4200744628906,17150300,0.0,0.0,287.34666951497394,4928081586.182657,yahoo
MSFT,2023-04-20,285.25,289.0299987792969,285.0799865722656,286.1099853515625,280.12896728515625,23244400,0.0,0.0,286.739990234375,6665099029.003906,yahoo
MSFT,2023-04-21,285.010009765625,286.2699890136719,283.05999755859375,285.760009765625,279.786376953125,21676400,0.0,0.0,285.0299987792969,6178424265.539551,yahoo
MSFT,2023-04-24,282.0899963378906,284.95001220703125,278.7200012207031,281.7699890136719,275.8797302246094,26611000,0.0,0.0,281.81333414713544,7499334634.989421,yahoo
MSFT,2023-04-25,279.510009765625,281.6000061035156,275.3699951171875,275.4200134277344,269.66253662109375,45772200,0.0,0.0,277.4633382161458,12700107409.49707,yahoo
MSFT,2023-04-26,296.70001220703125,299.57000732421875,292.7300109863281,295.3699951171875,289.1955261230469,64599200,0.0,0.0,295.89000447591144,19114257577.140297,yahoo
MSFT,2023-04-27,295.9700012207031,305.20001220703125,295.25,304.8299865722656,298.4577331542969,46462600,0.0,0.0,301.75999959309894,14020554157.094318,yahoo
MSFT,2023-04-28,304.010009765625,308.92999267578125,303.30999755859375,307.260009765625,300.8369140625,36469600,0.0,0.0,306.5,11177932400.0,yahoo
MSFT,2023-05-01,306.9700012207031,308.6000061035156,305.1499938964844,305.55999755859375,299.1724548339844,21294100,0.0,0.0,306.43666585286456,6525293006.337483,yahoo
MSFT,2023-05-02,307.760009765625,309.17999267578125,303.9100036621094,305.4100036621094,299.0255432128906,26404400,0.0,0.0,306.1666666666667,8084147133.333334,yahoo
MSFT,2023-05-03,306.6199951171875,308.6099853515625,304.0899963378906,304.3999938964844,298.0366516113281,22360800,0.0,0.0,305.6999918619792,6835696378.027344,yahoo
MSFT,2023-05-04,306.239990234375,307.760009765625,303.3999938964844,305.4100036621094,299.0255432128906,22519900,0.0,0.0,305.52333577473956,6880354969.313558,yahoo
MSFT,2023-05-05,305.7200012207031,311.9700012207031,304.2699890136719,310.6499938964844,304.1559753417969,28197100,0.0,0.0,308.9633280436198,8711869857.178753,yahoo
MSFT,2023-05-08,310.1300048828125,310.20001220703125,306.0899963378906,308.6499938964844,302.19781494140625,21318600,0.0,0.0,308.31333414713544,6572808645.349121,yahoo
MSFT,2023-05-09,308.0,310.0400085449219,306.30999755859375,307.0,300.58233642578125,21340800,0.0,0.0,307.78333536783856,6568342603.417969,yahoo
MSFT,2023-05-10,308.6199951171875,313.0,307.6700134277344,312.30999755859375,305.7812805175781,30078000,0.0,0.0,310.9933369954427,9354057590.148926,yahoo
MSFT,2023-05-11,310.1000061035156,311.1199951171875,306.260009765625,310.1099853515625,303.62725830078125,31680200,0.0,0.0,309.163330078125,9794356129.541016,yahoo
MSFT,2023-05-12,310.54998779296875,310.6499938964844,306.6000061035156,308.9700012207031,302.5111389160156,19774700,0.0,0.0,308.74000040690106,6105240886.046347,yahoo
MSFT,2023-05-15,309.1000061035156,309.8999938964844,307.5899963378906,309.4599914550781,302.9909362792969,16336500,0.0,0.0,308.9833272298177,5047706125.289917,yahoo
MSFT,2023-05-16,309.8299865722656,313.7099914550781,309.8299865722656,311.739990234375,305.2232360839844,26730300,0.0,0.0,311.75998942057294,8333438045.208741,yahoo
MSFT,2023-05-17,312.2900085449219,314.42999267578125,310.739990234375,314.0,308.1081237792969,24315000,0.68,0.0,313.05666097005206,7611972711.486816,yahoo
MSFT,2023-05-18,314.5299987792969,319.0400085449219,313.7200012207031,318.5199890136719,312.54327392578125,27276000,0.0,0.0,317.0933329264323,8649037748.901367,yahoo
MSFT,2023-05-19,316.739990234375,318.75,316.3699951171875,318.3399963378906,312.3666687011719,27546700,0.0,0.0,317.8199971516927,8754892115.538532,yahoo
MSFT,2023-05-22,318.6000061035156,322.5899963378906,318.010009765625,321.17999267578125,315.1533508300781,24115700,0.0,0.0,320.5933329264323,7731332638.853964,yahoo
MSFT,2023-05-23,320.0299987792969,322.7200012207031,315.25,315.260009765625,309.344482421875,30797200,0.0,0.0,317.7433369954427,9785605098.116047,yahoo
MSFT,2023-05-24,314.7300109863281,316.5,312.6099853515625,313.8500061035156,307.96087646484375,23384900,0.0,0.0,314.3199971516927,7350341701.392618,yahoo
MSFT,2023-05-25,323.239990234375,326.8999938964844,320.0,325.9200134277344,319.804443359375,43301700,0.0,0.0,324.27333577473956,14041586703.717041,yahoo
MSFT,2023-05-26,324.0199890136719,333.3999938964844,323.8800048828125,332.8900146484375,326.6436767578125,36630600,0.0,0.0,330.0566711425781,12090173897.955322,yahoo
MSFT,2023-05-30,335.2300109863281,335.739990234375,330.5199890136719,331.2099914550781,324.9950866699219,29503100,0.0,0.0,332.489990234375,9809485430.88379,yahoo
MSFT,2023-05-31,332.2900085449219,335.94000244140625,327.3299865722656,328.3900146484375,322.2281188964844,45950600,0.0,0.0,330.55333455403644,15189124054.758707,yahoo
MSFT,2023-06-01,325.92999267578125,333.5299987792969,324.7200012207031,332.5799865722656,326.3393859863281,26773900,0.0,0.0,330.2766621907552,8842794325.82906,yahoo
MSFT,2023-06-02,334.25,337.5,332.54998779296875,335.3999938964844,329.1065673828125,25873800,0.0,0.0,335.1499938964844,8671603912.078857,yahoo
MSFT,2023-06-05,335.2200012207031,338.55999755859375,334.6600036621094,335.94000244140625,329.6363525390625,21307100,0.0,0.0,336.3866678873698,7167424371.342978,yahoo
MSFT,2023-06-06,335.3299865722656,335.3699951171875,332.1700134277344,333.67999267578125,327.4188232421875,20396200,0.0,0.0,333.74000040690106,6807027796.299235,yahoo
MSFT,2023-06-07,331.6499938964844,334.489990234375,322.5,323.3800048828125,317.31207275390625,40717100,0.0,0.0,326.7899983723958,13305941042.728678,yahoo
MSFT,2023-06-08,323.94000244140625,326.6400146484375,323.3500061035156,325.260009765625,319.15679931640625,23277700,0.0,0.0,325.0833435058594,7567192545.126343,yahoo
MSFT,2023-06-09,324.989990234375,329.989990234375,324.4100036621094,326.7900085449219,320.6580810546875,22529000,0.0,0.0,327.06333414713544,7368409855.000814,yahoo
MSFT,2023-06-12,328.5799865722656,332.1000061035156,325.1600036621094,331.8500061035156,325.6231689453125,24260300,0.0,0.0,329.7033386230469,7998701905.996704,yahoo
MSFT,2023-06-13,334.4700012207031,336.9800109863281,330.3900146484375,334.2900085449219,328.0173645019531,22951300,0.0,0.0,333.8866780598958,7663133314.156087,yahoo
MSFT,2023-06-14,334.3399963378906,339.0400085449219,332.80999755859375,337.3399963378906,331.0101318359375,26003800,0.0,0.0,336.39666748046875,8747591661.828613,yahoo
MSFT,2023-06-15,337.4800109863281,349.8399963378906,337.20001220703125,348.1000061035156,341.5682373046875,38899100,0.0,0.0,345.0466715494792,13422004981.270346,yahoo
MSFT,2023-06-16,351.32000732421875,351.4700012207031,341.95001220703125,342.3299865722656,335.906494140625,46552000,0.0,0.0,345.25,16072078000.0,yahoo
MSFT,2023-06-20,339.30999755859375,342.0799865722656,335.8599853515625,338.04998779296875,331.706787109375,26375400,0.0,0.0,338.66331990559894,8932380527.838135,yahoo
MSFT,2023-06-21,336.3699951171875,337.7300109863281,332.07000732421875,333.55999755859375,327.3010559082031,25117800,0.0,0.0,334.4533386230469,8400732068.865967,yahoo
MSFT,2023-06-22,334.1199951171875,340.1199951171875,333.3399963378906,339.7099914550781,333.3356628417969,23556800,0.0,0.0,337.72332763671875,7955680884.472656,yahoo
MSFT,2023-06-23,334.3599853515625,337.9599914550781,333.45001220703125,335.0199890136719,328.7336120605469,23146900,0.0,0.0,335.47666422526044,7765244799.155681,yahoo
MSFT,2023-06-26,333.7200012207031,336.1099853515625,328.489990234375,328.6000061035156,322.4341125488281,21520600,0.0,0.0,331.06666056315106,7124753175.315349,yahoo
MSFT,2023-06-27,331.8599853515625,336.1499938964844,329.29998779296875,334.57000732421875,328.2921142578125,24354100,0.0,0.0,333.3399963378906,8118195604.812622,yahoo
MSFT,2023-06-28,334.6600036621094,337.9800109863281,333.80999755859375,335.8500061035156,329.5480651855469,20259500,0.0,0.0,335.8800048828125,6804760958.92334,yahoo
MSFT,2023-06-29,334.7099914550781,336.1099853515625,332.6199951171875,335.04998779296875,328.7630615234375,16997000,0.0,0.0,334.59332275390625,5687082706.848145,yahoo
MSFT,2023-06-30,337.75,342.7300109863281,337.20001220703125,340.5400085449219,334.1501159667969,26832800,0.0,0.0,340.15667724609375,9127356089.208984,yahoo
MSFT,2023-07-03,339.19000244140625,340.8999938964844,336.57000732421875,337.989990234375,331.6478576660156,12508700,0.0,0.0,338.4866638183594,4234028131.704712,yahoo
MSFT,2023-07-05,335.0899963378906,341.6499938964844,334.7300109863281,338.1499938964844,331.8049621582031,18172400,0.0,0.0,338.1766662597656,6145481649.938965,yahoo
MSFT,2023-07-06,337.29998779296875,342.989990234375,335.5,341.2699890136719,334.86639404296875,28161200,0.0,0.0,339.9199930826823,9572554909.200033,yahoo
MSFT,2023-07-07,339.32000732421875,341.7900085449219,337.0,337.2200012207031,330.89239501953125,21214800,0.0,0.0,338.6700032552083,7184816385.058594,yahoo
MSFT,2023-07-10,334.6000061035156,335.2300109863281,327.5899963378906,331.8299865722656,325.603515625,32791400,0.0,0.0,331.5499979654948,10871988603.285727,yahoo
MSFT,2023-07-11,331.05999755859375,332.8599853515625,327.0,332.4700012207031,326.2315368652344,26698200,0.0,0.0,330.7766621907552,8831141482.50122,yahoo
MSFT,2023-07-12,336.6000061035156,341.6499938964844,335.6700134277344,337.20001220703125,330.8727722167969,29995300,0.0,0.0,338.17333984375,10143610780.615234,yahoo
MSFT,2023-07-13,339.55999755859375,343.739990234375,339.0199890136719,342.6600036621094,336.2302551269531,20567200,0.0,0.0,341.80666097005206,7030005957.503255,yahoo
MSFT,2023-07-14,347.5899963378906,351.42999267578125,344.30999755859375,345.239990234375,338.76190185546875,28352700,0.0,0.0,346.9933268229167,9838197697.41211,yahoo
MSFT,2023-07-17,345.67999267578125,346.989990234375,342.20001220703125,345.7300109863281,339.2427062988281,20363900,0.0,0.0,344.9733378092448,7025002553.813681,yahoo
MSFT,2023-07-18,345.8299865722656,366.7799987792969,342.1700134277344,359.489990234375,352.7445068359375,64738600,0.0,0.0,356.14666748046875,23056436647.351074,yahoo
MSFT,2023-07-19,361.75,362.4599914550781,352.44000244140625,355.0799865722656,348.4172058105469,39732900,0.0,0.0,356.6599934895833,14171135855.322266,yahoo
MSFT,2023-07-20,353.57000732421875,357.9700012207031,345.3699951171875,346.8699951171875,340.36126708984375,33778400,0.0,0.0,350.0699971516927,11824804391.788736,yahoo
MSFT,2023-07-21,349.1499938964844,350.29998779296875,339.8299865722656,343.7699890136719,337.31939697265625,69405400,0.0,0.0,344.63332112630206,23919413506.099445,yahoo
MSFT,2023-07-24,345.8500061035156,346.9200134277344,342.30999755859375,345.1099853515625,338.6343078613281,26678100,0.0,0.0,344.7799987792969,9198075285.43396,yahoo
MSFT,2023-07-25,347.1099853515625,351.8900146484375,345.07000732421875,350.9800109863281,344.3942565917969,41637700,0.0,0.0,349.31334431966144,14544604236.778767,yahoo
MSFT,2023-07-26,341.44000244140625,344.6700134277344,333.1099853515625,337.7699890136719,331.43206787109375,58383700,0.0,0.0,338.51666259765625,19763855274.102783,yahoo
MSFT,2023-07-27,340.4800109863281,341.3299865722656,329.04998779296875,330.7200012207031,324.5143127441406,39635300,0.0,0.0,333.6999918619792,13226299287.447104,yahoo
MSFT,2023-07-28,333.6700134277344,340.010009765625,333.1700134277344,338.3699951171875,332.02081298828125,28484900,0.0,0.0,337.18333943684894,9604633705.524698,yahoo
MSFT,2023-07-31,336.9200134277344,337.70001220703125,333.3599853515625,335.9200134277344,329.61676025390625,25446000,0.0,0.0,335.6600036621094,8541204453.186035,yahoo
MSFT,2023-08-01,335.19000244140625,338.5400085449219,333.70001220703125,336.3399963378906,330.0289306640625,18311900,0.0,0.0,336.19333902994794,6156338804.982504,yahoo
MSFT,2023-08-02,333.6300048828125,333.6300048828125,326.3599853515625,327.5,321.3547668457031,27761300,0.0,0.0,329.163330078125,9138001955.297852,yahoo
MSFT,2023-08-03,326.0,329.8800048828125,325.95001220703125,326.6600036621094,320.530517578125,18253700,0.0,0.0,327.4966735839844,5978026030.599976,yahoo
MSFT,2023-08-04,331.8800048828125,335.1400146484375,327.239990234375,327.7799987792969,321.6295471191406,23741500,0.0,0.0,330.05333455403644,7835961242.314656,yahoo
MSFT,2023-08-07,328.3699951171875,331.1099853515625,327.5199890136719,330.1099853515625,323.9157409667969,17741500,0.0,0.0,329.5799865722656,5847243331.771851,yahoo
MSFT,2023-08-08,326.9599914550781,328.75,323.0,326.04998779296875,319.9320068359375,22327600,0.0,0.0,325.93332926432294,7277309002.482097,yahoo
MSFT,2023-08-09,326.4700012207031,327.1099853515625,321.04998779296875,322.2300109863281,316.18365478515625,22373300,0.0,0.0,323.4633280436198,7236942077.318319,yahoo
MSFT,2023-08-10,326.0199890136719,328.260009765625,321.17999267578125,322.92999267578125,316.8705139160156,20113700,0.0,0.0,324.1233317057292,6519319456.929525,yahoo
MSFT,2023-08-11,320.260009765625,322.4100036621094,319.2099914550781,321.010009765625,314.986572265625,24355500,0.0,0.0,320.8766682942708,7815111694.641113,yahoo
MSFT,2023-08-14,321.3900146484375,324.05999755859375,320.0799865722656,324.0400085449219,317.9596862792969,18836100,0.0,0.0,322.72666422526044,6078911720.013428,yahoo
MSFT,2023-08-15,323.0,325.0899963378906,320.8999938964844,321.8599853515625,315.8205871582031,16966300,0.0,0.0,322.6166585286458,5473611013.5945635,yahoo
MSFT,2023-08-16,320.79998779296875,324.4200134277344,319.79998779296875,320.3999938964844,315.0536193847656,20698900,0.68,0.0,321.5399983723958,6655524272.310384,yahoo
MSFT,2023-08-17,320.5400085449219,321.8699951171875,316.2099914550781,316.8800048828125,311.5923767089844,21257200,0.0,0.0,318.3199971516927,6766591843.452962,yahoo
MSFT,2023-08-18,314.489990234375,318.3800048828125,311.54998779296875,316.4800109863281,311.1990051269531,24755000,0.0,0.0,315.4700012207031,7809459880.218506,yahoo
MSFT,2023-08-21,317.92999267578125,322.7699890136719,317.0400085449219,321.8800048828125,316.5089111328125,24040000,0.0,0.0,320.56333414713544,7706342552.897136,yahoo
MSFT,2023-08-22,325.5,326.0799865722656,321.4599914550781,322.4599914550781,317.0791931152344,16084600,0.0,0.0,323.3333231608073,5200687169.712321,yahoo
MSFT,2023-08-23,323.82000732421875,329.20001220703125,323.4599914550781,327.0,321.5434875488281,21166400,0.0,0.0,326.55333455403644,6911958500.504557,yahoo
MSFT,2023-08-24,332.8500061035156,332.9800109863281,319.9599914550781,319.9700012207031,314.6307678222656,23281400,0.0,0.0,324.30333455403644,7550235653.086344,yahoo
MSFT,2023-08-25,321.4700012207031,325.3599853515625,318.79998779296875,322.9800109863281,317.5905456542969,21684100,0.0,0.0,322.37999471028644,6990520043.297322,yahoo
MSFT,2023-08-28,325.6600036621094,326.1499938964844,321.7200012207031,323.70001220703125,318.298583984375,14808500,0.0,0.0,323.85666910807294,4795831484.486898,yahoo
MSFT,2023-08-29,321.8800048828125,328.9800109863281,321.8800048828125,328.4100036621094,322.9299621582031,19284600,0.0,0.0,326.42333984375,6294943539.550781,yahoo
MSFT,2023-08-30,328.6700134277344,329.80999755859375,326.45001220703125,328.7900085449219,323.3036193847656,15222100,0.0,0.0,328.3500061035156,4998176627.908325,yahoo
MSFT,2023-08-31,329.20001220703125,330.9100036621094,326.7799987792969,327.760009765625,322.29083251953125,26411000,0.0,0.0,328.48333740234375,8675573424.1333,yahoo
MSFT,2023-09-01,331.30999755859375,331.989990234375,326.7799987792969,328.6600036621094,323.1758117675781,14942000,0.0,0.0,329.14333089192706,4918059650.187174,yahoo
MSFT,2023-09-05,329.0,334.8500061035156,328.6600036621094,333.54998779296875,327.9841613769531,18553900,0.0,0.0,332.35333251953125,6166450496.234131,yahoo
MSFT,2023-09-06,333.3800048828125,334.4599914550781,330.17999267578125,332.8800048828125,327.32537841796875,17535800,0.0,0.0,332.5066630045573,5830770341.115316,yahoo
MSFT,2023-09-07,331.2900085449219,333.0799865722656,329.0299987792969,329.9100036621094,324.4048767089844,18381000,0.0,0.0,330.67332967122394,6078106472.686768,yahoo
MSFT,2023-09-08,330.0899963378906,336.1600036621094,329.4599914550781,334.2699890136719,328.6921691894531,19530100,0.0,0.0,333.2966613769531,6509317126.358032,yahoo
MSFT,2023-09-11,337.239990234375,338.4200134277344,335.42999267578125,337.94000244140625,332.3009033203125,16583300,0.0,0.0,337.2633361816406,5592939082.901001,yahoo
MSFT,2023-09-12,335.82000732421875,336.7900085449219,331.4800109863281,331.7699890136719,326.23388671875,17565500,0.0,0.0,333.34666951497394,5855400923.365274,yahoo
MSFT,2023-09-13,331.30999755859375,336.8500061035156,331.1700134277344,336.05999755859375,330.4523010253906,16544400,0.0,0.0,334.69333902994794,5537300478.24707,yahoo
MSFT,2023-09-14,339.1499938964844,340.8599853515625,336.57000732421875,338.70001220703125,333.0482177734375,20267000,0.0,0.0,338.7100016276042,6864635602.986654,yahoo
MSFT,2023-09-15,336.9200134277344,337.3999938964844,329.6499938964844,330.2200012207031,324.7098083496094,37679800,0.0,0.0,332.42332967122394,12525644577.345783,yahoo
MSFT,2023-09-18,327.79998779296875,330.3999938964844,326.3599853515625,329.05999755859375,323.5691223144531,16834200,0.0,0.0,328.6066589355469,5531830217.852783,yahoo
MSFT,2023-09-19,326.1700134277344,329.3900146484375,324.510009765625,328.6499938964844,323.1659240722656,16505900,0.0,0.0,327.5166727701823,5405957449.077353,yahoo
MSFT,2023-09-20,329.510009765625,329.5899963378906,320.510009765625,320.7699890136719,315.41748046875,21436500,0.0,0.0,323.6233317057292,6937351550.109863,yahoo
MSFT,2023-09-21,319.260009765625,325.3500061035156,315.0,319.5299987792969,314.1980895996094,35560400,0.0,0.0,319.9600016276042,11377905641.878256,yahoo
MSFT,2023-09-22,321.32000732421875,321.45001220703125,316.1499938964844,317.010009765625,311.7201843261719,21447900,0.0,0.0,318.2033386230469,6824793386.453247,yahoo
MSFT,2023-09-25,316.5899963378906,317.6700134277344,315.0,317.5400085449219,312.2413635253906,17836000,0.0,0.0,316.73667399088544,5649315317.301433,yahoo
MSFT,2023-09-26,315.1300048828125,315.8800048828125,310.0199890136719,312.1400146484375,306.931396484375,26297600,0.0,0.0,312.6800028483073,8222733642.903646,yahoo
MSFT,2023-09-27,312.29998779296875,314.29998779296875,309.69000244140625,312.7900085449219,307.5705871582031,19410100,0.0,0.0,312.25999959309894,6060997818.10201,yahoo
MSFT,2023-09-28,310.989990234375,315.4800109863281,309.45001220703125,313.6400146484375,308.40643310546875,19683600,0.0,0.0,312.85667928059894,6158145732.287598,yahoo
MSFT,2023-09-29,317.75,319.4700012207031,314.9800109863281,315.75,310.4812316894531,24147300,0.0,0.0,316.73333740234375,7648254918.255615,yahoo
MSFT,2023-10-02,316.2799987792969,321.8900146484375,315.17999267578125,321.79998779296875,316.43023681640625,20570000,0.0,0.0,319.6233317057292,6574651933.18685,yahoo
MSFT,2023-10-03,320.8299865722656,321.3900146484375,311.2099914550781,313.3900146484375,308.16064453125,21033500,0.0,0.0,315.3300069173177,6632493700.495401,yahoo
MSFT,2023-10-04,314.0299987792969,320.0400085449219,314.0,318.9599914550781,313.63763427734375,20720100,0.0,0.0,317.6666666666667,6582085100.0,yahoo
MSFT,2023-10-05,319.0899963378906,319.9800109863281,314.8999938964844,319.3599853515625,314.0309143066406,16965600,0.0,0.0,318.0799967447917,5396417992.7734375,yahoo
MSFT,2023-10-06,316.54998779296875,329.19000244140625,316.29998779296875,327.260009765625,321.7991027832031,25673600,0.0,0.0,324.25,8324664800.0,yahoo
MSFT,2023-10-09,324.75,330.29998779296875,323.17999267578125,329.82000732421875,324.31640625,19891200,0.0,0.0,327.76666259765625,6519672239.0625,yahoo
MSFT,2023-10-10,330.9599914550781,331.1000061035156,327.6700134277344,328.3900146484375,322.91033935546875,20557100,0.0,0.0,329.0533447265625,6764382512.878418,yahoo
MSFT,2023-10-11,331.2099914550781,332.82000732421875,329.1400146484375,332.4200134277344,326.873046875,20063200,0.0,0.0,331.4600118001302,6650148508.748372,yahoo
MSFT,2023-10-12,330.57000732421875,333.6300048828125,328.7200012207031,331.1600036621094,325.6340637207031,19313100,0.0,0.0,331.1700032552083,6395919389.868164,yahoo
MSFT,2023-10-13,332.3800048828125,333.8299865722656,326.3599853515625,327.7300109863281,322.2613220214844,21072400,0.0,0.0,329.30666097005206,6939281682.625325,yahoo
MSFT,2023-10-16,331.04998779296875,336.1400146484375,330.6000061035156,332.6400146484375,327.08941650390625,22158000,0.0,0.0,333.1266784667969,7381420941.467285,yahoo
MSFT,2023-10-17,329.5899963378906,333.4599914550781,327.4100036621094,332.05999755859375,326.51904296875,18338500,0.0,0.0,330.97666422526044,6069615556.894938,yahoo
MSFT,2023-10-18,332.489990234375,335.5899963378906,328.29998779296875,330.1099853515625,324.6015319824219,23153600,0.0,0.0,331.3333231608073,7671559231.136068,yahoo
MSFT,2023-10-19,332.1499938964844,336.8800048828125,330.9100036621094,331.32000732421875,325.7914123535156,25052100,0.0,0.0,333.0366719563802,8343268009.518433,yahoo
MSFT,2023-10-20,331.7200012207031,331.9200134277344,325.45001220703125,326.6700134277344,321.2190246582031,25027700,0.0,0.0,328.0133463541667,8209419628.548178,yahoo
MSFT,2023-10-23,325.4700012207031,332.7300109863281,324.3900146484375,329.32000732421875,323.82476806640625,24374700,0.0,0.0,328.81334431966144,8014726623.788452,yahoo
MSFT,2023-10-24,331.29998779296875,331.8399963378906,327.6000061035156,330.5299987792969,325.0145568847656,31153600,0.0,0.0,329.99000040690106,10280376476.676434,yahoo
MSFT,2023-10-25,345.0199890136719,346.20001220703125,337.6199951171875,340.6700134277344,334.9853820800781,55053800,0.0,0.0,341.4966735839844,18800689568.15796,yahoo
MSFT,2023-10-26,340.5400085449219,341.6300048828125,326.94000244140625,327.8900146484375,322.4186096191406,37828500,0.0,0.0,332.15334065755206,12564862647.064209,yahoo
MSFT,2023-10-27,330.42999267578125,336.7200012207031,328.3999938964844,329.80999755859375,324.3066101074219,29856500,0.0,0.0,331.64333089192706,9901709108.77482,yahoo
MSFT,2023-10-30,333.4100036621094,339.45001220703125,331.8299865722656,337.30999755859375,331.6814270019531,22828100,0.0,0.0,336.19666544596356,7674731098.467001,yahoo
MSFT,2023-10-31,338.8500061035156,339.0,334.69000244140625,338.1099853515625,332.4680480957031,20265300,0.0,0.0,337.26666259765625,6834810097.540283,yahoo
MSFT,2023-11-01,339.7900085449219,347.4200134277344,339.6499938964844,346.07000732421875,340.2952880859375,28158800,0.0,0.0,344.3800048828125,9697327681.49414,yahoo
MSFT,2023-11-02,347.239990234375,348.8299865722656,344.7699890136719,348.32000732421875,342.5076904296875,24348100,0.0,0.0,347.30666097005206,8456257311.964925,yahoo
MSFT,2023-11-03,349.6300048828125,354.3900146484375,347.3299865722656,352.79998779296875,346.9129333496094,23637700,0.0,0.0,351.5066630045573,8308809048.102824,yahoo
MSFT,2023-11-06,353.45001220703125,357.5400085449219,353.3500061035156,356.5299987792969,350.5807189941406,23828300,0.0,0.0,355.8066711425781,8478268101.986694,yahoo
MSFT,2023-11-07,359.3999938964844,362.4599914550781,357.6300048828125,360.5299987792969,354.5139465332031,25833900,0.0,0.0,360.2066650390625,9305542963.952637,yahoo
MSFT,2023-11-08,361.67999267578125,363.8699951171875,360.54998779296875,363.20001220703125,357.1394348144531,26767800,0.0,0.0,362.5399983723958,9704398168.432617,yahoo
MSFT,2023-11-09,362.29998779296875,364.7900085449219,360.3599853515625,360.69000244140625,354.67132568359375,24847300,0.0,0.0,361.94666544596356,8993397380.335491,yahoo
MSFT,2023-11-10,361.489990234375,370.1000061035156,361.07000732421875,369.6700134277344,363.5014953613281,28042100,0.0,0.0,366.94667561848956,10289955372.361246,yahoo
MSFT,2023-11-13,368.2200012207031,368.4700012207031,365.8999938964844,366.67999267578125,360.5613708496094,19986500,0.0,0.0,367.01666259765625,7335378527.008057,yahoo
MSFT,2023-11-14,371.010009765625,371.95001220703125,367.3500061035156,370.2699890136719,364.0914306640625,27683900,0.0,0.0,369.85666910807294,10239075041.92098,yahoo
MSFT,2023-11-15,371.2799987792969,373.1300048828125,367.1099853515625,369.6700134277344,364.2392578125,26860100,0.75,0.0,369.9700012207031,9937431229.788208,yahoo
MSFT,2023-11-16,370.9599914550781,376.3500061035156,370.17999267578125,376.1700134277344,370.6438293457031,27182300,0.0,0.0,374.23333740234375,10172522847.271729,yahoo
MSFT,2023-11-17,373.6099853515625,374.3699951171875,367.0,369.8500061035156,364.4166564941406,40157000,0.0,0.0,370.4066670735677,14874420529.673258,yahoo
MSFT,2023-11-20,371.2200012207031,378.8699951171875,371.0,377.44000244140625,371.89508056640625,52465100,0.0,0.0,375.76999918619794,19714810584.303795,yahoo
MSFT,2023-11-21,375.6700134277344,376.2200012207031,371.1199951171875,373.07000732421875,367.58935546875,28423100,0.0,0.0,373.4700012207031,10615175191.696167,yahoo
MSFT,2023-11-22,378.0,379.7900085449219,374.9700012207031,377.8500061035156,372.2991027832031,23345300,0.0,0.0,377.5366719563802,8813706867.823282,yahoo
MSFT,2023-11-24,377.3299865722656,377.9700012207031,375.1400146484375,377.42999267578125,371.8852233886719,10176600,0.0,0.0,376.84666951497394,3835017816.986084,yahoo
MSFT,2023-11-27,376.7799987792969,380.6400146484375,376.20001220703125,378.6099853515625,373.04791259765625,22179200,0.0,0.0,378.48333740234375,8394457636.9140625,yahoo
MSFT,2023-11-28,378.3500061035156,383.0,378.1600036621094,382.70001220703125,377.07781982421875,20453100,0.0,0.0,381.2866719563802,7798494430.19104,yahoo
MSFT,2023-11-29,383.760009765625,384.29998779296875,377.44000244140625,378.8500061035156,373.2843933105469,28963400,0.0,0.0,380.19666544596356,11011788099.977621,yahoo
MSFT,2023-11-30,378.489990234375,380.0899963378906,375.4700012207031,378.9100036621094,373.343505859375,30554400,0.0,0.0,378.1566670735677,11554350068.432617,yahoo
MSFT,2023-12-01,376.760009765625,378.1600036621094,371.30999755859375,374.510009765625,369.0081481933594,33040500,0.0,0.0,374.6600036621094,12378953850.997925,yahoo
MSFT,2023-12-04,369.1000061035156,369.5199890136719,362.8999938964844,369.1400146484375,363.717041015625,32063300,0.0,0.0,367.18666585286456,11773216223.240152,yahoo
MSFT,2023-12-05,366.45001220703125,373.0799865722656,365.6199951171875,372.5199890136719,367.04736328125,23065000,0.0,0.0,370.4066569010417,8543429541.422526,yahoo
MSFT,2023-12-06,373.5400085449219,374.17999267578125,368.0299987792969,368.79998779296875,363.38201904296875,21182100,0.0,0.0,370.33665974934894,7844508160.476685,yahoo
MSFT,2023-12-07,368.2300109863281,371.45001220703125,366.32000732421875,370.95001220703125,365.5004577636719,23118900,0.0,0.0,369.57334391276044,8544129180.584717,yahoo
MSFT,2023-12-08,369.20001220703125,374.4599914550781,368.2300109863281,374.2300109863281,368.7322692871094,20154400,0.0,0.0,372.3066711425781,7503617572.875977,yahoo
MSFT,2023-12-11,368.4800109863281,371.6000061035156,366.1000061035156,371.29998779296875,365.84527587890625,27708800,0.0,0.0,369.6666666666667,10243019733.333334,yahoo
MSFT,2023-12-12,370.8500061035156,374.4200134277344,370.4599914550781,374.3800048828125,368.88006591796875,24838300,0.0,0.0,373.086669921875,9266838633.520508,yahoo
MSFT,2023-12-13,376.0199890136719,377.6400146484375,370.7699890136719,374.3699951171875,368.87017822265625,30955500,0.0,0.0,374.25999959309894,11585405417.404175,yahoo
MSFT,2023-12-14,373.30999755859375,373.760009765625,364.1300048828125,365.92999267578125,360.5541687011719,43277500,0.0,0.0,367.94000244140625,15923523455.657959,yahoo
MSFT,2023-12-15,366.8500061035156,372.3999938964844,366.2799987792969,370.7300109863281,365.28369140625,78502300,0.0,0.0,369.80333455403644,29030412310.161335,yahoo
MSFT,2023-12-18,369.45001220703125,373.0,368.67999267578125,372.6499938964844,367.1754455566406,21802900,0.0,0.0,371.4433288574219,8098541754.745483,yahoo
MSFT,2023-12-19,371.489990234375,373.260009765625,369.8399963378906,373.260009765625,367.7764892578125,20603700,0.0,0.0,372.12000528971356,7667048952.987671,yahoo
MSFT,2023-12-20,375.0,376.0299987792969,370.5299987792969,370.6199951171875,365.1752624511719,26316700,0.0,0.0,372.39333089192706,9800163571.083576,yahoo
MSFT,2023-12-21,372.55999755859375,374.4100036621094,370.0400085449219,373.5400085449219,368.0523986816406,17708000,0.0,0.0,372.66334025065106,6599122429.158529,yahoo
MSFT,2023-12-22,373.67999267578125,375.17999267578125,372.7099914550781,374.5799865722656,369.0771179199219,17107500,0.0,0.0,374.1566569010417,6400885007.93457,yahoo
MSFT,2023-12-26,375.0,376.94000244140625,373.5,374.6600036621094,369.15594482421875,12673100,0.0,0.0,375.03333536783856,4752834962.450155,yahoo
MSFT,2023-12-27,373.69000244140625,375.05999755859375,372.80999755859375,374.07000732421875,368.57464599609375,14905400,0.0,0.0,373.98000081380206,5574321504.130045,yahoo
MSFT,2023-12-28,375.3699951171875,376.4599914550781,374.1600036621094,375.2799987792969,369.766845703125,14327000,0.0,0.0,375.2999979654948,5376923070.8516445,yahoo
MSFT,2023-12-29,376.0,377.1600036621094,373.4800109863281,376.0400085449219,370.515625,18730800,0.0,0.0,375.5600077311198,7034539392.810059,yahoo
MSFT,2024-01-02,373.8599853515625,375.8999938964844,366.7699890136719,370.8699951171875,365.421630859375,25258600,0.0,0.0,371.17999267578125,9375486963.000488,yahoo
MSFT,2024-01-03,369.010009765625,373.260009765625,368.510009765625,370.6000061035156,365.15557861328125,23083500,0.0,0.0,370.7900085449219,8559131162.246704,yahoo
MSFT,2024-01-04,370.6700134277344,373.1000061035156,367.1700134277344,367.94000244140625,362.5346374511719,20901500,0.0,0.0,369.40334065755206,7721083924.753824,yahoo
MSFT,2024-01-05,368.9700012207031,372.05999755859375,366.5,367.75,362.3474426269531,21004600,0.0,0.0,368.76999918619794,7745866324.906413,yahoo
MSFT,2024-01-08,369.29998779296875,375.20001220703125,369.010009765625,374.69000244140625,369.1855163574219,23134000,0.0,0.0,372.9666748046875,8628211054.93164,yahoo
MSFT,2024-01-09,372.010009765625,375.989990234375,371.19000244140625,375.7900085449219,370.2693176269531,20830000,0.0,0.0,374.3233337402344,7797155041.809082,yahoo
MSFT,2024-01-10,376.3699951171875,384.1700134277344,376.32000732421875,382.7699890136719,377.1467590332031,25514200,0.0,0.0,381.086669921875,9723121513.720703,yahoo
MSFT,2024-01-11,386.0,390.67999267578125,380.3800048828125,384.6300048828125,378.9794616699219,27850800,0.0,0.0,385.23000081380206,10728963706.66504,yahoo
MSFT,2024-01-12,385.489990234375,388.67999267578125,384.6499938964844,388.4700012207031,382.7630615234375,21661200,0.0,0.0,387.26666259765625,8388660631.860352,yahoo
MSFT,2024-01-16,393.6600036621094,394.0299987792969,387.6199951171875,390.2699890136719,384.5365905761719,27202300,0.0,0.0,390.63999430338544,10626306317.038982,yahoo
MSFT,2024-01-17,387.9800109863281,390.1099853515625,384.80999755859375,389.4700012207031,383.7484130859375,22234100,0.0,0.0,388.12999471028644,8629721115.38798,yahoo
MSFT,2024-01-18,391.7200012207031,393.989990234375,390.1199951171875,393.8699951171875,388.0837097167969,23392100,0.0,0.0,392.6599934895833,9185141833.707682,yahoo
MSFT,2024-01-19,395.760009765625,398.6700134277344,393.5,398.6700134277344,392.81317138671875,29331100,0.0,0.0,396.94667561848956,11642882637.233479,yahoo
MSFT,2024-01-22,400.0199890136719,400.6199951171875,393.5899963378906,396.510009765625,390.6849670410156,27016900,0.0,0.0,396.9066670735677,10723187733.65987,yahoo
MSFT,2024-01-23,395.75,399.3800048828125,393.92999267578125,398.8999938964844,393.039794921875,20525900,0.0,0.0,397.40333048502606,8157061021.202597,yahoo
MSFT,2024-01-24,401.5400085449219,405.6300048828125,400.45001220703125,402.55999755859375,396.6460876464844,24867000,0.0,0.0,402.8800048828125,10018417081.420898,yahoo
MSFT,2024-01-25,404.32000732421875,407.010009765625,402.5299987792969,404.8699951171875,398.922119140625,21021200,0.0,0.0,404.80333455403644,8509451856.327311,yahoo
MSFT,2024-01-26,404.3699951171875,406.1700134277344,402.42999267578125,403.92999267578125,397.99591064453125,17803300,0.0,0.0,404.1766662597656,7195678442.422485,yahoo
MSFT,2024-01-29,406.05999755859375,409.9800109863281,404.3299865722656,409.7200012207031,403.7008361816406,24510200,0.0,0.0,408.00999959309894,10000406692.026773,yahoo
MSFT,2024-01-30,412.260009765625,413.04998779296875,406.45001220703125,408.5899963378906,402.58746337890625,33477600,0.0,0.0,409.3633321126302,13704501887.13379,yahoo
MSFT,2024-01-31,406.9599914550781,415.32000732421875,397.2099914550781,397.5799865722656,391.7392272949219,47871100,0.0,0.0,403.3699951171875,19309765373.254395,yahoo
MSFT,2024-02-01,401.8299865722656,408.0,401.79998779296875,403.7799987792969,397.84814453125,30657700,0.0,0.0,404.5266621907552,12401857051.445515,yahoo
MSFT,2024-02-02,403.80999755859375,412.6499938964844,403.55999755859375,411.2200012207031,405.1788635253906,28256700,0.0,0.0,409.14333089192706,11561040358.013916,yahoo
MSFT,2024-02-05,409.8999938964844,411.1600036621094,403.989990234375,405.6499938964844,399.6906433105469,25352300,0.0,0.0,406.93332926432294,10316695843.507895,yahoo
MSFT,2024-02-06,405.8800048828125,407.9700012207031,402.9100036621094,405.489990234375,399.53302001953125,18382600,0.0,0.0,405.4566650390625,7453347690.74707,yahoo
MSFT,2024-02-07,407.44000244140625,414.29998779296875,407.3999938964844,414.04998779296875,407.96728515625,22340500,0.0,0.0,411.9166564941406,9202424064.407349,yahoo
MSFT,2024-02-08,414.04998779296875,415.55999755859375,412.5299987792969,414.1099853515625,408.0263671875,21225300,0.0,0.0,414.06666056315106,8788689090.45105,yahoo
MSFT,2024-02-09,415.25,420.82000732421875,415.0899963378906,420.54998779296875,414.37176513671875,22032800,0.0,0.0,418.8199971516927,9227777233.243814,yahoo
MSFT,2024-02-12,420.55999755859375,420.739990234375,414.75,415.260009765625,409.15948486328125,21202900,0.0,0.0,416.9166666666667,8839842391.666668,yahoo
MSFT,2024-02-13,404.94000244140625,410.07000732421875,403.3900146484375,406.32000732421875,400.350830078125,27824900,0.0,0.0,406.5933430989583,11313419112.394205,yahoo
MSFT,2024-02-14,408.07000732421875,409.8399963378906,404.57000732421875,409.489990234375,404.2203674316406,20401200,0.75,0.0,407.96666463216144,8323009518.493652,yahoo
MSFT,2024-02-15,408.1400146484375,409.1300048828125,404.2900085449219,406.55999755859375,401.3280944824219,21825500,0.0,0.0,406.6600036621094,8875557909.927368,yahoo
MSFT,2024-02-16,407.9599914550781,408.2900085449219,403.44000244140625,404.05999755859375,398.8602294921875,22296500,0.0,0.0,405.2633361816406,9035953975.17395,yahoo
MSFT,2024-02-20,403.239990234375,404.489990234375,398.010009765625,402.7900085449219,397.60662841796875,24307900,0.0,0.0,401.7633361816406,9766022999.569702,yahoo
MSFT,2024-02-21,400.1700134277344,402.2900085449219,397.2200012207031,402.17999267578125,397.00439453125,18518900,0.0,0.0,400.56333414713544,7417992328.737387,yahoo
MSFT,2024-02-22,410.19000244140625,412.8299865722656,408.57000732421875,411.6499938964844,406.3525695800781,27009900,0.0,0.0,411.01666259765625,11101518955.096436,yahoo
MSFT,2024-02-23,415.6700134277344,415.8599853515625,408.9700012207031,410.3399963378906,405.0594482421875,16295900,0.0,0.0,411.72332763671875,6709402174.835205,yahoo
MSFT,2024-02-26,411.4599914550781,412.1600036621094,407.3599853515625,407.5400085449219,402.2955017089844,16193500,0.0,0.0,409.01999918619794,6623465356.821696,yahoo
MSFT,2024-02-27,407.989990234375,408.32000732421875,403.8500061035156,407.4800109863281,402.2362365722656,14835800,0.0,0.0,406.5500081380208,6031494610.734049,yahoo
MSFT,2024-02-28,408.17999267578125,409.29998779296875,405.32000732421875,407.7200012207031,402.47314453125,13183100,0.0,0.0,407.44666544596356,5371410135.240683,yahoo
MSFT,2024-02-29,408.6400146484375,414.20001220703125,405.9200134277344,413.6400146484375,408.31695556640625,31947300,0.0,0.0,411.2533467610677,13138434044.979858,yahoo
MSFT,2024-03-01,411.2699890136719,415.8699951171875,410.8800048828125,415.5,410.153076171875,17823400,0.0,0.0,414.0833333333333,7380372883.333333,yahoo
MSFT,2024-03-04,413.44000244140625,417.3500061035156,412.32000732421875,414.9200134277344,409.58056640625,17596000,0.0,0.0,414.86334228515625,7299935370.849609,yahoo
MSFT,2024-03-05,413.9599914550781,414.25,400.6400146484375,402.6499938964844,397.4683532714844,26919200,0.0,0.0,405.84666951497394,10925067666.007486,yahoo
MSFT,2024-03-06,402.9700012207031,405.1600036621094,398.3900146484375,402.0899963378906,396.91558837890625,22344100,0.0,0.0,401.8800048828125,8979647017.10205,yahoo
MSFT,2024-03-07,406.1199951171875,409.7799987792969,402.239990234375,409.1400146484375,403.87493896484375,18718500,0.0,0.0,407.05333455403644,7619427842.849731,yahoo
MSFT,2024-03-08,407.9599914550781,410.4200134277344,404.3299865722656,406.2200012207031,400.9924621582031,18002200,0.0,0.0,406.99000040690106,7326715385.325114,yahoo
MSFT,2024-03-11,403.760009765625,405.67999267578125,401.260009765625,404.5199890136719,399.3143310546875,16120800,0.0,0.0,403.8199971516927,6509901410.083008,yahoo
MSFT,2024-03-12,407.6199951171875,415.57000732421875,406.7900085449219,415.2799987792969,409.93585205078125,22457000,0.0,0.0,412.5466715494792,9264560602.986654,yahoo
MSFT,2024-03-13,418.1000061035156,418.17999267578125,411.45001220703125,415.1000061035156,409.7582092285156,17115900,0.0,0.0,414.9100036621094,7101558131.680298,yahoo
MSFT,2024-03-14,420.239990234375,427.82000732421875,417.989990234375,425.2200012207031,419.7479553222656,34157300,0.0,0.0,423.6766662597656,14471650992.434692,yahoo
MSFT,2024-03-15,419.2900085449219,422.6000061035156,412.7900085449219,416.4200134277344,411.0612487792969,45079900,0.0,0.0,417.27000935872394,18810490294.89034,yahoo
MSFT,2024-03-18,414.25,420.7300109863281,413.7799987792969,417.32000732421875,411.9496154785156,20106000,0.0,0.0,417.27667236328125,8389764774.536133,yahoo
MSFT,2024-03-19,417.8299865722656,421.6700134277344,415.54998779296875,421.4100036621094,415.9870300292969,19837900,0.0,0.0,419.5433349609375,8322858724.621582,yahoo
MSFT,2024-03-20,422.0,425.9599914550781,420.6600036621094,425.2300109863281,419.7578125,17860100,0.0,0.0,423.9500020345052,7571789431.336466,yahoo
MSFT,2024-03-21,429.8299865722656,430.82000732421875,427.1600036621094,429.3699951171875,423.8445739746094,21296200,0.0,0.0,429.1166687011719,9138554399.993896,yahoo
MSFT,2024-03-22,429.70001220703125,429.8599853515625,426.07000732421875,428.739990234375,423.2226867675781,17648500,0.0,0.0,428.22332763671875,7557499397.796631,yahoo
MSFT,2024-03-25,425.239990234375,427.4100036621094,421.6099853515625,422.8599853515625,417.4183349609375,18060500,0.0,0.0,423.9599914550781,7656929425.674438,yahoo
MSFT,2024-03-26,425.6099853515625,425.989990234375,421.3500061035156,421.6499938964844,416.223876953125,16725600,0.0,0.0,422.9966634114583,7074872993.5546875,yahoo
MSFT,2024-03-27,424.44000244140625,424.45001220703125,419.010009765625,421.42999267578125,416.0067138671875,16705000,0.0,0.0,421.6300048828125,7043329231.567383,yahoo
MSFT,2024-03-28,420.9599914550781,421.8699951171875,419.1199951171875,420.7200012207031,415.305908203125,21871200,0.0,0.0,420.5699971516927,9198370521.704102,yahoo
MSFT,2024-04-01,423.95001220703125,427.8900146484375,422.2200012207031,424.57000732421875,419.1062927246094,16316000,0.0,0.0,424.8933410644531,6932559752.807617,yahoo
MSFT,2024-04-02,420.1099853515625,422.3800048828125,417.8399963378906,421.44000244140625,416.0166320800781,17912000,0.0,0.0,420.55333455403644,7532951328.5319,yahoo
MSFT,2024-04-03,419.7300109863281,423.260009765625,419.0899963378906,420.45001220703125,415.0393371582031,16502300,0.0,0.0,420.93333943684894,6946368247.388712,yahoo
MSFT,2024-04-04,424.989990234375,428.6700134277344,417.57000732421875,417.8800048828125,412.5024108886719,19370900,0.0,0.0,421.3733418782552,8162380868.189493,yahoo
MSFT,2024-04-05,420.010009765625,426.510009765625,418.32000732421875,425.5199890136719,420.0440979003906,16554800,0.0,0.0,423.4500020345052,7010130093.680826,yahoo
MSFT,2024-04-08,425.1700134277344,427.2799987792969,423.29998779296875,424.5899963378906,419.12603759765625,14272400,0.0,0.0,425.05666097005206,6066578688.028971,yahoo
MSFT,2024-04-09,426.44000244140625,427.739990234375,421.6199951171875,426.2799987792969,420.7942810058594,12496900,0.0,0.0,425.2133280436198,5313848439.2283125,yahoo
MSFT,2024-04-10,422.19000244140625,424.0299987792969,419.70001220703125,423.260009765625,417.81317138671875,16216600,0.0,0.0,422.3300069173177,6848756790.175374,yahoo
MSFT,2024-04-11,425.82000732421875,429.3699951171875,422.3599853515625,427.92999267578125,422.4230651855469,17966400,0.0,0.0,426.55332438151044,7663627647.167969,yahoo
MSFT,2024-04-12,424.04998779296875,425.17999267578125,419.7699890136719,421.8999938964844,416.470703125,19253800,0.0,0.0,422.2833251953125,8130558686.645508,yahoo
MSFT,2024-04-15,426.6000061035156,426.82000732421875,413.42999267578125,413.6400146484375,408.31695556640625,20273500,0.0,0.0,417.9633382161458,8473579737.325032,yahoo
MSFT,2024-04-16,414.57000732421875,418.3999938964844,413.7300109863281,414.5799865722656,409.244873046875,16765600,0.0,0.0,415.5699971516927,6967280344.246419,yahoo
MSFT,2024-04-17,417.25,418.8800048828125,410.3299865722656,411.8399963378906,406.5401611328125,15855500,0.0,0.0,413.68332926432294,6559156027.150473,yahoo
MSFT,2024-04-18,410.6300048828125,411.8900146484375,403.95001220703125,404.2699890136719,399.06756591796875,21029900,0.0,0.0,406.7033386230469,8552930540.908813,yahoo
MSFT,2024-04-19,404.0299987792969,405.4800109863281,397.7699890136719,399.1199951171875,393.98382568359375,30565800,0.0,0.0,400.7899983723958,12250466932.250977,yahoo
MSFT,2024-04-22,400.0799865722656,402.8500061035156,395.75,400.9599914550781,395.8001403808594,20286900,0.0,0.0,399.85333251953125,8111784571.4904785,yahoo
MSFT,2024-04-23,404.239990234375,408.20001220703125,403.05999755859375,407.57000732421875,402.3251037597656,15734500,0.0,0.0,406.27667236328125,6392560301.300049,yahoo
MSFT,2024-04-24,409.55999755859375,412.4700012207031,406.7799987792969,409.05999755859375,403.7958984375,15065300,0.0,0.0,409.43666585286456,6168286202.07316,yahoo
MSFT,2024-04-25,394.0299987792969,399.8900146484375,388.0299987792969,399.0400085449219,393.90484619140625,40586500,0.0,0.0,395.65334065755206,16058184310.597736,yahoo
MSFT,2024-04-26,412.1700134277344,413.0,405.760009765625,406.32000732421875,401.0912170410156,29694700,0.0,0.0,408.36000569661456,12126127861.15926,yahoo
MSFT,2024-04-29,405.25,406.32000732421875,399.19000244140625,402.25,397.0735778808594,19582100,0.0,0.0,402.586669921875,7883492429.077148,yahoo
MSFT,2024-04-30,401.489990234375,402.1600036621094,389.1700134277344,389.3299865722656,384.3197937011719,28781400,0.0,0.0,393.55333455403644,11327015943.133545,yahoo
MSFT,2024-05-01,392.6099853515625,401.7200012207031,390.30999755859375,394.94000244140625,389.8576354980469,23562500,0.0,0.0,395.6566670735677,9322660217.920938,yahoo
MSFT,2024-05-02,397.6600036621094,399.92999267578125,394.6499938964844,397.8399963378906,392.72027587890625,17709400,0.0,0.0,397.47332763671875,7039014148.449707,yahoo
MSFT,2024-05-03,402.2799987792969,407.1499938964844,401.8599853515625,406.6600036621094,401.4267883300781,17446700,0.0,0.0,405.22332763671875,7069809830.279541,yahoo
MSFT,2024-05-06,408.760009765625,413.92999267578125,406.3699951171875,413.5400085449219,408.21826171875,16996600,0.0,0.0,411.2799987792969,6990361627.252197,yahoo
MSFT,2024-05-07,414.6600036621094,414.6700134277344,409.0899963378906,409.3399963378906,404.07232666015625,20018200,0.0,0.0,411.03333536783856,8228147514.060466,yahoo
MSFT,2024-05-08,408.1700134277344,412.2300109863281,406.7099914550781,410.5400085449219,405.2568664550781,11792300,0.0,0.0,409.82667032877606,4832799044.518026,yahoo
MSFT,2024-05-09,410.57000732421875,412.7200012207031,409.1000061035156,412.32000732421875,407.01397705078125,14689700,0.0,0.0,411.3800048828125,6043048857.727051,yahoo
MSFT,2024-05-10,412.94000244140625,415.3800048828125,411.79998779296875,414.739990234375,409.4028015136719,13402300,0.0,0.0,413.97332763671875,5548194728.985596,yahoo
MSFT,2024-05-13,418.010009765625,418.3500061035156,410.82000732421875,413.7200012207031,408.39593505859375,15440200,0.0,0.0,414.2966715494792,6396823468.058269,yahoo
MSFT,2024-05-14,412.0199890136719,417.489990234375,411.54998779296875,416.55999755859375,411.1993713378906,15109300,0.0,0.0,415.1999918619792,6273381237.040202,yahoo
MSFT,2024-05-15,417.8999938964844,423.80999755859375,417.2699890136719,423.0799865722656,418.3887634277344,22239500,0.75,0.0,421.38665771484375,9371428574.249268,yahoo
MSFT,2024-05-16,421.79998779296875,425.4200134277344,420.3500061035156,420.989990234375,416.3219299316406,17530100,0.0,0.0,422.2533365885417,7402143215.730795,yahoo
MSFT,2024-05-17,422.5400085449219,422.9200134277344,418.0299987792969,420.2099914550781,415.55059814453125,15352200,0.0,0.0,420.3866678873698,6453860202.7404785,yahoo
MSFT,2024-05-20,420.2099914550781,426.7699890136719,419.989990234375,425.3399963378906,420.62371826171875,16272100,0.0,0.0,424.0333251953125,6899912670.910645,yahoo
MSFT,2024-05-21,426.8299865722656,432.9700012207031,424.8500061035156,429.0400085449219,424.28271484375,21453300,0.0,0.0,428.9533386230469,9202464659.481812,yahoo
MSFT,2024-05-22,430.0899963378906,432.4100036621094,427.1300048828125,430.5199890136719,425.74627685546875,18073700,0.0,0.0,430.01999918619794,7772052459.291586,yahoo
MSFT,2024-05-23,432.9700012207031,433.6000061035156,425.4200134277344,427.0,422.26531982421875,17211700,0.0,0.0,428.67333984375,7378196923.388672,yahoo
MSFT,2024-05-24,427.19000244140625,431.05999755859375,424.4100036621094,430.1600036621094,425.3902893066406,11855300,0.0,0.0,428.5433349609375,5080509798.962402,yahoo
MSFT,2024-05-28,429.6300048828125,430.82000732421875,426.6000061035156,430.32000732421875,425.54852294921875,15718000,0.0,0.0,429.2466735839844,6746899215.393066,yahoo
MSFT,2024-05-29,425.69000244140625,430.94000244140625,425.69000244140625,429.1700134277344,424.4112854003906,15517100,0.0,0.0,428.6000061035156,6650629154.708862,yahoo
MSFT,2024-05-30,424.29998779296875,424.29998779296875,414.239990234375,414.6700134277344,410.0720520019531,28394500,0.0,0.0,417.7366638183594,11861423700.790405,yahoo
MSFT,2024-05-31,416.75,416.75,404.510009765625,415.1300048828125,410.5269470214844,47995300,0.0,0.0,412.1300048828125,19780303223.35205,yahoo
MSFT,2024-06-03,415.5299987792969,416.42999267578125,408.9200134277344,413.5199890136719,408.93475341796875,17484700,0.0,0.0,412.9566650390625,7220423401.208496,yahoo
MSFT,2024-06-04,412.42999267578125,416.44000244140625,409.67999267578125,416.07000732421875,411.45654296875,14348900,0.0,0.0,414.06333414713544,5941353375.343832,yahoo
MSFT,2024-06-05,417.80999755859375,424.0799865722656,416.29998779296875,424.010009765625,419.3085021972656,16988000,0.0,0.0,421.4633280436198,7159819016.805014,yahoo
MSFT,2024-06-06,424.010009765625,425.30999755859375,420.5799865722656,424.5199890136719,419.8127746582031,14861300,0.0,0.0,423.46999104817706,6293314577.964273,yahoo
MSFT,2024-06-07,426.20001220703125,426.2799987792969,423.0,423.8500061035156,419.1502685546875,13621700,0.0,0.0,424.3766682942708,5780731662.504068,yahoo
MSFT,2024-06-10,424.70001220703125,428.0799865722656,423.8900146484375,427.8699951171875,423.12567138671875,13982900,0.0,0.0,426.6133321126302,5965291561.597696,yahoo
MSFT,2024-06-11,425.4800109863281,432.82000732421875,425.25,432.67999267578125,427.88232421875,14551100,0.0,0.0,430.25,6260610775.0,yahoo
MSFT,2024-06-12,435.32000732421875,443.3999938964844,433.25,441.05999755859375,436.16943359375,22366200,0.0,0.0,439.2366638183594,9824055070.29419,yahoo
MSFT,2024-06-13,440.8500061035156,443.3900146484375,439.3699951171875,441.5799865722656,436.68365478515625,15960600,0.0,0.0,441.44666544596356,7045753648.516846,yahoo
MSFT,2024-06-14,438.2799987792969,443.1400146484375,436.7200012207031,442.57000732421875,437.6626892089844,13582000,0.0,0.0,440.8100077311198,5987081525.004069,yahoo
MSFT,2024-06-17,442.5899963378906,450.94000244140625,440.7200012207031,448.3699951171875,443.39837646484375,20790000,0.0,0.0,446.6766662597656,9286407891.540527,yahoo
MSFT,2024-06-18,449.7099914550781,450.1400146484375,444.8900146484375,446.3399963378906,441.3908996582031,17112500,0.0,0.0,447.1233418782552,7651398187.891642,yahoo
MSFT,2024-06-20,446.29998779296875,446.5299987792969,441.2699890136719,445.70001220703125,440.75799560546875,19877400,0.0,0.0,444.5,8835504300.0,yahoo
MSFT,2024-06-21,447.3800048828125,450.5799865722656,446.510009765625,449.7799987792969,444.792724609375,34187100,0.0,0.0,448.9566650390625,15348526403.356934,yahoo
MSFT,2024-06-24,449.79998779296875,452.75,446.4100036621094,447.6700134277344,442.7061462402344,15913700,0.0,0.0,448.94333902994794,7144349614.320883,yahoo
MSFT,2024-06-25,448.25,451.4200134277344,446.75,450.95001220703125,445.94976806640625,16413400,0.0,0.0,449.70667521158856,7381215542.917888,yahoo
MSFT,2024-06-26,449.0,453.6000061035156,448.19000244140625,452.1600036621094,447.1463317871094,16507000,0.0,0.0,451.31667073567706,7449884283.833821,yahoo
MSFT,2024-06-27,452.17999267578125,456.1700134277344,451.7699890136719,452.8500061035156,447.8287048339844,14806300,0.0,0.0,453.59666951497394,6716088367.839559,yahoo
MSFT,2024-06-28,453.07000732421875,455.3800048828125,446.4100036621094,446.95001220703125,441.994140625,28362300,0.0,0.0,449.5800069173177,12751123030.19104,yahoo
MSFT,2024-07-01,448.6600036621094,457.3699951171875,445.6600036621094,456.7300109863281,451.6656799316406,17662800,0.0,0.0,453.2533365885417,8005723033.496094,yahoo
MSFT,2024-07-02,453.20001220703125,459.5899963378906,453.1099853515625,459.2799987792969,454.1873779296875,13979800,0.0,0.0,457.32666015625,6393335243.652344,yahoo
MSFT,2024-07-03,458.19000244140625,461.0199890136719,457.8800048828125,460.7699890136719,455.660888671875,9932800,0.0,0.0,459.88999430338544,4567995335.416667,yahoo
MSFT,2024-07-05,459.6099853515625,468.3500061035156,458.9700012207031,467.55999755859375,462.3755798339844,16000300,0.0,0.0,464.9600016276042,7439499514.042155,yahoo
MSFT,2024-07-08,466.54998779296875,467.70001220703125,464.4599914550781,466.239990234375,461.07025146484375,12962300,0.0,0.0,466.1333312988281,6042160080.2948,yahoo
MSFT,2024-07-09,467.0,467.3299865722656,458.0,459.5400085449219,454.44451904296875,17207200,0.0,0.0,461.6233317057292,7943244993.326823,yahoo
MSFT,2024-07-10,461.2200012207031,466.4599914550781,458.8599853515625,466.25,461.0801086425781,18196100,0.0,0.0,463.8566589355469,8440382151.6571045,yahoo
MSFT,2024-07-11,462.9800109863281,464.7799987792969,451.54998779296875,454.70001220703125,449.6582336425781,23111200,0.0,0.0,457.00999959309894,10562049502.596027,yahoo
MSFT,2024-07-12,454.3299865722656,456.3599853515625,450.6499938964844,453.54998779296875,448.5209045410156,16324300,0.0,0.0,453.5199890136719,7403396356.655884,yahoo
MSFT,2024-07-15,453.29998779296875,457.260009765625,451.42999267578125,453.9599914550781,448.9263916015625,14429400,0.0,0.0,454.21666463216144,6554073940.643311,yahoo
MSFT,2024-07-16,454.2200012207031,454.29998779296875,446.6600036621094,449.5199890136719,444.5356140136719,17175700,0.0,0.0,450.1599934895833,7731813000.179036,yahoo
MSFT,2024-07-17,442.5899963378906,444.8500061035156,439.17999267578125,443.5199890136719,438.6021423339844,21778000,0.0,0.0,442.51666259765625,9637127878.051758,yahoo
MSFT,2024-07-18,444.3399963378906,444.6499938964844,434.3999938964844,440.3699951171875,435.487060546875,20794800,0.0,0.0,439.80666097005206,9145691553.54004,yahoo
MSFT,2024-07-19,433.1000061035156,441.1400146484375,432.0,437.1099853515625,432.2632141113281,20940400,0.0,0.0,436.75,9145719700.0,yahoo
MSFT,2024-07-22,441.7900085449219,444.6000061035156,438.9100036621094,442.94000244140625,438.02862548828125,15808800,0.0,0.0,442.15000406901044,6989860984.326172,yahoo
MSFT,2024-07-23,443.8999938964844,448.3900146484375,443.1000061035156,444.8500061035156,439.91741943359375,13107100,0.0,0.0,445.44667561848956,5838514121.9991045,yahoo
MSFT,2024-07-24,440.45001220703125,441.4800109863281,427.5899963378906,428.8999938964844,424.144287109375,26805800,0.0,0.0,432.6566670735677,11597708086.24064,yahoo
MSFT,2024-07-25,428.79998779296875,429.79998779296875,417.510009765625,418.3999938964844,413.76068115234375,29943800,0.0,0.0,421.90333048502606,12633388947.377523,yahoo
MSFT,2024-07-26,418.20001220703125,428.9200134277344,417.2699890136719,425.2699890136719,420.55450439453125,23583800,0.0,0.0,423.8199971516927,9995286048.82609,yahoo
MSFT,2024-07-29,431.5799865722656,432.1499938964844,424.70001220703125,426.7300109863281,421.998291015625,15125800,0.0,0.0,427.86000569661456,6471724874.165853,yahoo
MSFT,2024-07-30,427.7200012207031,429.04998779296875,417.3599853515625,422.9200134277344,418.2305908203125,32687600,0.0,0.0,423.10999552408856,13830450289.693197,yahoo
MSFT,2024-07-31,420.5,421.7799987792969,412.2099914550781,418.3500061035156,413.71124267578125,42891400,0.0,0.0,417.44666544596356,17904871906.309002,yahoo
MSFT,2024-08-01,420.7900085449219,427.4599914550781,413.0899963378906,417.1099853515625,412.4849853515625,30296400,0.0,0.0,419.21999104817706,12700856536.791992,yahoo
MSFT,2024-08-02,412.489990234375,415.0,404.3399963378906,408.489990234375,403.9605712890625,29437900,0.0,0.0,409.2766621907552,12048245453.905231,yahoo
MSFT,2024-08-05,389.1700134277344,401.0400085449219,385.5799865722656,395.1499938964844,390.7684631347656,40709200,0.0,0.0,393.92332967122394,16036303612.25179,yahoo
MSFT,2024-08-06,400.0,405.6700134277344,398.5,399.6099853515625,395.1790466308594,24946500,0.0,0.0,401.25999959309894,10010032579.849243,yahoo
MSFT,2024-08-07,408.6400146484375,410.0799865722656,397.4700012207031,398.42999267578125,394.0120849609375,20650900,0.0,0.0,401.9933268229167,8301523992.88737,yahoo
MSFT,2024-08-08,402.44000244140625,405.8599853515625,399.94000244140625,402.69000244140625,398.2248840332031,20203000,0.0,0.0,402.8299967447917,8138374424.235026,yahoo
MSFT,2024-08-09,404.0299987792969,408.04998779296875,402.260009765625,406.0199890136719,401.5179443359375,19276700,0.0,0.0,405.4433288574219,7815609417.385864,yahoo
MSFT,2024-08-12,407.05999755859375,408.760009765625,404.239990234375,406.80999755859375,402.2992248535156,16762900,0.0,0.0,406.60333251953125,6815851002.69165,yahoo
MSFT,2024-08-13,409.5899963378906,414.95001220703125,409.57000732421875,414.010009765625,409.41937255859375,19414300,0.0,0.0,412.8433430989583,8015064515.926106,yahoo
MSFT,2024-08-14,414.79998779296875,417.7200012207031,412.45001220703125,416.8599853515625,412.2377624511719,18267000,0.0,0.0,415.6766662597656,7593165662.567139,yahoo
MSFT,2024-08-15,419.79998779296875,421.1099853515625,417.6600036621094,421.0299987792969,417.1119689941406,20752100,0.75,0.0,419.93332926432294,8714498442.226156,yahoo
MSFT,2024-08-16,420.6000061035156,421.3399963378906,417.29998779296875,418.4700012207031,414.5758056640625,22775600,0.0,0.0,419.0366617838542,9543811394.12435,yahoo
MSFT,2024-08-19,418.9599914550781,421.75,416.4599914550781,421.5299987792969,417.6073303222656,15234000,0.0,0.0,419.913330078125,6396959670.410156,yahoo
MSFT,2024-08-20,421.70001220703125,425.8599853515625,421.6400146484375,424.79998779296875,420.846923828125,16387600,0.0,0.0,424.09999593098956,6949981093.318685,yahoo
MSFT,2024-08-21,424.0799865722656,426.3999938964844,421.7200012207031,424.1400146484375,420.19305419921875,16067300,0.0,0.0,424.086669921875,6813927751.635742,yahoo
MSFT,2024-08-22,424.3599853515625,426.7900085449219,414.6099853515625,415.54998779296875,411.6829833984375,19361900,0.0,0.0,418.9833272298177,8112313283.491007,yahoo
MSFT,2024-08-23,416.9800109863281,419.260009765625,412.0899963378906,416.7900085449219,412.91143798828125,18493800,0.0,0.0,416.0466715494792,7694283934.301758,yahoo
MSFT,2024-08-26,416.3699951171875,417.2799987792969,411.3399963378906,413.489990234375,409.6421203613281,13152800,0.0,0.0,414.0366617838542,5445741405.110678,yahoo
MSFT,2024-08-27,412.8599853515625,414.3599853515625,410.25,413.8399963378906,409.9888916015625,13492900,0.0,0.0,412.81666056315106,5570093919.312541,yahoo
MSFT,2024-08-28,414.8800048828125,415.0,407.30999755859375,410.6000061035156,406.779052734375,14882700,0.0,0.0,410.9700012207031,6116343237.167358,yahoo
MSFT,2024-08-29,414.94000244140625,422.04998779296875,410.6000061035156,413.1199951171875,409.2756042480469,17045200,0.0,0.0,415.2566630045573,7078132872.24528,yahoo
MSFT,2024-08-30,415.6000061035156,417.489990234375,412.1300048828125,417.1400146484375,413.2581787109375,24308300,0.0,0.0,415.586669921875,10102205448.461914,yahoo
MSFT,2024-09-03,417.9100036621094,419.8800048828125,407.0299987792969,409.44000244140625,405.6298522949219,20313600,0.0,0.0,412.1166687011719,8371573161.328125,yahoo
MSFT,2024-09-04,405.9100036621094,411.239990234375,404.3699951171875,408.8999938964844,405.0948791503906,15135800,0.0,0.0,408.1699930826823,6177979381.300863,yahoo
MSFT,2024-09-05,407.6199951171875,413.1000061035156,406.1300048828125,408.3900146484375,404.589599609375,14195500,0.0,0.0,409.20667521158856,5808893357.966105,yahoo
MSFT,2024-09-06,409.05999755859375,410.6499938964844,400.79998779296875,401.70001220703125,397.9618835449219,19609500,0.0,0.0,404.3833312988281,7929754935.10437,yahoo
MSFT,2024-09-09,407.239990234375,408.6499938964844,402.1499938964844,405.7200012207031,401.9444580078125,15295100,0.0,0.0,405.5066630045573,6202264961.321005,yahoo
MSFT,2024-09-10,408.20001220703125,416.3299865722656,407.70001220703125,414.20001220703125,410.3455505371094,19594300,0.0,0.0,412.7433369954427,8087416768.089803,yahoo
MSFT,2024-09-11,415.5,423.989990234375,409.5799865722656,423.0400085449219,419.1033020019531,19266900,0.0,0.0,418.8699951171875,8070326308.92334,yahoo
MSFT,2024-09-12,423.30999755859375,427.3699951171875,419.75,427.0,423.02642822265625,17395700,0.0,0.0,424.7066650390625,7388069733.02002,yahoo
MSFT,2024-09-13,425.8299865722656,431.8299865722656,425.4599914550781,430.5899963378906,426.5830383300781,15874600,0.0,0.0,429.29332478841144,6814859813.686116,yahoo
MSFT,2024-09-16,430.6000061035156,433.5299987792969,428.2200012207031,431.3399963378906,427.3260498046875,13834700,0.0,0.0,431.0299987792969,5963170724.111938,yahoo
MSFT,2024-09-17,440.2300109863281,441.8500061035156,432.2699890136719,435.1499938964844,431.1005859375,18874200,0.0,0.0,436.42332967122394,8237141208.880615,yahoo
MSFT,2024-09-18,435.0,436.0299987792969,430.4100036621094,430.80999755859375,426.8009948730469,18898000,0.0,0.0,432.4166666666667,8171810166.666667,yahoo
MSFT,2024-09-19,441.2300109863281,441.5,436.8999938964844,438.69000244140625,434.607666015625,21706600,0.0,0.0,439.0299987792969,9529848571.502686,yahoo
MSFT,2024-09-20,437.2200012207031,439.239990234375,434.2200012207031,435.2699890136719,431.219482421875,55167100,0.0,0.0,436.2433268229167,24066279235.172527,yahoo
MSFT,2024-09-23,434.2799987792969,436.4599914550781,430.3900146484375,433.510009765625,429.4758605957031,15128900,0.0,0.0,433.4533386230469,6557672214.694214,yahoo
MSFT,2024-09-24,433.0,433.3500061035156,426.1000061035156,429.1700134277344,425.17626953125,17015800,0.0,0.0,429.5400085449219,7308966877.398682,yahoo
MSFT,2024-09-25,429.8299865722656,433.1199951171875,428.57000732421875,432.1099853515625,428.0888977050781,13396400,0.0,0.0,431.26666259765625,5777420718.823242,yahoo
MSFT,2024-09-26,435.0899963378906,435.29998779296875,429.1300048828125,431.30999755859375,427.29632568359375,14492000,0.0,0.0,431.913330078125,6259287979.4921875,yahoo
MSFT,2024-09-27,431.5199890136719,431.8500061035156,427.4700012207031,428.0199890136719,424.0368957519531,14896100,0.0,0.0,429.1133321126302,6392115106.48295,yahoo
MSFT,2024-09-30,428.2099914550781,430.4200134277344,425.3699951171875,430.29998779296875,426.29571533203125,16807300,0.0,0.0,428.69666544596356,7205233465.149943,yahoo
MSFT,2024-10-01,428.45001220703125,428.4800109863281,418.80999755859375,420.69000244140625,416.775146484375,19092900,0.0,0.0,422.6600036621094,8069805183.920288,yahoo
MSFT,2024-10-02,422.5799865722656,422.82000732421875,416.7099914550781,417.1300048828125,413.248291015625,16582300,0.0,0.0,418.8866678873698,6946104392.908732,yahoo
MSFT,2024-10-03,417.6300048828125,419.54998779296875,414.2900085449219,416.5400085449219,412.6637878417969,13686400,0.0,0.0,416.7933349609375,5704400299.609375,yahoo
MSFT,2024-10-04,418.239990234375,419.75,414.9700012207031,416.05999755859375,412.1882629394531,19169700,0.0,0.0,416.9266662597656,7992359114.199829,yahoo
MSFT,2024-10-07,416.0,417.1099853515625,409.0,409.5400085449219,405.7289123535156,20919800,0.0,0.0,411.8833312988281,8616516914.105225,yahoo
MSFT,2024-10-08,410.8999938964844,415.6600036621094,408.1700134277344,414.7099914550781,410.8507995605469,19229300,0.0,0.0,412.84666951497394,7938752462.104288,yahoo
MSFT,2024-10-09,415.8599853515625,420.3800048828125,414.29998779296875,417.4599914550781,413.5751953125,14974300,0.0,0.0,417.37999471028644,6249973254.790242,yahoo
MSFT,2024-10-10,415.2300109863281,417.3500061035156,413.1499938964844,415.8399963378906,411.9703063964844,13848400,0.0,0.0,415.44666544596356,5753271601.761882,yahoo
MSFT,2024-10-11,416.1400146484375,417.1300048828125,413.25,416.32000732421875,412.44580078125,14144900,0.0,0.0,415.56667073567706,5878149000.889078,yahoo
MSFT,2024-10-14,417.7699890136719,424.0400085449219,417.5199890136719,419.1400146484375,415.2395935058594,16653100,0.0,0.0,420.23333740234375,6998187791.094971,yahoo
MSFT,2024-10-15,422.17999267578125,422.4800109863281,415.260009765625,418.739990234375,414.8432922363281,18900200,0.0,0.0,418.82667032877606,7915907834.547934,yahoo
MSFT,2024-10-16,415.1700134277344,416.3599853515625,410.4800109863281,416.1199951171875,412.2476806640625,15508900,0.0,0.0,414.3199971516927,6425647403.825887,yahoo
MSFT,2024-10-17,422.3599853515625,422.5,415.5899963378906,416.7200012207031,412.84210205078125,14820000,0.0,0.0,418.26999918619794,6198761387.939453,yahoo
MSFT,2024-10-18,417.1400146484375,419.6499938964844,416.260009765625,418.1600036621094,414.2687072753906,17145300,0.0,0.0,418.02333577473956,7167135498.858643,yahoo
MSFT,2024-10-21,416.1199951171875,418.9599914550781,413.75,418.7799987792969,414.8829040527344,14206100,0.0,0.0,417.163330078125,5926263983.422852,yahoo
MSFT,2024-10-22,418.489990234375,430.5799865722656,418.0400085449219,427.510009765625,423.5317077636719,25482200,0.0,0.0,425.3766682942708,10839533336.808268,yahoo
MSFT,2024-10-23,430.8599853515625,431.0799865722656,422.5299987792969,424.6000061035156,420.6487731933594,19654400,0.0,0.0,426.0699971516927,8374150152.018229,yahoo
MSFT,2024-10-24,425.3299865722656,425.9800109863281,422.3999938964844,424.7300109863281,420.7775573730469,13581600,0.0,0.0,424.37000528971356,5763623663.842773,yahoo
MSFT,2024-10-25,426.760009765625,432.5199890136719,426.57000732421875,428.1499938964844,424.16571044921875,16899100,0.0,0.0,429.0799967447917,7251065772.989909,yahoo
MSFT,2024-10-28,431.6600036621094,431.94000244140625,426.29998779296875,426.5899963378906,422.6202392578125,14882400,0.0,0.0,428.2766621907552,6373784597.387695,yahoo
MSFT,2024-10-29,428.0,433.1700134277344,425.79998779296875,431.95001220703125,427.93035888671875,17644100,0.0,0.0,430.3066711425781,7592373936.306763,yahoo
MSFT,2024-10-30,437.44000244140625,438.5,432.1000061035156,432.5299987792969,428.5049743652344,29749100,0.0,0.0,434.3766682942708,12922314942.753092,yahoo
MSFT,2024-10-31,415.3599853515625,416.1600036621094,406.29998779296875,406.3500061035156,402.568603515625,53971000,0.0,0.0,409.60333251953125,22106701459.41162,yahoo
MSFT,2024-11-01,409.010009765625,415.5,407.5,410.3699951171875,406.5511779785156,24230400,0.0,0.0,411.1233317057292,9961682776.5625,yahoo
MSFT,2024-11-04,409.79998779296875,410.4200134277344,405.57000732421875,408.4599914550781,404.6589660644531,19672300,0.0,0.0,408.15000406901044,8029249325.046794,yahoo
MSFT,2024-11-05,408.3699951171875,414.8999938964844,408.0799865722656,411.4599914550781,407.63104248046875,17626000,0.0,0.0,411.47999064127606,7252746315.043132,yahoo
MSFT,2024-11-06,412.4200134277344,420.45001220703125,410.5199890136719,420.17999267578125,416.2698669433594,26681800,0.0,0.0,417.0499979654948,11127644635.71574,yahoo
MSFT,2024-11-07,421.2799987792969,426.8500061035156,419.8800048828125,425.42999267578125,421.47100830078125,19901800,0.0,0.0,424.05333455403644,8439424653.627522,yahoo
MSFT,2024-11-08,425.32000732421875,426.5,421.7799987792969,422.5400085449219,418.60791015625,16891400,0.0,0.0,423.60666910807294,7155309690.5721035,yahoo
MSFT,2024-11-11,422.5199890136719,424.80999755859375,416.0,418.010009765625,414.1200866699219,24503300,0.0,0.0,419.60666910807294,10281748095.155844,yahoo
MSFT,2024-11-12,418.25,424.44000244140625,417.20001220703125,423.0299987792969,419.0933532714844,19401200,0.0,0.0,421.5566711425781,8178705288.171387,yahoo
MSFT,2024-11-13,421.6400146484375,429.3299865722656,418.2099914550781,425.20001220703125,421.2431640625,21502200,0.0,0.0,424.2466634114583,9122236606.00586,yahoo
MSFT,2024-11-14,425.0,428.1700134277344,420.0,426.8900146484375,422.91748046875,30246900,0.0,0.0,425.02000935872394,12855537721.072388,yahoo
MSFT,2024-11-15,419.82000732421875,422.79998779296875,413.6400146484375,415.0,411.1380920410156,28247600,0.0,0.0,417.14666748046875,11783392204.32129,yahoo
MSFT,2024-11-18,414.8699951171875,418.3999938964844,412.1000061035156,415.760009765625,411.89105224609375,24727000,0.0,0.0,415.4200032552083,10272090420.491535,yahoo
MSFT,2024-11-19,413.1099853515625,417.94000244140625,411.54998779296875,417.7900085449219,413.9021301269531,18133500,0.0,0.0,415.75999959309894,7539183952.62146,yahoo
MSFT,2024-11-20,416.8699951171875,417.2900085449219,410.5799865722656,415.489990234375,411.6235046386719,19191700,0.0,0.0,414.4533284505208,7954063943.62386,yahoo
MSFT,2024-11-21,419.5,419.7799987792969,410.2900085449219,412.8699951171875,409.84661865234375,20780200,0.83,0.0,414.31333414713544,8609513946.244305,yahoo
MSFT,2024-11-22,411.3699951171875,417.3999938964844,411.05999755859375,417.0,413.9464111328125,24814600,0.0,0.0,415.15333048502606,10301863834.653728,yahoo
MSFT,2024-11-25,418.3800048828125,421.0799865722656,414.8500061035156,418.7900085449219,415.7232971191406,27691100,0.0,0.0,418.24000040690106,11581525675.267538,yahoo
MSFT,2024-11-26,419.5899963378906,429.0400085449219,418.8500061035156,427.989990234375,424.8559265136719,23458900,0.0,0.0,425.2933349609375,9976913815.515137,yahoo
MSFT,2024-11-27,425.1099853515625,427.2300109863281,422.0199890136719,422.989990234375,419.8925476074219,18332400,0.0,0.0,424.0799967447917,7774404132.324219,yahoo
MSFT,2024-11-29,420.0899963378906,424.8800048828125,417.79998779296875,423.4599914550781,420.3591003417969,16271900,0.0,0.0,422.0466613769531,6867501069.259644,yahoo
MSFT,2024-12-02,421.57000732421875,433.0,421.30999755859375,430.9800109863281,427.8240661621094,20207200,0.0,0.0,428.4300028483073,8657370753.556316,yahoo
MSFT,2024-12-03,429.8399963378906,432.4700012207031,427.739990234375,431.20001220703125,428.04241943359375,18302000,0.0,0.0,430.4700012207031,7878461962.341309,yahoo
MSFT,2024-12-04,433.0299987792969,439.6700134277344,432.6300048828125,437.4200134277344,434.2168884277344,26009400,0.0,0.0,436.57334391276044,11355010731.16455,yahoo
MSFT,2024-12-05,437.9200134277344,444.6600036621094,436.1700134277344,442.6199951171875,439.3787536621094,21697800,0.0,0.0,441.15000406901044,9571984558.288574,yahoo
MSFT,2024-12-06,442.29998779296875,446.1000061035156,441.7699890136719,443.57000732421875,440.3218078613281,18821000,0.0,0.0,443.81333414713544,8353010761.983236,yahoo
MSFT,2024-12-09,442.6000061035156,448.3299865722656,440.5,446.0199890136719,442.75384521484375,19144400,0.0,0.0,444.9499918619792,8518300624.202475,yahoo
MSFT,2024-12-10,444.3900146484375,449.6199951171875,441.6000061035156,443.3299865722656,440.0835876464844,18469500,0.0,0.0,444.84999593098956,8216156999.847412,yahoo
MSFT,2024-12-11,444.04998779296875,450.3500061035156,444.04998779296875,448.989990234375,445.7021484375,19200200,0.0,0.0,447.7966613769531,8597785457.769775,yahoo
MSFT,2024-12-12,449.1099853515625,456.1600036621094,449.1099853515625,449.55999755859375,446.2679748535156,20834800,0.0,0.0,451.60999552408856,9409203934.745281,yahoo
MSFT,2024-12-13,448.44000244140625,451.42999267578125,445.5799865722656,447.2699890136719,443.9947204589844,20177800,0.0,0.0,448.09332275390625,9041537447.86377,yahoo
MSFT,2024-12-16,447.2699890136719,452.17999267578125,445.2799987792969,451.5899963378906,448.2831115722656,23598800,0.0,0.0,449.68332926432294,10611986950.642904,yahoo
MSFT,2024-12-17,451.010009765625,455.2900085449219,449.57000732421875,454.4599914550781,451.132080078125,22733500,0.0,0.0,453.10666910807294,10300700462.168377,yahoo
MSFT,2024-12-18,451.32000732421875,452.6499938964844,437.0199890136719,437.3900146484375,434.1871337890625,24444500,0.0,0.0,442.35333251953125,10813106036.773682,yahoo
MSFT,2024-12-19,441.6199951171875,443.17999267578125,436.32000732421875,437.0299987792969,433.8297119140625,22963700,0.0,0.0,438.8433329264323,10077466644.322714,yahoo
MSFT,2024-12-20,433.1099853515625,443.739990234375,428.6300048828125,436.6000061035156,433.40289306640625,64263700,0.0,0.0,436.3233337402344,28039751822.4823,yahoo
MSFT,2024-12-23,436.739990234375,437.6499938964844,432.8299865722656,435.25,432.0627746582031,19152500,0.0,0.0,435.2433268229167,8335997816.975912,yahoo
MSFT,2024-12-24,434.6499938964844,439.6000061035156,434.19000244140625,439.3299865722656,436.11285400390625,7164500,0.0,0.0,437.7066650390625,3135949401.6723633,yahoo
MSFT,2024-12-26,439.0799865722656,440.94000244140625,436.6300048828125,438.1099853515625,434.9018249511719,8194200,0.0,0.0,438.55999755859375,3593648331.994629,yahoo
MSFT,2024-12-27,434.6000061035156,435.2200012207031,426.3500061035156,430.5299987792969,427.3773193359375,18117700,0.0,0.0,430.7000020345052,7803293426.860555,yahoo
MSFT,2024-12-30,426.05999755859375,427.54998779296875,421.8999938964844,424.8299865722656,421.7190246582031,13158700,0.0,0.0,424.75998942057294,5589289272.788493,yahoo
MSFT,2024-12-31,426.1000061035156,426.7300109863281,420.6600036621094,421.5,418.4134521484375,13246500,0.0,0.0,422.9633382161458,5602783859.680176,yahoo
MSFT,2025-01-02,425.5299987792969,426.07000732421875,414.8500061035156,418.5799865722656,415.51483154296875,16896500,0.0,0.0,419.8333333333333,7093713916.666666,yahoo
MSFT,2025-01-03,421.0799865722656,424.0299987792969,419.5400085449219,423.3500061035156,420.2499084472656,16662900,0.0,0.0,422.3066711425781,7036853830.581665,yahoo
MSFT,2025-01-06,428.0,434.32000732421875,425.4800109863281,427.8500061035156,424.7169494628906,20573600,0.0,0.0,429.2166748046875,8830532180.761719,yahoo
MSFT,2025-01-07,429.0,430.6499938964844,420.79998779296875,422.3699951171875,419.2770690917969,18139100,0.0,0.0,424.6066589355469,7701982647.097778,yahoo
MSFT,2025-01-08,423.4599914550781,426.9700012207031,421.5400085449219,424.55999755859375,421.4510803222656,15054600,0.0,0.0,424.35666910807294,6388519910.754395,yahoo
MSFT,2025-01-10,424.6300048828125,424.7099914550781,415.0199890136719,418.95001220703125,415.8821105957031,20201100,0.0,0.0,419.55999755859375,8475573466.680908,yahoo
MSFT,2025-01-13,415.239990234375,418.5,412.2900085449219,417.19000244140625,414.135009765625,17604800,0.0,0.0,415.9933369954427,7323479499.137369,yahoo
MSFT,2025-01-14,417.80999755859375,419.739990234375,410.7200012207031,415.6700134277344,412.62615966796875,16935900,0.0,0.0,415.3766682942708,7034777716.564941,yahoo
MSFT,2025-01-15,419.1300048828125,428.1499938964844,418.2699890136719,426.30999755859375,423.188232421875,19637800,0.0,0.0,424.2433268229167,8331205603.483073,yahoo
MSFT,2025-01-16,428.70001220703125,429.489990234375,424.3900146484375,424.5799865722656,421.4708557128906,15300000,0.0,0.0,426.15333048502606,6520145956.420898,yahoo
MSFT,2025-01-17,434.0899963378906,434.4800109863281,428.1700134277344,429.0299987792969,425.8883361816406,26197500,0.0,0.0,430.5600077311198,11279595802.53601,yahoo
MSFT,2025-01-21,430.20001220703125,430.8999938964844,425.6000061035156,428.5,425.3621826171875,26085700,0.0,0.0,428.3333333333333,11173374833.333332,yahoo
MSFT,2025-01-22,437.55999755859375,447.2699890136719,436.0,446.20001220703125,442.9326171875,27803800,0.0,0.0,443.1566670735677,12321439339.98006,yahoo
MSFT,2025-01-23,442.0,446.75,441.5,446.7099914550781,443.4388122558594,18389300,0.0,0.0,444.9866638183594,8182993256.954956,yahoo
MSFT,2025-01-24,445.1600036621094,446.6499938964844,441.3999938964844,444.05999755859375,440.8082275390625,15549500,0.0,0.0,444.0366617838542,6904548072.408041,yahoo
MSFT,2025-01-27,424.010009765625,435.20001220703125,423.5,434.55999755859375,431.3778076171875,35647800,0.0,0.0,431.086669921875,15367291392.041016,yahoo
MSFT,2025-01-28,434.6000061035156,448.3800048828125,431.3800048828125,447.20001220703125,443.9252624511719,23491700,0.0,0.0,442.32000732421875,10390848916.05835,yahoo
MSFT,2025-01-29,446.69000244140625,446.8800048828125,440.3999938964844,442.3299865722656,439.0909118652344,23581400,0.0,0.0,443.2033284505208,10451354969.523111,yahoo
MSFT,2025-01-30,418.7699890136719,422.8599853515625,413.1600036621094,414.989990234375,411.95111083984375,54586300,0.0,0.0,417.0033264160156,22762668676.742554,yahoo
MSFT,2025-01-31,418.9800109863281,420.69000244140625,414.9100036621094,415.05999755859375,412.0206298828125,34161900,0.0,0.0,416.8866678873698,14241640659.701538,yahoo
MSFT,2025-02-03,411.6000061035156,415.4100036621094,408.6600036621094,410.9200134277344,407.91094970703125,25679100,0.0,0.0,411.66334025065106,10571144080.630493,yahoo
MSFT,2025-02-04,412.69000244140625,413.9200134277344,409.739990234375,412.3699951171875,409.3503112792969,20532100,0.0,0.0,412.00999959309894,8459430512.645467,yahoo
MSFT,2025-02-05,412.3500061035156,413.8299865722656,410.3999938964844,413.2900085449219,410.26361083984375,16316700,0.0,0.0,412.5066630045573,6730747468.24646,yahoo
MSFT,2025-02-06,414.0,418.20001220703125,414.0,415.82000732421875,412.7750549316406,16309800,0.0,0.0,416.0066731770833,6784985638.183594,yahoo
MSFT,2025-02-07,416.4800109863281,418.6499938964844,408.1000061035156,409.75,406.7494812011719,22886800,0.0,0.0,412.1666666666667,9433176066.666668,yahoo
MSFT,2025-02-10,413.7099914550781,415.4599914550781,410.9200134277344,412.2200012207031,409.201416015625,20817900,0.0,0.0,412.8666687011719,8595017022.354126,yahoo
MSFT,2025-02-11,409.6400146484375,412.489990234375,409.29998779296875,411.44000244140625,408.4271240234375,18140600,0.0,0.0,411.07666015625,7457177261.230469,yahoo
MSFT,2025-02-12,407.2099914550781,410.75,404.3699951171875,409.0400085449219,406.0447082519531,19121700,0.0,0.0,408.05333455403644,7802673447.341919,yahoo
MSFT,2025-02-13,407.0,411.0,406.3599853515625,410.5400085449219,407.5337219238281,23891700,0.0,0.0,409.2999979654948,9778872761.392212,yahoo
MSFT,2025-02-14,407.7900085449219,408.9100036621094,405.8800048828125,408.42999267578125,405.43914794921875,22758500,0.0,0.0,407.74000040690106,9279550799.260458,yahoo
MSFT,2025-02-18,408.0,410.6000061035156,406.5,409.6400146484375,406.64031982421875,21423100,0.0,0.0,408.91334025065106,8760191379.523724,yahoo
MSFT,2025-02-19,407.8800048828125,415.489990234375,407.6499938964844,414.7699890136719,411.73272705078125,24114200,0.0,0.0,412.63665771484375,9950402891.467285,yahoo
MSFT,2025-02-20,415.2900085449219,419.30999755859375,412.5400085449219,416.1300048828125,413.91107177734375,23508700,0.83,0.0,415.9933369954427,9779462561.424763,yahoo
MSFT,2025-02-21,417.3399963378906,418.04998779296875,407.8900146484375,408.2099914550781,406.03326416015625,27524800,0.0,0.0,411.3833312988281,11323243917.333984,yahoo
MSFT,2025-02-24,408.510009765625,409.3699951171875,399.32000732421875,404.0,401.8457336425781,26443700,0.0,0.0,404.23000081380206,10689336872.519938,yahoo
MSFT,2025-02-25,401.1000061035156,401.9200134277344,396.70001220703125,397.8999938964844,395.7782287597656,29387400,0.0,0.0,398.8400065104167,11720870807.324219,yahoo
MSFT,2025-02-26,398.010009765625,403.6000061035156,394.25,399.7300109863281,397.5985107421875,19619000,0.0,0.0,399.19333902994794,7831774118.428549,yahoo
MSFT,2025-02-27,401.2699890136719,405.739990234375,392.1700134277344,392.5299987792969,390.4369201660156,21127400,0.0,0.0,396.81333414713544,8383634035.860189,yahoo
MSFT,2025-02-28,392.6600036621094,397.6300048828125,386.57000732421875,396.989990234375,394.87310791015625,32845700,0.0,0.0,393.73000081380206,12932337487.729898,yahoo
MSFT,2025-03-03,398.82000732421875,398.82000732421875,386.1600036621094,388.489990234375,386.4184265136719,23007700,0.0,0.0,391.1566670735677,8999615249.028522,yahoo
MSFT,2025-03-04,383.3999938964844,392.5799865722656,381.0,388.6099853515625,386.53778076171875,29342900,0.0,0.0,387.3966573079427,11367341375.721231,yahoo
MSFT,2025-03-05,389.3399963378906,401.6700134277344,388.80999755859375,401.0199890136719,398.8816223144531,23433100,0.0,0.0,397.1666666666667,9306846216.666668,yahoo
MSFT,2025-03-06,394.2799987792969,402.1499938964844,392.67999267578125,396.8900146484375,394.773681640625,23304600,0.0,0.0,397.24000040690106,9257519313.482666,yahoo
MSFT,2025-03-07,392.32000732421875,394.79998779296875,385.5400085449219,393.30999755859375,391.2127380371094,22034100,0.0,0.0,391.21666463216144,8620107110.171509,yahoo
MSFT,2025-03-10,385.8399963378906,386.3999938964844,377.2200012207031,380.1600036621094,378.13287353515625,32840100,0.0,0.0,381.25999959309894,12520616512.63733,yahoo
MSFT,2025-03-11,379.0,386.0,376.9100036621094,380.45001220703125,378.42132568359375,30380200,0.0,0.0,381.12000528971356,11578501984.702557,yahoo
MSFT,2025-03-12,382.95001220703125,385.2200012207031,378.95001220703125,383.2699890136719,381.2262878417969,24253600,0.0,0.0,382.48000081380206,9276516947.737629,yahoo
MSFT,2025-03-13,383.1600036621094,385.32000732421875,377.45001220703125,378.7699890136719,376.750244140625,20473000,0.0,0.0,380.5133361816406,7790249531.6467285,yahoo
MSFT,2025-03-14,379.7799987792969,390.2300109863281,379.510009765625,388.55999755859375,386.4880676269531,19952800,0.0,0.0,386.1000061035156,7703776201.782227,yahoo
MSFT,2025-03-17,386.70001220703125,392.7099914550781,385.57000732421875,388.70001220703125,386.6273193359375,22474300,0.0,0.0,388.9933369954427,8742352953.636677,yahoo
MSFT,2025-03-18,387.07000732421875,387.3699951171875,381.1000061035156,383.5199890136719,381.47491455078125,19486900,0.0,0.0,383.9966634114583,7482904580.232747,yahoo
MSFT,2025-03-19,385.5299987792969,389.67999267578125,384.0,387.82000732421875,385.7520446777344,19185500,0.0,0.0,387.1666666666667,7427986083.333334,yahoo
MSFT,2025-03-20,385.739990234375,391.7900085449219,383.2799987792969,386.8399963378906,384.7772216796875,18470500,0.0,0.0,387.30333455403644,7153686240.88033,yahoo
MSFT,2025-03-21,383.2200012207031,391.739990234375,382.79998779296875,391.260009765625,389.1736755371094,39675900,0.0,0.0,388.59999593098956,15418054578.55835,yahoo
MSFT,2025-03-24,395.3999938964844,395.3999938964844,389.80999755859375,393.0799865722656,390.98394775390625,21004500,0.0,0.0,392.76332600911456,8249797281.158447,yahoo
MSFT,2025-03-25,393.9200134277344,396.3599853515625,392.6400146484375,395.1600036621094,393.0528869628906,15775000,0.0,0.0,394.7200012207031,6226708019.256592,yahoo
MSFT,2025-03-26,395.0,395.30999755859375,388.57000732421875,389.9700012207031,387.89056396484375,16108400,0.0,0.0,391.28333536783856,6302948479.439291,yahoo
MSFT,2025-03-27,390.1300048828125,392.239990234375,387.3999938964844,390.5799865722656,388.4972839355469,13766800,0.0,0.0,390.0733235677083,5370061430.891927,yahoo
MSFT,2025-03-28,388.0799865722656,389.1300048828125,376.92999267578125,378.79998779296875,376.78009033203125,21632000,0.0,0.0,381.6199951171875,8255203734.375,yahoo
MSFT,2025-03-31,372.5400085449219,377.07000732421875,367.239990234375,375.3900146484375,373.3883056640625,35184700,0.0,0.0,373.23333740234375,13132103006.500244,yahoo
MSFT,2025-04-01,374.6499938964844,382.8500061035156,373.2300109863281,382.19000244140625,380.15203857421875,19689500,0.0,0.0,379.42333984375,7470655849.853516,yahoo
MSFT,2025-04-02,377.9700012207031,385.0799865722656,376.6199951171875,382.1400146484375,380.1023254394531,16092600,0.0,0.0,381.2799987792969,6135786508.355713,yahoo
MSFT,2025-04-03,374.7900085449219,377.4800109863281,369.3500061035156,373.1099853515625,371.12042236328125,30198000,0.0,0.0,373.31333414713544,11273316064.575195,yahoo
MSFT,2025-04-04,364.1300048828125,374.5899963378906,359.4800109863281,359.8399963378906,357.9212341308594,49209900,0.0,0.0,364.6366678873698,17943733963.07068,yahoo
MSFT,2025-04-07,350.8800048828125,371.0,344.7900085449219,357.8599853515625,355.9517822265625,50425000,0.0,0.0,357.8833312988281,18046266980.74341,yahoo
MSFT,2025-04-08,368.260009765625,373.6499938964844,350.25,354.55999755859375,352.66937255859375,35868900,0.0,0.0,359.4866638183594,12894391195.83435,yahoo
MSFT,2025-04-09,353.5400085449219,393.2300109863281,353.1000061035156,390.489990234375,388.4077453613281,50199700,0.0,0.0,378.94000244140625,19022674440.55786,yahoo
MSFT,2025-04-10,382.05999755859375,383.8999938964844,367.79998779296875,381.3500061035156,379.3165283203125,38024400,0.0,0.0,377.68332926432294,14361181985.27832,yahoo
MSFT,2025-04-11,380.6400146484375,390.04998779296875,378.8900146484375,388.45001220703125,386.3786926269531,23839200,0.0,0.0,385.7966715494792,9197084012.402344,yahoo
MSFT,2025-04-14,393.2200012207031,394.6499938964844,384.2099914550781,387.80999755859375,385.7420654296875,19251200,0.0,0.0,388.88999430338544,7486599058.333334,yahoo
MSFT,2025-04-15,388.510009765625,391.8900146484375,384.1600036621094,385.7300109863281,383.6731872558594,17199900,0.0,0.0,387.260009765625,6660833441.967773,yahoo
MSFT,2025-04-16,380.6700134277344,381.6099853515625,368.0,371.6099853515625,369.6284484863281,21967800,0.0,0.0,373.739990234375,8210245357.470703,yahoo
MSFT,2025-04-17,373.75,374.32000732421875,366.8900146484375,367.7799987792969,365.8188781738281,21120200,0.0,0.0,369.66334025065106,7807363678.761801,yahoo
MSFT,2025-04-21,362.82000732421875,364.4800109863281,355.6700134277344,359.1199951171875,357.2050476074219,20807300,0.0,0.0,359.7566731770833,7485565025.797525,yahoo
MSFT,2025-04-22,363.3800048828125,367.7699890136719,359.8599853515625,366.82000732421875,364.864013671875,19485000,0.0,0.0,364.81666056315106,7108452631.072998,yahoo
MSFT,2025-04-23,376.05999755859375,380.3900146484375,373.0199890136719,374.3900146484375,372.39361572265625,20545500,0.0,0.0,375.93333943684894,7723738425.39978,yahoo
MSFT,2025-04-24,375.70001220703125,388.45001220703125,375.19000244140625,387.29998779296875,385.2347717285156,22232300,0.0,0.0,383.64666748046875,8529347805.426025,yahoo
MSFT,2025-04-25,387.0,392.1600036621094,384.6000061035156,391.8500061035156,389.7605285644531,18973200,0.0,0.0,389.5366719563802,7390757184.362793,yahoo
MSFT,2025-04-28,391.9599914550781,392.739990234375,386.6400146484375,391.1600036621094,389.0741882324219,16579400,0.0,0.0,390.1800028483073,6468950339.223227,yahoo
MSFT,2025-04-29,391.29998779296875,395.1000061035156,390.3800048828125,394.0400085449219,391.9388732910156,14974000,0.0,0.0,393.17333984375,5887377590.8203125,yahoo
MSFT,2025-04-30,390.29998779296875,396.6600036621094,384.44000244140625,395.260009765625,393.15234375,36461100,0.0,0.0,392.12000528971356,14297126724.868774,yahoo
MSFT,2025-05-01,431.1099853515625,436.989990234375,424.8999938964844,425.3999938964844,423.1316223144531,58938100,0.0,0.0,429.09665934244794,25290141817.99113,yahoo
MSFT,2025-05-02,431.739990234375,439.44000244140625,429.989990234375,435.2799987792969,432.9589538574219,30757400,0.0,0.0,434.90333048502606,13376495697.06014,yahoo
MSFT,2025-05-05,432.8699951171875,439.5,432.1099853515625,436.1700134277344,433.8442077636719,20136100,0.0,0.0,435.9266662597656,8777862944.473267,yahoo
MSFT,2025-05-06,432.20001220703125,437.7300109863281,431.1700134277344,433.30999755859375,430.99945068359375,15104200,0.0,0.0,434.07000732421875,6556280204.626465,yahoo
MSFT,2025-05-07,433.8399963378906,438.1199951171875,431.1099853515625,433.3500061035156,431.03924560546875,23295300,0.0,0.0,434.1933288574219,10114663853.7323,yahoo
MSFT,2025-05-08,437.92999267578125,443.6700134277344,435.6600036621094,438.1700134277344,435.83355712890625,23491300,0.0,0.0,439.1666768391927,10316596155.632526,yahoo
MSFT,2025-05-09,440.0,440.739990234375,435.8800048828125,438.7300109863281,436.39056396484375,15324200,0.0,0.0,438.4500020345052,6718895521.177164,yahoo
MSFT,2025-05-12,445.94000244140625,449.3699951171875,439.7799987792969,449.260009765625,446.8643798828125,22821900,0.0,0.0,446.1366678873698,10181686420.858765,yahoo
MSFT,2025-05-13,447.7799987792969,450.6700134277344,445.3599853515625,449.1400146484375,446.74505615234375,23618800,0.0,0.0,448.39000447591144,10590433837.715656,yahoo
MSFT,2025-05-14,448.1400146484375,453.8999938964844,448.1400146484375,452.94000244140625,450.5247802734375,19902800,0.0,0.0,451.6600036621094,8989298720.88623,yahoo
MSFT,2025-05-15,450.7699890136719,456.19000244140625,450.42999267578125,453.1300048828125,451.54119873046875,21992300,0.83,0.0,453.25,9968009975.0,yahoo
MSFT,2025-05-16,452.04998779296875,454.3599853515625,448.7300109863281,454.2699890136719,452.6772155761719,23849800,0.0,0.0,452.4533284505208,10790921392.87923,yahoo
MSFT,2025-05-19,450.8800048828125,459.5899963378906,450.79998779296875,458.8699951171875,457.26104736328125,21336500,0.0,0.0,456.4199930826823,9738405182.408651,yahoo
MSFT,2025-05-20,455.5899963378906,458.3399963378906,454.32000732421875,458.1700134277344,456.56353759765625,15441800,0.0,0.0,456.94333902994794,7056027652.63265,yahoo
MSFT,2025-05-21,454.57000732421875,457.7799987792969,451.80999755859375,452.57000732421875,450.983154296875,19216900,0.0,0.0,454.05333455403644,8725497524.791462,yahoo
MSFT,2025-05-22,454.95001220703125,460.25,453.8999938964844,454.8599853515625,453.26513671875,18025600,0.0,0.0,456.33665974934894,8225742093.977864,yahoo
MSFT,2025-05-23,449.9800109863281,453.69000244140625,448.9100036621094,450.17999267578125,448.6015625,16883500,0.0,0.0,450.9266662597656,7613220369.796753,yahoo
MSFT,2025-05-27,456.4800109863281,460.95001220703125,456.1199951171875,460.69000244140625,459.0746765136719,20974300,0.0,0.0,459.2533365885417,9632517257.60905,yahoo
MSFT,2025-05-28,461.2200012207031,462.5199890136719,456.92999267578125,457.3599853515625,455.7563781738281,17086300,0.0,0.0,458.93665568033856,7841529379.950969,yahoo
MSFT,2025-05-29,461.54998779296875,461.7200012207031,455.30999755859375,458.67999267578125,457.0717468261719,13974800,0.0,0.0,458.5699971516927,6408423996.195475,yahoo
MSFT,2025-05-30,459.7200012207031,461.67999267578125,455.5400085449219,460.3599853515625,458.7458190917969,34770500,0.0,0.0,459.1933288574219,15966381641.036987,yahoo
MSFT,2025-06-02,457.1400146484375,462.1099853515625,456.8900146484375,461.9700012207031,460.3502197265625,16626500,0.0,0.0,460.3233337402344,7653565908.432007,yahoo
MSFT,2025-06-03,461.4700012207031,464.1400146484375,460.8599853515625,462.9700012207031,461.3467102050781,15743800,0.0,0.0,462.6566670735677,7283974035.072835,yahoo
MSFT,2025-06-04,464.0,465.69000244140625,463.0199890136719,463.8699951171875,462.2435302734375,14162700,0.0,0.0,464.1933288574219,6574230858.609009,yahoo
MSFT,2025-06-05,464.9599914550781,469.6499938964844,464.0299987792969,467.67999267578125,466.0401611328125,20131700,0.0,0.0,467.1199951171875,9403919605.700684,yahoo
MSFT,2025-06-06,470.0899963378906,473.3399963378906,468.7799987792969,470.3800048828125,468.730712890625,15285600,0.0,0.0,470.8333333333333,7196970000.0,yahoo
MSFT,2025-06-09,469.70001220703125,473.42999267578125,468.6199951171875,472.75,471.0924072265625,16469900,0.0,0.0,471.59999593098956,7767204772.983805,yahoo
MSFT,2025-06-10,471.19000244140625,472.79998779296875,466.9599914550781,470.9200134277344,469.2688293457031,15375900,0.0,0.0,470.22666422526044,7230158166.461182,yahoo
MSFT,2025-06-11,470.0199890136719,475.4700012207031,469.6600036621094,472.6199951171875,470.9628601074219,16399200,0.0,0.0,472.5833333333333,7749988600.0,yahoo
MSFT,2025-06-12,475.0199890136719,480.4200134277344,473.5199890136719,478.8699951171875,477.1909484863281,18950600,0.0,0.0,477.60333251953125,9050869713.244629,yahoo
MSFT,2025-06-13,476.4100036621094,479.17999267578125,472.760009765625,474.9599914550781,473.2946472167969,16814500,0.0,0.0,475.6333312988281,7997536649.1241455,yahoo
MSFT,2025-06-16,475.2099914550781,480.69000244140625,475.0,479.1400146484375,477.46002197265625,15626100,0.0,0.0,478.27667236328125,7473599110.015869,yahoo
MSFT,2025-06-17,475.3999938964844,478.739990234375,474.0799865722656,478.0400085449219,476.3638610839844,15414100,0.0,0.0,476.9533284505208,7351806300.069173,yahoo
MSFT,2025-06-18,478.0,481.0,474.4599914550781,480.239990234375,478.5561218261719,17526500,0.0,0.0,478.56666056315106,8387598576.360067,yahoo
MSFT,2025-06-20,482.2300109863281,483.4599914550781,476.8699951171875,477.3999938964844,475.7261047363281,37576200,0.0,0.0,479.2433268229167,18008143097.36328,yahoo
MSFT,2025-06-23,478.2099914550781,487.75,472.510009765625,486.0,484.2959289550781,24864000,0.0,0.0,482.086669921875,11986602960.9375,yahoo
MSFT,2025-06-24,488.95001220703125,491.8500061035156,486.79998779296875,490.1099853515625,488.3915100097656,22305600,0.0,0.0,489.58665974934894,10920524197.705078,yahoo
MSFT,2025-06-25,492.0400085449219,494.55999755859375,489.3900146484375,492.2699890136719,490.5439453125,17495100,0.0,0.0,492.0733337402344,8608872181.118774,yahoo
MSFT,2025-06-26,492.9800109863281,498.0400085449219,492.80999755859375,497.45001220703125,495.705810546875,21578900,0.0,0.0,496.1000061035156,10705292421.707153,yahoo
MSFT,2025-06-27,497.54998779296875,499.29998779296875,493.0299987792969,495.94000244140625,494.20111083984375,34539200,0.0,0.0,496.0899963378906,17134551601.513672,yahoo
MSFT,2025-06-30,497.0400085449219,500.760009765625,495.3299865722656,497.4100036621094,495.66595458984375,28369000,0.0,0.0,497.8333333333333,14123033833.333332,yahoo
MSFT,2025-07-01,496.4700012207031,498.04998779296875,490.9800109863281,492.04998779296875,490.3247375488281,19945400,0.0,0.0,493.6933288574219,9846910921.392822,yahoo
MSFT,2025-07-02,489.989990234375,493.5,488.70001220703125,491.0899963378906,489.36810302734375,16319600,0.0,0.0,491.09666951497394,8014501207.816568,yahoo
MSFT,2025-07-03,493.80999755859375,500.1300048828125,493.44000244140625,498.8399963378906,497.0909423828125,13984800,0.0,0.0,497.4700012207031,6957018473.071289,yahoo
MSFT,2025-07-07,497.3800048828125,498.75,495.2300109863281,497.7200012207031,495.974853515625,13981600,0.0,0.0,497.23333740234375,6952117630.224609,yahoo
MSFT,2025-07-08,497.239990234375,498.20001220703125,494.1099853515625,496.6199951171875,494.8786926269531,11846600,0.0,0.0,496.30999755859375,5879586017.077637,yahoo
MSFT,2025-07-09,500.29998779296875,506.7799987792969,499.739990234375,503.510009765625,501.74456787109375,18659500,0.0,0.0,503.3433329264323,9392134920.740765,yahoo
MSFT,2025-07-10,503.04998779296875,504.44000244140625,497.75,501.4800109863281,499.7216796875,16492100,0.0,0.0,501.2233378092448,8266225409.483847,yahoo
MSFT,2025-07-11,498.4700012207031,505.0299987792969,497.79998779296875,503.32000732421875,501.55523681640625,16459500,0.0,0.0,502.0499979654948,8263491941.513062,yahoo
MSFT,2025-07-14,501.5199890136719,503.9700012207031,501.0299987792969,503.0199890136719,501.2562561035156,12058800,0.0,0.0,502.67332967122394,6061637147.839355,yahoo
MSFT,2025-07-15,503.0199890136719,508.29998779296875,502.7900085449219,505.82000732421875,504.04644775390625,14927200,0.0,0.0,505.6366678873698,7547739668.888347,yahoo
MSFT,2025-07-16,505.17999267578125,506.7200012207031,501.8900146484375,505.6199951171875,503.8471374511719,15154400,0.0,0.0,504.7433369954427,7649082426.163736,yahoo
MSFT,2025-07-17,505.67999267578125,513.3699951171875,505.6199951171875,511.70001220703125,509.9058532714844,17503100,0.0,0.0,510.23000081380206,8930606727.244059,yahoo
MSFT,2025-07-18,514.47998046875,514.6400146484375,507.42999267578125,510.04998779296875,508.2616271972656,21209700,0.0,0.0,510.7066650390625,10831935153.479004,yahoo
MSFT,2025-07-21,506.7099914550781,512.0900268554688,505.54998779296875,510.05999755859375,508.2715759277344,14066800,0.0,0.0,509.23333740234375,7163283510.571289,yahoo
MSFT,2025-07-22,510.9700012207031,511.20001220703125,505.2699890136719,505.2699890136719,503.4983825683594,13868600,0.0,0.0,507.2466634114583,7034801076.18815,yahoo
MSFT,2025-07-23,506.75,506.7900085449219,500.70001220703125,505.8699951171875,504.0962829589844,16396600,0.0,0.0,504.4533386230469,8271319612.06665,yahoo
MSFT,2025-07-24,508.7699890136719,513.6699829101562,507.29998779296875,510.8800048828125,509.0887145996094,16107000,0.0,0.0,510.6166585286458,8224502518.920898,yahoo
MSFT,2025-07-25,512.469970703125,518.2899780273438,510.3599853515625,513.7100219726562,511.9088439941406,19125700,0.0,0.0,514.1199951171875,9832904790.612793,yahoo
MSFT,2025-07-28,514.0800170898438,515.0,510.1199951171875,512.5,510.7030334472656,14308000,0.0,0.0,512.5399983723959,7333422296.71224,yahoo
MSFT,2025-07-29,515.530029296875,517.6199951171875,511.55999755859375,512.5700073242188,510.7727966308594,16469200,0.0,0.0,513.9166666666666,8463796366.666666,yahoo
MSFT,2025-07-30,515.1699829101562,515.9500122070312,509.44000244140625,513.239990234375,511.4404296875,26380400,0.0,0.0,512.8766682942709,13529891660.270184,yahoo
MSFT,2025-07-31,555.22998046875,555.4500122070312,531.9000244140625,533.5,531.62939453125,51617300,0.0,0.0,540.2833455403646,27887967531.760662,yahoo
MSFT,2025-08-01,535.0,535.7999877929688,520.8599853515625,524.1099853515625,522.2723388671875,28977600,0.0,0.0,526.9233194986979,15268973183.105467,yahoo
MSFT,2025-08-04,528.27001953125,538.25,528.1300048828125,535.6400146484375,533.7619018554688,25349000,0.0,0.0,534.0066731770834,13536535158.365887,yahoo
MSFT,2025-08-05,537.1799926757812,537.2999877929688,527.239990234375,527.75,525.8995361328125,19171600,0.0,0.0,530.7633260091146,10175582180.916342,yahoo
MSFT,2025-08-06,530.9000244140625,531.7000122070312,524.030029296875,524.9400024414062,523.0994262695312,21355700,0.0,0.0,526.8900146484375,11252105085.827637,yahoo
MSFT,2025-08-07,526.7999877929688,528.0900268554688,517.5499877929688,520.8400268554688,519.0138549804688,16079100,0.0,0.0,522.1600138346354,8395863078.448485,yahoo
MSFT,2025-08-08,522.5999755859375,524.6599731445312,519.4099731445312,522.0399780273438,520.2095947265625,15531000,0.0,0.0,522.0366414388021,8107751078.186036,yahoo
MSFT,2025-08-11,522.2999877929688,527.5900268554688,519.719970703125,521.77001953125,519.9405517578125,20194400,0.0,0.0,523.0266723632812,10562209832.373047,yahoo
MSFT,2025-08-12,523.75,530.97998046875,522.7000122070312,529.239990234375,527.3843383789062,18667000,0.0,0.0,527.6399943033854,9849455773.661295,yahoo
MSFT,2025-08-13,532.1099853515625,532.7000122070312,519.3699951171875,520.5800170898438,518.7547607421875,19619200,0.0,0.0,524.2166748046875,10284711786.328125,yahoo
MSFT,2025-08-14,522.5599975585938,525.9500122070312,520.1400146484375,522.47998046875,520.6480102539062,20269100,0.0,0.0,522.8566691080729,10597834111.81844,yahoo
MSFT,2025-08-15,522.77001953125,526.0999755859375,519.0800170898438,520.1699829101562,518.3461303710938,25213300,0.0,0.0,521.7833251953125,13155879513.146973,yahoo
MSFT,2025-08-18,521.5900268554688,522.8200073242188,514.02001953125,517.0999755859375,515.286865234375,23760600,0.0,0.0,517.9800008138021,12307515607.336426,yahoo
MSFT,2025-08-19,515.0,515.1599731445312,508.54998779296875,509.7699890136719,507.98260498046875,21481000,0.0,0.0,511.1599833170573,10980227601.633709,yahoo
MSFT,2025-08-20,509.8699951171875,511.0,504.44000244140625,505.7200012207031,503.9468078613281,27723000,0.0,0.0,507.05333455403644,14057039593.841553,yahoo
MSFT,2025-08-21,503.69000244140625,507.6300048828125,502.7200012207031,504.239990234375,503.2980041503906,18443300,0.83,0.0,504.8633321126302,9311345893.152872,yahoo
MSFT,2025-08-22,504.25,510.7300109863281,502.4100036621094,507.2300109863281,506.2824401855469,24324200,0.0,0.0,506.7900085449219,12327261525.848389,yahoo
MSFT,2025-08-25,506.6300048828125,508.19000244140625,504.1199951171875,504.260009765625,503.3179931640625,21638600,0.0,0.0,505.52333577473956,10938817253.49528,yahoo
MSFT,2025-08-26,504.3599853515625,504.9800109863281,498.510009765625,502.0400085449219,501.1021423339844,30835700,0.0,0.0,501.8433430989583,15474690774.796549,yahoo
MSFT,2025-08-27,502.0,507.2900085449219,499.8999938964844,506.739990234375,505.7933349609375,17277900,0.0,0.0,504.64333089192706,8719177006.817627,yahoo
MSFT,2025-08-28,507.0899963378906,511.0899963378906,505.5,509.6400146484375,508.68792724609375,18015600,0.0,0.0,508.7433369954427,9165316461.975098,yahoo
MSFT,2025-08-29,508.6600036621094,509.6000061035156,504.489990234375,506.69000244140625,505.7434387207031,20961600,0.0,0.0,506.9266662597656,10625994007.470703,yahoo
MSFT,2025-09-02,500.4700012207031,506.0,496.80999755859375,505.1199951171875,504.1763610839844,18128000,0.0,0.0,502.64333089192706,9111918302.408854,yahoo
MSFT,2025-09-03,503.7900085449219,507.7900085449219,502.32000732421875,505.3500061035156,504.40594482421875,16345100,0.0,0.0,505.15334065755206,8256781868.381754,yahoo
MSFT,2025-09-04,504.29998779296875,508.1499938964844,503.1499938964844,507.9700012207031,507.02105712890625,15509500,0.0,0.0,506.42332967122394,7854372631.535848,yahoo
MSFT,2025-09-05,509.07000732421875,511.9700012207031,492.3699951171875,495.0,494.0752868652344,31994800,0.0,0.0,499.7799987792969,15990361104.943848,yahoo
MSFT,2025-09-08,498.1099853515625,501.20001220703125,495.0299987792969,498.20001220703125,497.2693176269531,16771000,0.0,0.0,498.1433410644531,8354361972.991943,yahoo
MSFT,2025-09-09,501.42999267578125,502.25,497.70001220703125,498.4100036621094,497.4789123535156,14410500,0.0,0.0,499.4533386230469,7197372336.227417,yahoo
MSFT,2025-09-10,502.9800109863281,503.2300109863281,496.7200012207031,500.3699951171875,499.43524169921875,21611800,0.0,0.0,500.10666910807294,10808205311.429852,yahoo
MSFT,2025-09-11,502.25,503.1700134277344,497.8800048828125,501.010009765625,500.0740661621094,18881600,0.0,0.0,500.6866760253906,9453765542.041016,yahoo
MSFT,2025-09-12,506.6499938964844,512.5499877929688,503.8500061035156,509.8999938964844,508.94744873046875,23624900,0.0,0.0,508.76666259765625,12019561527.20337,yahoo
MSFT,2025-09-15,508.7900085449219,515.469970703125,507.0,515.3599853515625,514.397216796875,17143800,0.0,0.0,512.6099853515625,8788083066.870117,yahoo
MSFT,2025-09-16,516.8800048828125,517.22998046875,508.6000061035156,509.0400085449219,508.08905029296875,19711900,0.0,0.0,511.6233317057292,10085067952.250164,yahoo
MSFT,2025-09-17,510.6199951171875,511.2900085449219,505.92999267578125,510.0199890136719,509.06719970703125,15816600,0.0,0.0,509.0799967447917,8051914676.513672,yahoo
MSFT,2025-09-18,511.489990234375,513.0700073242188,507.6600036621094,508.45001220703125,507.5001525878906,18913700,0.0,0.0,509.72667439778644,9640817401.557413,yahoo
MSFT,2025-09-19,510.55999755859375,519.2999877929688,510.30999755859375,517.9299926757812,516.96240234375,52474100,0.0,0.0,515.8466593424479,27068589187.001545,yahoo
MSFT,2025-09-22,515.5900268554688,517.739990234375,512.5399780273438,514.4500122070312,513.4889526367188,20009300,0.0,0.0,514.9099934895834,10302988532.731121,yahoo
MSFT,2025-09-23,513.7999877929688,514.5900268554688,507.30999755859375,509.2300109863281,508.2787170410156,19799600,0.0,0.0,510.3766784667969,10105254082.971191,yahoo
MSFT,2025-09-24,510.3800048828125,512.47998046875,506.9200134277344,510.1499938964844,509.19696044921875,13533700,0.0,0.0,509.84999593098956,6900156889.931233,yahoo
MSFT,2025-09-25,508.29998779296875,510.010009765625,505.0400085449219,507.0299987792969,506.0827941894531,15786500,0.0,0.0,507.36000569661456,8009438729.9296055,yahoo
MSFT,2025-09-26,510.05999755859375,513.9400024414062,506.6199951171875,511.4599914550781,510.5045166015625,16213100,0.0,0.0,510.67332967122394,8279597761.2925205,yahoo
MSFT,2025-09-29,511.5,516.8499755859375,508.8800048828125,514.5999755859375,513.6386108398438,17617800,0.0,0.0,513.4433186848959,9045741699.926758,yahoo
MSFT,2025-09-30,513.239990234375,518.1599731445312,509.6600036621094,517.9500122070312,516.982421875,19728200,0.0,0.0,515.2566630045573,10165086499.086506,yahoo
MSFT,2025-10-01,514.7999877929688,520.510009765625,511.69000244140625,519.7100219726562,518.7391357421875,22632300,0.0,0.0,517.3033447265625,11707764488.85498,yahoo
MSFT,2025-10-02,517.6400146484375,521.5999755859375,510.67999267578125,515.739990234375,514.7765502929688,21222900,0.0,0.0,516.0066528320312,10951157592.388916,yahoo
MSFT,2025-10-03,517.0999755859375,520.489990234375,515.0,517.3499755859375,516.3834838867188,15112300,0.0,0.0,517.6133219401041,7822327805.155436,yahoo
MSFT,2025-10-06,518.6099853515625,531.030029296875,518.2000122070312,528.5700073242188,527.5825805664062,21388600,0.0,0.0,525.933349609375,11248978041.455078,yahoo
MSFT,2025-10-07,528.2899780273438,529.7999877929688,521.4400024414062,523.97998046875,523.0010986328125,14615200,0.0,0.0,525.0733235677084,7674051638.606771,yahoo
MSFT,2025-10-08,523.280029296875,526.9500122070312,523.0900268554688,524.8499755859375,523.8695068359375,13363400,0.0,0.0,524.9633382161459,7015295073.917644,yahoo
MSFT,2025-10-09,522.3400268554688,524.3300170898438,517.4000244140625,522.4000244140625,521.4241333007812,18343600,0.0,0.0,521.3766886393229,9563925425.724283,yahoo
MSFT,2025-10-10,519.6400146484375,523.5800170898438,509.6300048828125,510.9599914550781,510.0054626464844,24133800,0.0,0.0,514.7233378092448,12422230090.020752,yahoo
MSFT,2025-10-13,516.4099731445312,516.4099731445312,511.67999267578125,514.0499877929688,513.0896606445312,14284200,0.0,0.0,514.0466512044271,7342745175.134278,yahoo
MSFT,2025-10-14,510.2300109863281,515.280029296875,506.0,513.5700073242188,512.610595703125,14684300,0.0,0.0,511.61667887369794,7512732797.585043,yahoo
MSFT,2025-10-15,514.9600219726562,517.1900024414062,510.0,513.4299926757812,512.4708251953125,14694700,0.0,0.0,513.5399983723959,7546316214.082846,yahoo
MSFT,2025-10-16,512.5800170898438,516.8499755859375,508.1300048828125,511.6099853515625,510.65423583984375,15559600,0.0,0.0,512.1966552734375,7969575077.392578,yahoo
MSFT,2025-10-17,509.0400085449219,515.47998046875,507.30999755859375,513.5800170898438,512.62060546875,19867800,0.0,0.0,512.1233317057291,10174763929.663086,yahoo
MSFT,2025-10-20,514.6099853515625,518.7000122070312,513.4299926757812,516.7899780273438,515.8245239257812,14665600,0.0,0.0,516.3066609700521,7571946967.122396,yahoo
MSFT,2025-10-21,517.5,518.6900024414062,513.0399780273438,517.6599731445312,516.6929321289062,15586200,0.0,0.0,516.4633178710938,8049700565.002441,yahoo
MSFT,2025-10-22,521.1500244140625,525.22998046875,517.7100219726562,520.5399780273438,519.5675659179688,18962700,0.0,0.0,521.1599934895834,9882600608.544922,yahoo
MSFT,2025-10-23,522.4600219726562,523.9500122070312,518.6099853515625,520.5599975585938,519.5875244140625,14023500,0.0,0.0,521.0399983723959,7306804417.175294,yahoo
MSFT,2025-10-24,522.7899780273438,525.3499755859375,520.7100219726562,523.6099853515625,522.6318359375,15532400,0.0,0.0,523.2233276367188,8126914014.18457,yahoo
MSFT,2025-10-27,531.780029296875,534.5800170898438,529.010009765625,531.52001953125,530.527099609375,18734700,0.0,0.0,531.7033487955729,9961302728.68042,yahoo
MSFT,2025-10-28,550.0,553.719970703125,540.77001953125,542.0700073242188,541.057373046875,29986700,0.0,0.0,545.5199991861979,16358344559.59676,yahoo
MSFT,2025-10-29,544.9400024414062,546.27001953125,536.72998046875,541.5499877929688,540.538330078125,36023000,0.0,0.0,541.5166625976562,19507054736.75537,yahoo
MSFT,2025-10-30,530.47998046875,534.969970703125,522.1199951171875,525.760009765625,524.77783203125,41023100,0.0,0.0,527.6166585286459,21644470944.486492,yahoo
MSFT,2025-10-31,528.8800048828125,529.3200073242188,515.0999755859375,517.8099975585938,516.8426513671875,34006400,0.0,0.0,520.7433268229166,17708605869.270832,yahoo
MSFT,2025-11-03,519.8099975585938,524.9600219726562,514.5900268554688,517.030029296875,516.0641479492188,22374700,0.0,0.0,518.8600260416666,11609337424.674479,yahoo
MSFT,2025-11-04,511.760009765625,515.5499877929688,507.8399963378906,514.3300170898438,513.3692016601562,20958700,0.0,0.0,512.5733337402344,10742870729.86145,yahoo
MSFT,2025-11-05,513.2999877929688,514.8300170898438,506.5799865722656,507.1600036621094,506.2125549316406,23024300,0.0,0.0,509.52333577473956,11731418139.878336,yahoo
MSFT,2025-11-06,505.6600036621094,505.70001220703125,495.80999755859375,497.1000061035156,496.1713562011719,27406500,0.0,0.0,499.5366719563802,13690551799.972534,yahoo
MSFT,2025-11-07,496.95001220703125,499.3800048828125,493.25,496.82000732421875,495.8918762207031,24019800,0.0,0.0,496.48333740234375,11925430467.736816,yahoo
MSFT,2025-11-10,500.0400085449219,506.8500061035156,498.79998779296875,506.0,505.0547180175781,26101500,0.0,0.0,503.8833312988281,13152110771.896362,yahoo
MSFT,2025-11-11,504.79998779296875,509.6000061035156,502.3500061035156,508.67999267578125,507.7297058105469,17980000,0.0,0.0,506.8766682942708,9113642495.930988,yahoo
MSFT,2025-11-12,509.3599853515625,511.6700134277344,499.1199951171875,511.1400146484375,510.1851501464844,26574900,0.0,0.0,507.3100077311198,13481712724.453735,yahoo
MSFT,2025-11-13,510.30999755859375,513.5,501.2900085449219,503.2900085449219,502.34979248046875,25273100,0.0,0.0,506.02667236328125,12788862693.304443,yahoo
MSFT,2025-11-14,498.2300109863281,511.6000061035156,497.44000244140625,510.17999267578125,509.2268981933594,28505700,0.0,0.0,506.4066670735677,14435476529.598999,yahoo
MSFT,2025-11-17,508.45001220703125,512.1199951171875,504.9100036621094,507.489990234375,506.54193115234375,19092800,0.0,0.0,508.17332967122394,9702451748.746744,yahoo
MSFT,2025-11-18,495.3699951171875,502.9800109863281,486.7799987792969,493.7900085449219,492.8675537109375,33815100,0.0,0.0,494.5166727701823,16722130741.390991,yahoo
MSFT,2025-11-19,490.1000061035156,495.19000244140625,482.8299865722656,487.1199951171875,486.2099914550781,23245300,0.0,0.0,488.37999471028644,11352539491.03902,yahoo
MSFT,2025-11-20,492.7099914550781,493.57000732421875,475.5,478.42999267578125,478.42999267578125,26802500,0.91,0.0,482.5,12932206250.0,yahoo
MSFT,2025-11-21,478.5,478.9200134277344,468.2699890136719,472.1199951171875,472.1199951171875,31769200,0.0,0.0,473.10333251953125,15030114391.479492,yahoo
MSFT,2025-11-24,475.0,476.8999938964844,468.0199890136719,474.0,474.0,34421000,0.0,0.0,472.97332763671875,16280214910.583496,yahoo
MSFT,2025-11-25,474.07000732421875,479.1499938964844,464.8900146484375,476.989990234375,476.989990234375,28019800,0.0,0.0,473.6766662597656,13272325453.26538,yahoo
MSFT,2025-11-26,486.30999755859375,488.30999755859375,481.20001220703125,485.5,485.5,25709100,0.0,0.0,485.0033365885417,12468999280.688477,yahoo
MSFT,2025-11-28,487.6000061035156,492.6300048828125,486.6499938964844,492.010009765625,492.010009765625,14386700,0.0,0.0,490.4300028483073,7055669321.977743,yahoo
MSFT,2025-12-01,488.44000244140625,489.8599853515625,484.6499938964844,486.739990234375,486.739990234375,23964000,0.0,0.0,487.0833231608073,11672464756.225586,yahoo
MSFT,2025-12-02,486.7200012207031,493.5,486.32000732421875,490.0,490.0,19562700,0.0,0.0,489.94000244140625,9584549285.760498,yahoo
MSFT,2025-12-03,476.32000732421875,484.239990234375,475.20001220703125,477.7300109863281,477.7300109863281,34615100,0.0,0.0,479.0566711425781,16582594577.267456,yahoo
MSFT,2025-12-04,479.760009765625,481.32000732421875,476.489990234375,480.8399963378906,480.8399963378906,22318200,0.0,0.0,479.5499979654948,10702692764.593506,yahoo
MSFT,2025-12-05,482.5199890136719,483.3999938964844,478.8800048828125,483.1600036621094,483.1600036621094,22608700,0.0,0.0,481.81333414713544,10893173127.732342,yahoo
MSFT,2025-12-08,484.8900146484375,492.29998779296875,484.3800048828125,491.0199890136719,491.0199890136719,21965900,0.0,0.0,489.2333272298177,10746450342.597452,yahoo
MSFT,2025-12-09,489.1000061035156,492.1199951171875,488.5,492.0199890136719,492.0199890136719,14696100,0.0,0.0,490.87999471028644,7214021490.261841,yahoo
MSFT,2025-12-10,484.0299987792969,484.25,475.0799865722656,478.55999755859375,478.55999755859375,35756200,0.0,0.0,479.2966613769531,17137827283.526611,yahoo
MSFT,2025-12-11,476.6300048828125,486.0299987792969,475.8599853515625,483.4700012207031,483.4700012207031,24669200,0.0,0.0,481.7866617838542,11885291516.878256,yahoo
MSFT,2025-12-12,479.82000732421875,482.45001220703125,476.3399963378906,478.5299987792969,478.5299987792969,21248100,0.0,0.0,479.10666910807294,10180106415.875244,yahoo
MSFT,2025-12-15,480.1000061035156,480.7200012207031,472.5199890136719,474.82000732421875,474.82000732421875,23727700,0.0,0.0,476.01999918619794,11294859734.69035,yahoo
MSFT,2025-12-16,471.9100036621094,477.8900146484375,470.8800048828125,476.3900146484375,476.3900146484375,20705600,0.0,0.0,475.0533447265625,9836264534.570312,yahoo
MSFT,2025-12-17,476.9100036621094,480.0,475.0,476.1199951171875,476.1199951171875,24527200,0.0,0.0,477.0399983723958,11700455448.079426,yahoo
MSFT,2025-12-18,478.19000244140625,489.6000061035156,477.8900146484375,483.9800109863281,483.9800109863281,28573500,0.0,0.0,483.82334391276044,13824526317.29126,yahoo
MSFT,2025-12-19,487.3599853515625,487.8500061035156,482.489990234375,485.9200134277344,485.9200134277344,70836100,0.0,0.0,485.4200032552083,34385259892.58626,yahoo
MSFT,2025-12-22,486.1199951171875,488.7300109863281,482.69000244140625,484.9200134277344,484.9200134277344,16963000,0.0,0.0,485.44667561848956,8234631958.5164385,yahoo
MSFT,2025-12-23,484.9800109863281,487.8299865722656,484.739990234375,486.8500061035156,486.8500061035156,14683600,0.0,0.0,486.47332763671875,7143179753.686523,yahoo
MSFT,2025-12-24,485.67999267578125,489.1600036621094,484.8299865722656,488.0199890136719,488.0199890136719,5855900,0.0,0.0,487.33665974934894,2853794745.8262124,yahoo
MSFT,2025-12-26,486.7099914550781,488.1199951171875,485.9599914550781,487.7099914550781,487.7099914550781,8842200,0.0,0.0,487.26332600911456,4308479781.237793,yahoo
MSFT,2025-12-29,484.8599853515625,488.3500061035156,484.17999267578125,487.1000061035156,487.1000061035156,10893400,0.0,0.0,486.5433349609375,5300111165.063477,yahoo
MSFT,2025-12-30,485.92999267578125,489.67999267578125,485.5,487.4800109863281,487.4800109863281,13944500,0.0,0.0,487.55333455403644,6798687473.688761,yahoo
MSFT,2025-12-31,487.8399963378906,488.1400146484375,483.29998779296875,483.6199951171875,483.6199951171875,15601600,0.0,0.0,485.01999918619794,7567088019.303386,yahoo
MSFT,2026-01-02,484.3900146484375,484.6600036621094,470.1600036621094,472.94000244140625,472.94000244140625,25571600,0.0,0.0,475.9200032552083,12170035955.240885,yahoo
MSFT,2026-01-05,474.05999755859375,476.07000732421875,469.5,472.8500061035156,472.8500061035156,25250300,0.0,0.0,472.8066711425781,11938510288.35144,yahoo
MSFT,2026-01-06,473.79998779296875,478.739990234375,469.75,478.510009765625,478.510009765625,23037700,0.0,0.0,475.6666666666667,10958265966.666668,yahoo
MSFT,2026-01-07,479.760009765625,489.70001220703125,477.95001220703125,483.4700012207031,483.4700012207031,25564200,0.0,0.0,483.70667521158856,12365574186.444092,yahoo
MSFT,2026-01-08,481.239990234375,482.6600036621094,475.8599853515625,478.1099853515625,478.1099853515625,18162600,0.0,0.0,478.8766581217448,8697645190.802002,yahoo
MSFT,2026-01-09,474.05999755859375,479.82000732421875,472.20001220703125,479.2799987792969,479.2799987792969,18491000,0.0,0.0,477.1000061035156,8822056212.860107,yahoo
MSFT,2026-01-12,476.6700134277344,480.989990234375,475.67999267578125,477.17999267578125,477.17999267578125,23519900,0.0,0.0,477.9499918619792,11241336013.594564,yahoo
MSFT,2026-01-13,474.67999267578125,475.7799987792969,465.95001220703125,470.6700134277344,470.6700134277344,28545800,0.0,0.0,470.8000081380208,13439362872.306314,yahoo
MSFT,2026-01-14,466.4599914550781,468.20001220703125,457.1700134277344,459.3800048828125,459.3800048828125,28184300,0.0,0.0,461.5833435058594,13009403428.372192,yahoo
MSFT,2026-01-15,464.1199951171875,464.25,455.8999938964844,456.6600036621094,456.6600036621094,23225800,0.0,0.0,458.93666585286456,10659171213.765461,yahoo
MSFT,2026-01-16,457.8299865722656,463.19000244140625,456.4800109863281,459.8599853515625,459.8599853515625,34246700,0.0,0.0,459.8433329264323,15748116669.73165,yahoo
MSFT,2026-01-20,451.2200012207031,456.79998779296875,449.2799987792969,454.5199890136719,454.5199890136719,26130000,0.0,0.0,453.5333251953125,11850825787.353516,yahoo
MSFT,2026-01-21,452.6000061035156,452.69000244140625,438.67999267578125,444.1099853515625,444.1099853515625,37980500,0.0,0.0,445.1599934895833,16907399132.73112,yahoo
MSFT,2026-01-22,447.6199951171875,452.8399963378906,444.70001220703125,451.1400146484375,451.1400146484375,25349400,0.0,0.0,449.5600077311198,11396076459.979248,yahoo
MSFT,2026-01-23,451.8699951171875,471.1000061035156,450.5299987792969,465.95001220703125,465.95001220703125,38000200,0.0,0.0,462.52667236328125,17576106055.13916,yahoo
MSFT,2026-01-26,465.30999755859375,474.25,462.0,470.2799987792969,470.2799987792969,29291200,0.0,0.0,468.8433329264323,13732983833.414715,yahoo
MSFT,2026-01-27,473.70001220703125,482.8699951171875,473.1600036621094,480.5799865722656,480.5799865722656,29213900,0.0,0.0,478.8699951171875,13989660150.354004,yahoo
MSFT,2026-01-28,483.2099914550781,483.739990234375,478.0,481.6300048828125,481.6300048828125,36875400,0.0,0.0,481.1233317057292,17741615305.981445,yahoo
MSFT,2026-01-29,439.989990234375,442.5,421.0199890136719,433.5,433.5,128855300,0.0,0.0,432.3399963378906,55709299930.1178,yahoo
MSFT,2026-01-30,439.1700134277344,439.6000061035156,426.45001220703125,430.2900085449219,430.2900085449219,58566800,0.0,0.0,432.11334228515625,25307495694.94629,yahoo
MSFT,2026-02-02,430.239990234375,430.739990234375,422.25,423.3699951171875,423.3699951171875,42219900,0.0,0.0,425.4533284505208,17962596981.848145,yahoo
MSFT,2026-02-03,422.010009765625,422.04998779296875,408.55999755859375,411.2099914550781,411.2099914550781,61424100,0.0,0.0,413.9399922688802,25425891479.122925,yahoo
MSFT,2026-02-04,411.0,419.79998779296875,409.239990234375,414.19000244140625,414.19000244140625,45012400,0.0,0.0,414.4099934895833,18653588390.95052,yahoo
MSFT,2026-02-05,407.44000244140625,408.29998779296875,392.32000732421875,393.6700134277344,393.6700134277344,66289200,0.0,0.0,398.09666951497394,26389509744.81201,yahoo
MSFT,2026-02-06,399.1700134277344,401.7900085449219,392.9200134277344,401.1400146484375,401.1400146484375,53515300,0.0,0.0,398.61667887369794,21332091154.929607,yahoo
MSFT,2026-02-09,404.8500061035156,414.8900146484375,400.8699951171875,413.6000061035156,413.6000061035156,45480500,0.0,0.0,409.7866719563802,18637302733.912148,yahoo
MSFT,2026-02-10,419.6199951171875,423.67999267578125,412.70001220703125,413.2699890136719,413.2699890136719,44857900,0.0,0.0,416.5499979654948,18685558153.73637,yahoo
MSFT,2026-02-11,416.17999267578125,416.4599914550781,401.010009765625,404.3699951171875,404.3699951171875,42491000,0.0,0.0,407.2799987792969,17305734428.131104,yahoo
MSFT,2026-02-12,405.0,406.20001220703125,398.010009765625,401.8399963378906,401.8399963378906,40802400,0.0,0.0,402.0166727701823,16403245089.038086,yahoo
MSFT,2026-02-13,404.45001220703125,405.5400085449219,398.04998779296875,401.32000732421875,401.32000732421875,34041200,0.0,0.0,401.6366678873698,13672194138.887533,yahoo
