symbol,date,open,high,low,close,adjusted_close,volume,dividends,stock_splits,typical_price,traded_value,source
NFLX,2023-02-17,34.79100036621094,34.900001525878906,34.24399948120117,34.79600143432617,34.79600143432617,52947000,0.0,0.0,34.64666748046875,1834437103.088379,yahoo
NFLX,2023-02-21,34.28499984741211,34.41299819946289,33.641998291015625,33.75,33.75,57103000,0.0,0.0,33.93499883015951,1937790238.1985984,yahoo
NFLX,2023-02-22,33.75,34.191001892089844,33.28200149536133,33.487998962402344,33.487998962402344,45462000,0.0,0.0,33.65366744995117,1529963029.6096802,yahoo
NFLX,2023-02-23,33.12300109863281,33.12799835205078,31.43000030517578,32.3650016784668,32.3650016784668,132387000,0.0,0.0,32.30766677856445,4277115081.8138123,yahoo
NFLX,2023-02-24,31.93000030517578,32.150001525878906,31.45199966430664,31.71500015258789,31.71500015258789,68307000,0.0,0.0,31.77233378092448,2170272803.5736084,yahoo
NFLX,2023-02-27,32.387001037597656,33.0,32.21200180053711,32.303001403808594,32.303001403808594,61426000,0.0,0.0,32.505001068115234,1996652195.6100464,yahoo
NFLX,2023-02-28,32.369998931884766,32.762001037597656,32.117000579833984,32.2130012512207,32.2130012512207,36761000,0.0,0.0,32.364000956217446,1189733039.1515095,yahoo
NFLX,2023-03-01,32.154998779296875,32.65999984741211,31.236000061035156,31.347999572753906,31.347999572753906,49113000,0.0,0.0,31.74799982706706,1559239515.5067444,yahoo
NFLX,2023-03-02,31.09600067138672,31.55699920654297,31.038000106811523,31.187999725341797,31.187999725341797,49110000,0.0,0.0,31.26099967956543,1535227694.2634583,yahoo
NFLX,2023-03-03,31.545000076293945,31.749000549316406,31.082000732421875,31.51799964904785,31.51799964904785,59533000,0.0,0.0,31.44966697692871,1872293024.137497,yahoo
NFLX,2023-03-06,31.700000762939453,32.33000183105469,31.18400001525879,31.202999114990234,31.202999114990234,56607000,0.0,0.0,31.572333653767902,1787215091.1388397,yahoo
NFLX,2023-03-07,31.26799964904785,31.43000030517578,30.66200065612793,30.847000122070312,30.847000122070312,45531000,0.0,0.0,30.97966702779134,1410535219.4423676,yahoo
NFLX,2023-03-08,30.929000854492188,31.183000564575195,30.575000762939453,31.179000854492188,31.179000854492188,34795000,0.0,0.0,30.979000727335613,1077914330.3076427,yahoo
NFLX,2023-03-09,31.20800018310547,31.250999450683594,29.488000869750977,29.777999877929688,29.777999877929688,74434000,0.0,0.0,30.172333399454754,2245847464.2550154,yahoo
NFLX,2023-03-10,29.790000915527344,29.878999710083008,28.899999618530273,29.275999069213867,29.275999069213867,57593000,0.0,0.0,29.35166613260905,1690450507.5753531,yahoo
NFLX,2023-03-13,28.733999252319336,29.923999786376953,28.533000946044922,29.35099983215332,29.35099983215332,62924000,0.0,0.0,29.269333521525066,1841743542.5084434,yahoo
NFLX,2023-03-14,29.597000122070312,29.7450008392334,29.0310001373291,29.493999481201172,29.493999481201172,59567000,0.0,0.0,29.423333485921223,1752659705.7558694,yahoo
NFLX,2023-03-15,29.250999450683594,30.631000518798828,29.22800064086914,30.378999710083008,30.378999710083008,92153000,0.0,0.0,30.079333623250324,2771900831.383387,yahoo
NFLX,2023-03-16,30.475000381469727,31.65999984741211,30.17099952697754,31.006000518798828,31.006000518798828,79037000,0.0,0.0,30.945666631062824,2445852653.5193124,yahoo
NFLX,2023-03-17,31.006000518798828,31.076000213623047,30.0,30.350000381469727,30.350000381469727,69188000,0.0,0.0,30.47533353169759,2108527376.3910928,yahoo
NFLX,2023-03-20,29.979000091552734,30.75,29.600000381469727,30.51300048828125,30.51300048828125,51134000,0.0,0.0,30.28766695658366,1548729562.157949,yahoo
NFLX,2023-03-21,30.631999969482422,30.79199981689453,30.042999267578125,30.57900047302246,30.57900047302246,48863000,0.0,0.0,30.471333185831707,1488920753.4592948,yahoo
NFLX,2023-03-22,30.631000518798828,30.645000457763672,29.354000091552734,29.389999389648438,29.389999389648438,58080000,0.0,0.0,29.79633331298828,1730571038.8183594,yahoo
NFLX,2023-03-23,30.468000411987305,32.27799987792969,30.413999557495117,32.0369987487793,32.0369987487793,156533000,0.0,0.0,31.576332728068035,4942738090.922674,yahoo
NFLX,2023-03-24,32.0629997253418,33.18299865722656,32.0629997253418,32.8390007019043,32.8390007019043,129917000,0.0,0.0,32.69499969482422,4247636275.352478,yahoo
NFLX,2023-03-27,32.755001068115234,33.64400100708008,32.441001892089844,32.76599884033203,32.76599884033203,86258000,0.0,0.0,32.95033391316732,2842229902.681987,yahoo
NFLX,2023-03-28,32.60599899291992,33.332000732421875,32.12799835205078,32.35200119018555,32.35200119018555,64894000,0.0,0.0,32.604000091552734,2115803981.9412231,yahoo
NFLX,2023-03-29,32.62900161743164,33.28499984741211,32.573001861572266,33.202999114990234,33.202999114990234,62873000,0.0,0.0,33.02033360799154,2076087434.935252,yahoo
NFLX,2023-03-30,34.027000427246094,34.32899856567383,33.529998779296875,33.84299850463867,33.84299850463867,71315000,0.0,0.0,33.900665283203125,2417625944.671631,yahoo
NFLX,2023-03-31,34.005001068115234,34.58399963378906,33.720001220703125,34.54800033569336,34.54800033569336,56102000,0.0,0.0,34.284000396728516,1923400990.2572632,yahoo
NFLX,2023-04-03,34.18299865722656,34.858001708984375,34.040000915527344,34.827999114990234,34.827999114990234,44137000,0.0,0.0,34.57533391316732,1526051512.925466,yahoo
NFLX,2023-04-04,34.8489990234375,34.97999954223633,34.39500045776367,34.67499923706055,34.67499923706055,32981000,0.0,0.0,34.68333307902018,1143891008.2791646,yahoo
NFLX,2023-04-05,34.529998779296875,34.542999267578125,33.625,34.23500061035156,34.23500061035156,42055000,0.0,0.0,34.13433329264323,1435519386.6221108,yahoo
NFLX,2023-04-06,33.933998107910156,34.04800033569336,33.26300048828125,33.93299865722656,33.93299865722656,46605000,0.0,0.0,33.747999827067055,1572825531.9404602,yahoo
NFLX,2023-04-10,33.527000427246094,33.987998962402344,33.33599853515625,33.89899826049805,33.89899826049805,26579000,0.0,0.0,33.74099858601888,896802001.4177959,yahoo
NFLX,2023-04-11,34.345001220703125,34.7140007019043,33.763999938964844,33.82099914550781,33.82099914550781,40448000,0.0,0.0,34.099666595458984,1379263314.453125,yahoo
NFLX,2023-04-12,34.08100128173828,34.279998779296875,33.00400161743164,33.10300064086914,33.10300064086914,39654000,0.0,0.0,33.46233367919922,1326915379.7149658,yahoo
NFLX,2023-04-13,33.999000549316406,34.643001556396484,33.875,34.61899948120117,34.61899948120117,74064000,0.0,0.0,34.37900034586588,2546246281.616211,yahoo
NFLX,2023-04-14,34.29399871826172,34.48500061035156,33.64099884033203,33.862998962402344,33.862998962402344,53505000,0.0,0.0,33.99633280436198,1818973786.6973875,yahoo
NFLX,2023-04-17,33.79999923706055,33.8390007019043,32.75,33.27199935913086,33.27199935913086,61360000,0.0,0.0,33.287000020345054,2042490321.2483726,yahoo
NFLX,2023-04-18,33.5,33.71900177001953,33.04999923706055,33.369998931884766,33.369998931884766,179445000,0.0,0.0,33.37966664632162,5989814281.349182,yahoo
NFLX,2023-04-19,32.42100143432617,32.57500076293945,31.610000610351562,32.3120002746582,32.3120002746582,221283000,0.0,0.0,32.16566721598307,7117715338.554381,yahoo
NFLX,2023-04-20,32.03900146484375,33.143001556396484,31.83300018310547,32.53499984741211,32.53499984741211,99478000,0.0,0.0,32.50366719563802,3233399805.287679,yahoo
NFLX,2023-04-21,32.29999923706055,32.82899856567383,31.950000762939453,32.79800033569336,32.79800033569336,63480000,0.0,0.0,32.52566655476888,2064729312.8967288,yahoo
NFLX,2023-04-24,33.02000045776367,33.465999603271484,32.67499923706055,32.902000427246094,32.902000427246094,55866000,0.0,0.0,33.01433308919271,1844378732.36084,yahoo
NFLX,2023-04-25,32.849998474121094,32.86600112915039,32.11000061035156,32.255001068115234,32.255001068115234,54266000,0.0,0.0,32.41033426920573,1758779199.452718,yahoo
NFLX,2023-04-26,32.13600158691406,32.59000015258789,32.047000885009766,32.1150016784668,32.1150016784668,46232000,0.0,0.0,32.250667572021484,1491012863.1896973,yahoo
NFLX,2023-04-27,32.43000030517578,32.744998931884766,31.743999481201172,32.584999084472656,32.584999084472656,56188000,0.0,0.0,32.35799916585287,1818131257.130941,yahoo
NFLX,2023-04-28,32.52399826049805,33.08100128173828,32.400001525878906,32.99300003051758,32.99300003051758,42284000,0.0,0.0,32.824667612711586,1387958245.3358967,yahoo
NFLX,2023-05-01,32.944000244140625,33.12300109863281,31.80900001525879,32.4119987487793,32.4119987487793,53415000,0.0,0.0,32.44799995422363,1733209917.5548553,yahoo
NFLX,2023-05-02,32.5,32.606998443603516,31.562000274658203,31.7549991607666,31.7549991607666,43186000,0.0,0.0,31.974665959676106,1380857924.1345723,yahoo
NFLX,2023-05-03,31.7549991607666,32.46200180053711,31.584999084472656,31.93000030517578,31.93000030517578,50641000,0.0,0.0,31.992333730061848,1620123772.424062,yahoo
NFLX,2023-05-04,31.900999069213867,32.361000061035156,31.795000076293945,32.077999114990234,32.077999114990234,38797000,0.0,0.0,32.07799975077311,1244530156.3307443,yahoo
NFLX,2023-05-05,32.361000061035156,32.415000915527344,31.944000244140625,32.2760009765625,32.2760009765625,39906000,0.0,0.0,32.21166737874349,1285438798.4161377,yahoo
NFLX,2023-05-08,32.29899978637695,33.25600051879883,32.202999114990234,33.12099838256836,33.12099838256836,54886000,0.0,0.0,32.859999338785805,1803553923.7085977,yahoo
NFLX,2023-05-09,33.06700134277344,33.63199996948242,32.9739990234375,33.2140007019043,33.2140007019043,55449000,0.0,0.0,33.27333323160807,1844973054.3594358,yahoo
NFLX,2023-05-10,33.520999908447266,33.71099853515625,32.95100021362305,33.54199981689453,33.54199981689453,42899000,0.0,0.0,33.40133285522461,1432883778.1562805,yahoo
NFLX,2023-05-11,33.49800109863281,34.547000885009766,33.183998107910156,34.47600173950195,34.47600173950195,80335000,0.0,0.0,34.069000244140625,2736933134.613037,yahoo
NFLX,2023-05-12,34.47600173950195,34.81700134277344,33.736000061035156,33.98899841308594,33.98899841308594,60824000,0.0,0.0,34.18066660563151,2079004865.620931,yahoo
NFLX,2023-05-15,34.0620002746582,34.189998626708984,33.55400085449219,33.5890007019043,33.5890007019043,36530000,0.0,0.0,33.77766672770182,1233898165.5629475,yahoo
NFLX,2023-05-16,33.400001525878906,33.516998291015625,33.191001892089844,33.375,33.375,33322000,0.0,0.0,33.361000061035156,1111655244.0338135,yahoo
NFLX,2023-05-17,33.17599868774414,34.13800048828125,32.96200180053711,33.99599838256836,33.99599838256836,39588000,0.0,0.0,33.69866689046224,1334062824.8596191,yahoo
NFLX,2023-05-18,34.724998474121094,37.58700180053711,34.637001037597656,37.12900161743164,37.12900161743164,209252000,0.0,0.0,36.451001485188804,7627444962.778728,yahoo
NFLX,2023-05-19,36.986000061035156,36.999000549316406,36.38100051879883,36.5359992980957,36.5359992980957,78597000,0.0,0.0,36.63866678873698,2879689293.5943604,yahoo
NFLX,2023-05-22,36.5359992980957,37.20100021362305,36.25,36.30099868774414,36.30099868774414,54064000,0.0,0.0,36.58399963378906,1977877356.2011719,yahoo
NFLX,2023-05-23,36.02399826049805,36.41699981689453,35.430999755859375,35.5989990234375,35.5989990234375,68661000,0.0,0.0,35.81566619873047,2459139456.8710327,yahoo
NFLX,2023-05-24,35.69300079345703,36.71500015258789,35.66299819946289,36.48500061035156,36.48500061035156,79733000,0.0,0.0,36.28766632080078,2893324498.7564087,yahoo
NFLX,2023-05-25,35.96099853515625,36.744998931884766,35.742000579833984,35.900001525878906,35.900001525878906,62631000,0.0,0.0,36.12900034586588,2262795420.6619263,yahoo
NFLX,2023-05-26,36.11000061035156,38.375999450683594,35.599998474121094,37.88800048828125,37.88800048828125,93604000,0.0,0.0,37.28799947102865,3490305902.4861655,yahoo
NFLX,2023-05-30,39.74800109863281,40.51100158691406,38.57899856567383,39.29800033569336,39.29800033569336,108650000,0.0,0.0,39.462666829427086,4287618751.017253,yahoo
NFLX,2023-05-31,39.18899917602539,39.625999450683594,38.89099884033203,39.52299880981445,39.52299880981445,69880000,0.0,0.0,39.346665700276695,2749544999.1353354,yahoo
NFLX,2023-06-01,39.74100112915039,40.75199890136719,39.30799865722656,40.3129997253418,40.3129997253418,71601000,0.0,0.0,40.124332427978516,2872942326.1756897,yahoo
NFLX,2023-06-02,40.28900146484375,40.65800094604492,39.59000015258789,40.047000885009766,40.047000885009766,59024000,0.0,0.0,40.098333994547524,2366764065.694173,yahoo
NFLX,2023-06-05,40.047000885009766,41.38600158691406,40.01499938964844,40.354000091552734,40.354000091552734,72474000,0.0,0.0,40.585000356038414,2941357315.803528,yahoo
NFLX,2023-06-06,40.5,40.512001037597656,39.69300079345703,39.92900085449219,39.92900085449219,49915000,0.0,0.0,40.04466756184896,1998829581.349691,yahoo
NFLX,2023-06-07,41.042999267578125,41.89500045776367,39.92300033569336,39.97700119018555,39.97700119018555,119324000,0.0,0.0,40.598333994547524,4844355605.565389,yahoo
NFLX,2023-06-08,39.97700119018555,40.95399856567383,39.63399887084961,40.9370002746582,40.9370002746582,59911000,0.0,0.0,40.50833257039388,2426894712.624868,yahoo
NFLX,2023-06-09,42.45000076293945,42.59000015258789,41.47600173950195,42.00199890136719,42.00199890136719,123630000,0.0,0.0,42.022666931152344,5195262312.698364,yahoo
NFLX,2023-06-12,41.882999420166016,42.470001220703125,41.65700149536133,42.39699935913086,42.39699935913086,59595000,0.0,0.0,42.17466735839844,2513399301.223755,yahoo
NFLX,2023-06-13,43.000999450683594,43.72700119018555,42.84000015258789,43.573001861572266,43.573001861572266,78205000,0.0,0.0,43.380001068115234,3392532983.531952,yahoo
NFLX,2023-06-14,43.499000549316406,44.733001708984375,43.349998474121094,44.08599853515625,44.08599853515625,84131000,0.0,0.0,44.05633290608724,3706503343.722026,yahoo
NFLX,2023-06-15,44.40999984741211,44.8650016784668,43.95000076293945,44.527000427246094,44.527000427246094,70999000,0.0,0.0,44.44733428955078,3155716287.223816,yahoo
NFLX,2023-06-16,44.6150016784668,44.750999450683594,43.09000015258789,43.19599914550781,43.19599914550781,87537000,0.0,0.0,43.67899958292643,3823528586.490631,yahoo
NFLX,2023-06-20,43.018001556396484,44.0,43.0,43.470001220703125,43.470001220703125,47560000,0.0,0.0,43.49000040690104,2068384419.3522134,yahoo
NFLX,2023-06-21,43.26499938964844,43.45500183105469,42.25400161743164,42.44499969482422,42.44499969482422,51464000,0.0,0.0,42.71800104777018,2198439205.9224443,yahoo
NFLX,2023-06-22,42.292999267578125,42.47100067138672,41.86800003051758,42.24800109863281,42.24800109863281,48695000,0.0,0.0,42.1956672668457,2054718017.5590515,yahoo
NFLX,2023-06-23,41.85900115966797,42.582000732421875,41.77299880981445,42.402000427246094,42.402000427246094,82986000,0.0,0.0,42.252333323160805,3506352133.1558228,yahoo
NFLX,2023-06-26,42.24399948120117,43.09600067138672,41.4900016784668,41.59400177001953,41.59400177001953,46400000,0.0,0.0,42.060001373291016,1951584063.7207031,yahoo
NFLX,2023-06-27,41.73899841308594,42.0880012512207,41.150001525878906,41.70800018310547,41.70800018310547,48181000,0.0,0.0,41.648667653401695,2006674456.208547,yahoo
NFLX,2023-06-28,42.310001373291016,43.729000091552734,42.28900146484375,42.98400115966797,42.98400115966797,88113000,0.0,0.0,43.000667572021484,3788917821.773529,yahoo
NFLX,2023-06-29,43.43299865722656,43.78499984741211,42.6150016784668,42.82400131225586,42.82400131225586,49323000,0.0,0.0,43.074667612711586,2124571830.6617737,yahoo
NFLX,2023-06-30,43.11000061035156,44.4119987487793,43.11000061035156,44.04899978637695,44.04899978637695,73464000,0.0,0.0,43.85699971516927,3221910627.0751953,yahoo
NFLX,2023-07-03,43.97600173950195,44.154998779296875,43.1619987487793,44.14400100708008,44.14400100708008,37332000,0.0,0.0,43.820332845052086,1635900665.7714844,yahoo
NFLX,2023-07-05,44.49100112915039,45.09700012207031,43.96200180053711,44.59000015258789,44.59000015258789,68695000,0.0,0.0,44.54966735839844,3060339399.1851807,yahoo
NFLX,2023-07-06,44.0,44.279998779296875,43.071998596191406,43.88399887084961,43.88399887084961,49388000,0.0,0.0,43.74533208211263,2160494460.871379,yahoo
NFLX,2023-07-07,43.86000061035156,44.233001708984375,43.58399963378906,43.810001373291016,43.810001373291016,41651000,0.0,0.0,43.875667572021484,1827465430.0422668,yahoo
NFLX,2023-07-10,43.85200119018555,44.441001892089844,43.68199920654297,44.17100143432617,44.17100143432617,42517000,0.0,0.0,44.098000844319664,1874914701.8979392,yahoo
NFLX,2023-07-11,43.8650016784668,44.08000183105469,43.104000091552734,44.020999908447266,44.020999908447266,45692000,0.0,0.0,43.73500061035156,1998339647.8881836,yahoo
NFLX,2023-07-12,44.45500183105469,44.54100036621094,43.775001525878906,44.404998779296875,44.404998779296875,57317000,0.0,0.0,44.240333557128906,2535723198.4939575,yahoo
NFLX,2023-07-13,44.70000076293945,45.16699981689453,44.11800003051758,45.03799819946289,45.03799819946289,61575000,0.0,0.0,44.774332682291664,2756979534.9121094,yahoo
NFLX,2023-07-14,45.27899932861328,45.64799880981445,43.970001220703125,44.191001892089844,44.191001892089844,71959000,0.0,0.0,44.60300064086914,3209587323.1163025,yahoo
NFLX,2023-07-17,44.55699920654297,45.667999267578125,44.51100158691406,45.005001068115234,45.005001068115234,68917000,0.0,0.0,45.061333974202476,3105491953.500112,yahoo
NFLX,2023-07-18,45.099998474121094,47.814998626708984,44.87799835205078,47.47999954223633,47.47999954223633,130418000,0.0,0.0,46.72433217366537,6093693953.42509,yahoo
NFLX,2023-07-19,47.68600082397461,48.5,47.0,47.75899887084961,47.75899887084961,209965000,0.0,0.0,47.75299962361654,10026458565.972647,yahoo
NFLX,2023-07-20,44.70000076293945,44.849998474121094,43.20000076293945,43.742000579833984,43.742000579833984,239897000,0.0,0.0,43.93066660563151,10538835126.691181,yahoo
NFLX,2023-07-21,43.73699951171875,43.82400131225586,42.319000244140625,42.75,42.75,173400000,0.0,0.0,42.964333852132164,7450015489.959717,yahoo
NFLX,2023-07-24,42.5,42.86399841308594,41.91899871826172,42.83700180053711,42.83700180053711,82644000,0.0,0.0,42.539999643961586,3515675730.5755615,yahoo
NFLX,2023-07-25,42.71799850463867,43.0880012512207,42.612998962402344,42.77000045776367,42.77000045776367,48598000,0.0,0.0,42.82366689046224,2081144563.542684,yahoo
NFLX,2023-07-26,42.41999816894531,42.5260009765625,41.558998107910156,42.266998291015625,42.266998291015625,60092000,0.0,0.0,42.117332458496094,2530914742.0959473,yahoo
NFLX,2023-07-27,42.689998626708984,42.75199890136719,41.1879997253418,41.31700134277344,41.31700134277344,65945000,0.0,0.0,41.752333323160805,2753357620.995839,yahoo
NFLX,2023-07-28,41.555999755859375,42.74700164794922,41.375999450683594,42.577999114990234,42.577999114990234,64242000,0.0,0.0,42.23366673787435,2713175218.574524,yahoo
NFLX,2023-07-31,42.6510009765625,43.91299819946289,42.630001068115234,43.89699935913086,43.89699935913086,65876000,0.0,0.0,43.47999954223633,2864288449.8443604,yahoo
NFLX,2023-08-01,43.73699951171875,44.525001525878906,43.13999938964844,43.86199951171875,43.86199951171875,57115000,0.0,0.0,43.842333475748696,2504054876.4673867,yahoo
NFLX,2023-08-02,43.52299880981445,43.555999755859375,42.65599822998047,42.970001220703125,42.970001220703125,49122000,0.0,0.0,43.06066640218099,2115226055.0079346,yahoo
NFLX,2023-08-03,42.779998779296875,44.19300079345703,42.71900177001953,43.099998474121094,43.099998474121094,62439000,0.0,0.0,43.33733367919922,2705939777.59552,yahoo
NFLX,2023-08-04,43.305999755859375,43.650001525878906,42.62699890136719,43.15999984741211,43.15999984741211,54418000,0.0,0.0,43.1456667582194,2347900893.648783,yahoo
NFLX,2023-08-07,43.645999908447266,44.111000061035156,42.89099884033203,44.07600021362305,44.07600021362305,47813000,0.0,0.0,43.692666371663414,2089077457.2283428,yahoo
NFLX,2023-08-08,44.0359992980957,44.356998443603516,43.5099983215332,43.83000183105469,43.83000183105469,37672000,0.0,0.0,43.898999532063804,1653763110.3719077,yahoo
NFLX,2023-08-09,43.9739990234375,44.0620002746582,42.75899887084961,42.88999938964844,42.88999938964844,38466000,0.0,0.0,43.23699951171875,1663154423.2177734,yahoo
NFLX,2023-08-10,43.11199951171875,43.8120002746582,42.86899948120117,42.99800109863281,42.99800109863281,54676000,0.0,0.0,43.22633361816406,2363443016.9067383,yahoo
NFLX,2023-08-11,42.89799880981445,43.0629997253418,42.132999420166016,42.16600036621094,42.16600036621094,39279000,0.0,0.0,42.453999837239586,1667550659.6069336,yahoo
NFLX,2023-08-14,42.19900131225586,42.8849983215332,41.87799835205078,42.77799987792969,42.77799987792969,39660000,0.0,0.0,42.513665517171226,1686091974.4110107,yahoo
NFLX,2023-08-15,42.441001892089844,42.9119987487793,42.104000091552734,42.369998931884766,42.369998931884766,33680000,0.0,0.0,42.4619992574056,1430120134.9894207,yahoo
NFLX,2023-08-16,42.37300109863281,42.45100021362305,41.525001525878906,41.54499816894531,41.54499816894531,39670000,0.0,0.0,41.84033330281576,1659806022.1227012,yahoo
NFLX,2023-08-17,41.5,41.52399826049805,40.15800094604492,40.29999923706055,40.29999923706055,60315000,0.0,0.0,40.660666147867836,2452448078.7086487,yahoo
NFLX,2023-08-18,39.93299865722656,40.652000427246094,39.814998626708984,40.452999114990234,40.452999114990234,43122000,0.0,0.0,40.3066660563151,1738104053.68042,yahoo
NFLX,2023-08-21,40.222999572753906,40.96099853515625,39.95000076293945,40.82899856567383,40.82899856567383,38616000,0.0,0.0,40.57999928792318,1567037252.5024414,yahoo
NFLX,2023-08-22,40.900001525878906,41.57400131225586,40.7400016784668,41.31700134277344,41.31700134277344,35997000,0.0,0.0,41.21033477783203,1483448420.9976196,yahoo
NFLX,2023-08-23,41.84000015258789,43.70199966430664,41.770999908447266,42.755001068115234,42.755001068115234,81747000,0.0,0.0,42.74266688028971,3494084789.463043,yahoo
NFLX,2023-08-24,42.54100036621094,42.75899887084961,40.617000579833984,40.69300079345703,40.69300079345703,56878000,0.0,0.0,41.35633341471354,2352265531.9620767,yahoo
NFLX,2023-08-25,41.20000076293945,41.92499923706055,40.75600051879883,41.60300064086914,41.60300064086914,53909000,0.0,0.0,41.428000132242836,2233342059.129079,yahoo
NFLX,2023-08-28,41.80400085449219,41.983001708984375,41.32699966430664,41.805999755859375,41.805999755859375,29286000,0.0,0.0,41.7053337097168,1221382403.022766,yahoo
NFLX,2023-08-29,41.599998474121094,43.21699905395508,41.45000076293945,42.999000549316406,42.999000549316406,44867000,0.0,0.0,42.55533345540365,1909330146.1435955,yahoo
NFLX,2023-08-30,43.084999084472656,43.816001892089844,42.834999084472656,43.46699905395508,43.46699905395508,36254000,0.0,0.0,43.372666676839195,1572432657.7021282,yahoo
NFLX,2023-08-31,43.12300109863281,43.71500015258789,43.12300109863281,43.36800003051758,43.36800003051758,38030000,0.0,0.0,43.402000427246094,1650578076.248169,yahoo
NFLX,2023-09-01,43.77299880981445,44.54999923706055,43.59299850463867,43.987998962402344,43.987998962402344,47934000,0.0,0.0,44.04366556803385,2111189065.3381348,yahoo
NFLX,2023-09-05,43.8390007019043,45.345001220703125,43.79999923706055,44.86800003051758,44.86800003051758,61559000,0.0,0.0,44.671000162760414,2749902099.019368,yahoo
NFLX,2023-09-06,44.861000061035156,45.138999938964844,44.04899978637695,44.57600021362305,44.57600021362305,38623000,0.0,0.0,44.587999979654946,1722122323.214213,yahoo
NFLX,2023-09-07,44.1150016784668,44.459999084472656,43.66999816894531,44.31399917602539,44.31399917602539,29227000,0.0,0.0,44.14799880981445,1290313561.214447,yahoo
NFLX,2023-09-08,44.35599899291992,44.680999755859375,43.8849983215332,44.279998779296875,44.279998779296875,26975000,0.0,0.0,44.28199895222982,1194506921.7363994,yahoo
NFLX,2023-09-11,44.30699920654297,44.98899841308594,44.275001525878906,44.5359992980957,44.5359992980957,29138000,0.0,0.0,44.59999974568685,1299554792.5898235,yahoo
NFLX,2023-09-12,44.28499984741211,44.54399871826172,43.4119987487793,43.46900177001953,43.46900177001953,31240000,0.0,0.0,43.80833307902018,1368572325.3885903,yahoo
NFLX,2023-09-13,43.54999923706055,43.84000015258789,41.069000244140625,41.2239990234375,41.2239990234375,118430000,0.0,0.0,42.044333140055336,4979310373.776753,yahoo
NFLX,2023-09-14,41.040000915527344,41.138999938964844,40.0,40.04899978637695,40.04899978637695,107090000,0.0,0.0,40.395999908447266,4326007630.195618,yahoo
NFLX,2023-09-15,40.099998474121094,40.470001220703125,39.50299835205078,39.694000244140625,39.694000244140625,91167000,0.0,0.0,39.888999938964844,3636560457.435608,yahoo
NFLX,2023-09-18,39.54999923706055,39.946998596191406,39.2599983215332,39.439998626708984,39.439998626708984,47047000,0.0,0.0,39.548998514811196,1860661733.1263223,yahoo
NFLX,2023-09-19,39.284000396728516,39.823001861572266,39.025001525878906,39.619998931884766,39.619998931884766,40768000,0.0,0.0,39.48933410644531,1609901172.8515625,yahoo
NFLX,2023-09-20,39.70500183105469,39.79899978637695,38.61199951171875,38.630001068115234,38.630001068115234,38666000,0.0,0.0,39.01366678873698,1508502440.053304,yahoo
NFLX,2023-09-21,38.650001525878906,39.59000015258789,38.34199905395508,38.415000915527344,38.415000915527344,55479000,0.0,0.0,38.78233337402344,2151605073.2574463,yahoo
NFLX,2023-09-22,38.5,38.6879997253418,37.83599853515625,37.98099899291992,37.98099899291992,36928000,0.0,0.0,38.16833241780599,1409480179.5247397,yahoo
NFLX,2023-09-25,38.290000915527344,38.6619987487793,38.08100128173828,38.47999954223633,38.47999954223633,37573000,0.0,0.0,38.407666524251304,1443091254.3156943,yahoo
NFLX,2023-09-26,38.28799819946289,38.45600128173828,37.736000061035156,37.92499923706055,37.92499923706055,40894000,0.0,0.0,38.03900019327799,1555566873.9039102,yahoo
NFLX,2023-09-27,38.2400016784668,38.422000885009766,37.625,37.75899887084961,37.75899887084961,38435000,0.0,0.0,37.935333251953125,1458044533.5388184,yahoo
NFLX,2023-09-28,37.560001373291016,37.895999908447266,37.11000061035156,37.63600158691406,37.63600158691406,43699000,0.0,0.0,37.54733403523763,1640780950.0058494,yahoo
NFLX,2023-09-29,38.0,38.257999420166016,37.53499984741211,37.7599983215332,37.7599983215332,42053000,0.0,0.0,37.850999196370445,1591748069.2049663,yahoo
NFLX,2023-10-02,37.74800109863281,38.48099899291992,37.68000030517578,38.03300094604492,38.03300094604492,31021000,0.0,0.0,38.064666748046875,1180804027.191162,yahoo
NFLX,2023-10-03,37.71099853515625,39.4900016784668,37.28499984741211,37.67499923706055,37.67499923706055,88781000,0.0,0.0,38.15000025431315,3386995172.5781755,yahoo
NFLX,2023-10-04,37.650001525878906,38.02199935913086,37.358001708984375,37.689998626708984,37.689998626708984,43037000,0.0,0.0,37.68999989827474,1622064525.62205,yahoo
NFLX,2023-10-05,37.80099868774414,37.86000061035156,36.7239990234375,37.25899887084961,37.25899887084961,50348000,0.0,0.0,37.280999501546226,1877023762.9038494,yahoo
NFLX,2023-10-06,36.84299850463867,38.25199890136719,36.777000427246094,38.1510009765625,38.1510009765625,47781000,0.0,0.0,37.72666676839193,1802617864.8605347,yahoo
NFLX,2023-10-09,37.80500030517578,38.71699905395508,37.7760009765625,38.595001220703125,38.595001220703125,32998000,0.0,0.0,38.362667083740234,1265891288.4292603,yahoo
NFLX,2023-10-10,38.55799865722656,38.869998931884766,37.224998474121094,37.332000732421875,37.332000732421875,72889000,0.0,0.0,37.808999379475914,2755860155.77062,yahoo
NFLX,2023-10-11,37.27799987792969,37.78099822998047,36.534000396728516,36.59299850463867,36.59299850463867,91514000,0.0,0.0,36.96933237711588,3383211483.159383,yahoo
NFLX,2023-10-12,36.64799880981445,36.882999420166016,35.904998779296875,36.119998931884766,36.119998931884766,73761000,0.0,0.0,36.30266571044922,2677720925.468445,yahoo
NFLX,2023-10-13,35.56399917602539,35.893001556396484,35.20500183105469,35.56800079345703,35.56800079345703,63126000,0.0,0.0,35.5553347269694,2244466059.9746704,yahoo
NFLX,2023-10-16,35.62099838256836,36.30799865722656,35.47700119018555,36.082000732421875,36.082000732421875,51289000,0.0,0.0,35.955666859944664,1844130197.579702,yahoo
NFLX,2023-10-17,36.11000061035156,36.27000045776367,35.388999938964844,35.571998596191406,35.571998596191406,59084000,0.0,0.0,35.743666330973305,2111878781.4992268,yahoo
NFLX,2023-10-18,35.099998474121094,35.479000091552734,34.472999572753906,34.61899948120117,34.61899948120117,114296000,0.0,0.0,34.85699971516927,3984015639.4449873,yahoo
NFLX,2023-10-19,40.4739990234375,40.89500045776367,39.22600173950195,40.176998138427734,40.176998138427734,280744000,0.0,0.0,40.09933344523112,11257647268.747965,yahoo
NFLX,2023-10-20,40.5629997253418,41.06399917602539,39.80099868774414,40.09600067138672,40.09600067138672,127829000,0.0,0.0,40.320332845052086,5154107827.250163,yahoo
NFLX,2023-10-23,40.332000732421875,40.75400161743164,39.85200119018555,40.683998107910156,40.683998107910156,73900000,0.0,0.0,40.43000030517578,2987777022.55249,yahoo
NFLX,2023-10-24,40.96799850463867,41.66899871826172,40.8390007019043,41.37300109863281,41.37300109863281,64592000,0.0,0.0,41.29366683959961,2667240528.503418,yahoo
NFLX,2023-10-25,41.60200119018555,41.88399887084961,41.01100158691406,41.125,41.125,62996000,0.0,0.0,41.34000015258789,2604254649.6124268,yahoo
NFLX,2023-10-26,41.141998291015625,41.73099899291992,40.15399932861328,40.354000091552734,40.354000091552734,68497000,0.0,0.0,40.74633280436198,2791001558.1003823,yahoo
NFLX,2023-10-27,40.641998291015625,41.020999908447266,39.5620002746582,39.7869987487793,39.7869987487793,49976000,0.0,0.0,40.12333297729492,2005203688.873291,yahoo
NFLX,2023-10-30,40.23500061035156,41.28200149536133,39.941001892089844,41.007999420166016,41.007999420166016,53171000,0.0,0.0,40.74366760253906,2166381550.0946045,yahoo
NFLX,2023-10-31,40.92399978637695,41.25199890136719,40.4630012512207,41.16899871826172,41.16899871826172,38776000,0.0,0.0,40.96133295694987,1588316646.738688,yahoo
NFLX,2023-11-01,41.47700119018555,42.060001373291016,41.417999267578125,42.01900100708008,42.01900100708008,48061000,0.0,0.0,41.83233388264974,2010503798.7340293,yahoo
NFLX,2023-11-02,42.117000579833984,42.66899871826172,41.709999084472656,42.47100067138672,42.47100067138672,44760000,0.0,0.0,42.28333282470703,1892601977.2338867,yahoo
NFLX,2023-11-03,42.875999450683594,43.481998443603516,42.553001403808594,43.236000061035156,43.236000061035156,36671000,0.0,0.0,43.09033330281576,1580165612.5475566,yahoo
NFLX,2023-11-06,43.4379997253418,43.50299835205078,42.96099853515625,43.4739990234375,43.4739990234375,30032000,0.0,0.0,43.31266530354818,1300765964.396159,yahoo
NFLX,2023-11-07,43.61800003051758,43.763999938964844,43.099998474121094,43.46099853515625,43.46099853515625,32911000,0.0,0.0,43.44166564941406,1429708658.1878662,yahoo
NFLX,2023-11-08,43.5,43.80699920654297,43.36800003051758,43.665000915527344,43.665000915527344,23568000,0.0,0.0,43.61333338419596,1027879041.1987305,yahoo
NFLX,2023-11-09,43.803001403808594,44.03799819946289,43.435001373291016,43.51499938964844,43.51499938964844,27355000,0.0,0.0,43.66266632080078,1194392237.2055054,yahoo
NFLX,2023-11-10,43.74800109863281,44.74800109863281,43.55099868774414,44.7239990234375,44.7239990234375,44406000,0.0,0.0,44.340999603271484,1969006428.3828735,yahoo
NFLX,2023-11-13,44.724998474121094,44.84299850463867,44.2599983215332,44.46200180053711,44.46200180053711,28961000,0.0,0.0,44.52166620890299,1289391975.0760396,yahoo
NFLX,2023-11-14,44.87799835205078,45.40800094604492,44.56399917602539,44.8650016784668,44.8650016784668,40609000,0.0,0.0,44.9456672668457,1825198602.0393372,yahoo
NFLX,2023-11-15,45.28099822998047,46.275001525878906,45.244998931884766,46.194000244140625,46.194000244140625,50353000,0.0,0.0,45.904666900634766,2311437692.4476624,yahoo
NFLX,2023-11-16,46.29999923706055,46.72800064086914,45.96500015258789,46.69499969482422,46.69499969482422,36560000,0.0,0.0,46.462666829427086,1698675099.2838542,yahoo
NFLX,2023-11-17,46.69499969482422,46.76499938964844,46.2760009765625,46.590999603271484,46.590999603271484,27985000,0.0,0.0,46.543999989827476,1302533839.715322,yahoo
NFLX,2023-11-20,46.540000915527344,47.67599868774414,46.540000915527344,47.446998596191406,47.446998596191406,36176000,0.0,0.0,47.22099939982096,1708266874.287923,yahoo
NFLX,2023-11-21,47.26300048828125,47.70199966430664,47.12099838256836,47.494998931884766,47.494998931884766,29977000,0.0,0.0,47.43933232625326,1422088865.144094,yahoo
NFLX,2023-11-22,47.68000030517578,48.27000045776367,47.65599822998047,47.79999923706055,47.79999923706055,28416000,0.0,0.0,47.9086659749349,1361372652.34375,yahoo
NFLX,2023-11-24,47.71099853515625,48.040000915527344,47.52000045776367,47.95600128173828,47.95600128173828,14047000,0.0,0.0,47.83866755167643,671989763.0983988,yahoo
NFLX,2023-11-27,47.90299987792969,48.20000076293945,47.53499984741211,47.91699981689453,47.91699981689453,36259000,0.0,0.0,47.88400014241537,1736225961.1638389,yahoo
NFLX,2023-11-28,47.81100082397461,48.04999923706055,47.595001220703125,47.900001525878906,47.900001525878906,28902000,0.0,0.0,47.848333994547524,1382912549.1104126,yahoo
NFLX,2023-11-29,47.900001525878906,48.0989990234375,47.44900131225586,47.71900177001953,47.71900177001953,28555000,0.0,0.0,47.75566736857096,1363663081.7095437,yahoo
NFLX,2023-11-30,47.53099822998047,47.85900115966797,47.04199981689453,47.39699935913086,47.39699935913086,42873000,0.0,0.0,47.43266677856445,2033580722.7973938,yahoo
NFLX,2023-12-01,47.31700134277344,47.52299880981445,46.459999084472656,46.57400131225586,46.57400131225586,43415000,0.0,0.0,46.852333068847656,2034094040.184021,yahoo
NFLX,2023-12-04,46.0989990234375,46.119998931884766,45.119998931884766,45.38999938964844,45.38999938964844,51577000,0.0,0.0,45.54333241780599,2348988456.1131797,yahoo
NFLX,2023-12-05,45.06999969482422,45.638999938964844,44.95800018310547,45.51499938964844,45.51499938964844,33807000,0.0,0.0,45.37066650390625,1533846122.4975586,yahoo
NFLX,2023-12-06,46.0,46.04999923706055,44.573001861572266,44.67300033569336,44.67300033569336,41788000,0.0,0.0,45.09866714477539,1884583102.645874,yahoo
NFLX,2023-12-07,45.084999084472656,45.28900146484375,44.832000732421875,45.20000076293945,45.20000076293945,35067000,0.0,0.0,45.107000986735024,1581767203.6018372,yahoo
NFLX,2023-12-08,45.07600021362305,45.54999923706055,45.07600021362305,45.375999450683594,45.375999450683594,34584000,0.0,0.0,45.33399963378906,1567831043.334961,yahoo
NFLX,2023-12-11,45.93600082397461,47.064998626708984,45.72100067138672,45.98899841308594,45.98899841308594,49297000,0.0,0.0,46.25833257039388,2280397020.7227073,yahoo
NFLX,2023-12-12,46.52299880981445,46.56100082397461,45.91999816894531,46.29999923706055,46.29999923706055,33027000,0.0,0.0,46.26033274332682,1527840009.513855,yahoo
NFLX,2023-12-13,46.198001861572266,48.125,46.198001861572266,47.99800109863281,47.99800109863281,58202000,0.0,0.0,47.44033432006836,2761122338.0966187,yahoo
NFLX,2023-12-14,48.0359992980957,48.07600021362305,46.47600173950195,46.983001708984375,46.983001708984375,51764000,0.0,0.0,47.17833455403646,2442139309.8551435,yahoo
NFLX,2023-12-15,46.72999954223633,47.29999923706055,46.72999954223633,47.20600128173828,47.20600128173828,78410000,0.0,0.0,47.07866668701172,3691438254.928589,yahoo
NFLX,2023-12-18,47.630001068115234,49.20399856567383,47.5099983215332,48.61199951171875,48.61199951171875,64107000,0.0,0.0,48.44199879964193,3105471217.048645,yahoo
NFLX,2023-12-19,48.84000015258789,49.61399841308594,48.40599822998047,49.50199890136719,49.50199890136719,38490000,0.0,0.0,49.173998514811196,1892707202.835083,yahoo
NFLX,2023-12-20,49.20000076293945,50.0890007019043,48.8390007019043,48.926998138427734,48.926998138427734,45637000,0.0,0.0,49.28499984741211,2249219538.0363464,yahoo
NFLX,2023-12-21,49.26599884033203,49.439998626708984,48.676998138427734,49.1609992980957,49.1609992980957,27562000,0.0,0.0,49.092665354410805,1353092042.4982705,yahoo
NFLX,2023-12-22,49.400001525878906,49.60200119018555,48.54499816894531,48.67599868774414,48.67599868774414,27027000,0.0,0.0,48.940999348958336,1322728389.4042969,yahoo
NFLX,2023-12-26,48.93899917602539,49.14799880981445,48.63800048828125,49.11899948120117,49.11899948120117,20345000,0.0,0.0,48.96833292643229,996260733.3882649,yahoo
NFLX,2023-12-27,49.124000549316406,49.402000427246094,48.92499923706055,49.17900085449219,49.17900085449219,25613000,0.0,0.0,49.16866683959961,1259357063.7626648,yahoo
NFLX,2023-12-28,49.20000076293945,49.28900146484375,48.90700149536133,49.05099868774414,49.05099868774414,17105000,0.0,0.0,49.08233388264974,839553321.0627239,yahoo
NFLX,2023-12-29,49.0369987487793,49.222999572753906,48.194000244140625,48.6879997253418,48.6879997253418,27406000,0.0,0.0,48.701666514078774,1334717872.4848428,yahoo
NFLX,2024-01-02,48.319000244140625,48.46500015258789,46.18600082397461,46.849998474121094,46.849998474121094,50494000,0.0,0.0,47.16699981689453,2381650488.7542725,yahoo
NFLX,2024-01-03,46.731998443603516,47.505001068115234,46.57699966430664,47.0260009765625,47.0260009765625,34437000,0.0,0.0,47.03600056966146,1619778751.6174316,yahoo
NFLX,2024-01-04,47.29800033569336,48.07400131225586,46.65299987792969,47.46699905395508,47.46699905395508,36365000,0.0,0.0,47.39800008138021,1723628272.9593914,yahoo
NFLX,2024-01-05,47.650001525878906,47.95500183105469,47.18000030517578,47.40599822998047,47.40599822998047,26313000,0.0,0.0,47.51366678873698,1250227114.2120361,yahoo
NFLX,2024-01-08,47.388999938964844,48.52399826049805,47.3650016784668,48.50299835205078,48.50299835205078,36758000,0.0,0.0,48.13066609700521,1769187024.3937175,yahoo
NFLX,2024-01-09,47.553001403808594,48.50899887084961,47.380001068115234,48.20899963378906,48.20899963378906,35268000,0.0,0.0,48.032666524251304,1694016082.977295,yahoo
NFLX,2024-01-10,48.15999984741211,48.70000076293945,47.29499816894531,47.83300018310547,47.83300018310547,43424000,0.0,0.0,47.942666371663414,2081862344.523112,yahoo
NFLX,2024-01-11,49.25400161743164,50.340999603271484,48.38199996948242,49.222999572753906,49.222999572753906,79933000,0.0,0.0,49.3153330485026,3941922516.5659585,yahoo
NFLX,2024-01-12,50.05099868774414,50.07899856567383,49.06100082397461,49.215999603271484,49.215999603271484,50037000,0.0,0.0,49.45199966430664,2474429707.2029114,yahoo
NFLX,2024-01-16,49.0,49.415000915527344,47.801998138427734,48.124000549316406,48.124000549316406,46790000,0.0,0.0,48.446999867757164,2266835123.812358,yahoo
NFLX,2024-01-17,48.45000076293945,48.62099838256836,47.5260009765625,48.03300094604492,48.03300094604492,48946000,0.0,0.0,48.06000010172526,2352344764.9790444,yahoo
NFLX,2024-01-18,48.00299835205078,48.57699966430664,47.801998138427734,48.53099822998047,48.53099822998047,40544000,0.0,0.0,48.303332010904946,1958410293.0501301,yahoo
NFLX,2024-01-19,48.49800109863281,48.56700134277344,47.60599899291992,48.29499816894531,48.29499816894531,56724000,0.0,0.0,48.155999501546226,2731600915.725708,yahoo
NFLX,2024-01-22,48.755001068115234,48.97999954223633,47.9900016784668,48.57099914550781,48.57099914550781,52123000,0.0,0.0,48.51366678873698,2528677854.0293374,yahoo
NFLX,2024-01-23,49.20000076293945,49.895999908447266,48.13999938964844,49.21900177001953,49.21900177001953,155060000,0.0,0.0,49.085000356038414,7611120155.207316,yahoo
NFLX,2024-01-24,53.775001525878906,56.25,53.707000732421875,54.48699951171875,54.48699951171875,264328000,0.0,0.0,54.814666748046875,14489051232.177734,yahoo
NFLX,2024-01-25,55.19499969482422,56.34600067138672,54.84600067138672,56.20000076293945,56.20000076293945,94519000,0.0,0.0,55.79733403523763,5273908215.676626,yahoo
NFLX,2024-01-26,56.180999755859375,57.9640007019043,55.84299850463867,57.04199981689453,57.04199981689453,127706000,0.0,0.0,56.949666341145836,7272814089.76237,yahoo
NFLX,2024-01-29,57.1349983215332,57.85499954223633,56.268001556396484,57.57899856567383,57.57899856567383,69054000,0.0,0.0,57.23399988810221,3952236628.2730103,yahoo
NFLX,2024-01-30,56.731998443603516,57.0880012512207,56.082000732421875,56.28499984741211,56.28499984741211,61818000,0.0,0.0,56.48500061035156,3491789767.730713,yahoo
NFLX,2024-01-31,56.28499984741211,57.21500015258789,56.20399856567383,56.4109992980957,56.4109992980957,48576000,0.0,0.0,56.609999338785805,2749887327.8808594,yahoo
NFLX,2024-02-01,56.70199966430664,57.26599884033203,56.382999420166016,56.750999450683594,56.750999450683594,31740000,0.0,0.0,56.79999923706055,1802831975.7843018,yahoo
NFLX,2024-02-02,56.45199966430664,56.779998779296875,56.23699951171875,56.4640007019043,56.4640007019043,40328000,0.0,0.0,56.493666330973305,2278276575.795491,yahoo
NFLX,2024-02-05,56.24700164794922,57.57500076293945,55.720001220703125,56.20600128173828,56.20600128173828,41431000,0.0,0.0,56.50033442179362,2340865355.4293313,yahoo
NFLX,2024-02-06,56.4119987487793,56.63399887084961,55.4370002746582,55.5880012512207,55.5880012512207,28403000,0.0,0.0,55.88633346557617,1587339529.42276,yahoo
NFLX,2024-02-07,55.816001892089844,56.779998779296875,55.49800109863281,55.93000030517578,55.93000030517578,43736000,0.0,0.0,56.06933339436849,2452248365.3361006,yahoo
NFLX,2024-02-08,56.05500030517578,56.369998931884766,55.57400131225586,55.85300064086914,55.85300064086914,31755000,0.0,0.0,55.932333628336586,1776131254.3678284,yahoo
NFLX,2024-02-09,56.5,56.599998474121094,55.810001373291016,56.13199996948242,56.13199996948242,30557000,0.0,0.0,56.18066660563151,1716712629.468282,yahoo
NFLX,2024-02-12,56.0359992980957,56.84400177001953,55.70000076293945,55.78499984741211,55.78499984741211,36085000,0.0,0.0,56.109667460123696,2024717350.2985635,yahoo
NFLX,2024-02-13,55.08000183105469,55.91999816894531,54.900001525878906,55.45199966430664,55.45199966430664,35115000,0.0,0.0,55.42399978637695,1946213752.4986267,yahoo
NFLX,2024-02-14,56.72600173950195,58.125,56.433998107910156,57.93299865722656,57.93299865722656,56342000,0.0,0.0,57.49733225504557,3239514693.9137774,yahoo
NFLX,2024-02-15,58.191001892089844,59.37699890136719,58.03200149536133,59.34600067138672,59.34600067138672,52209000,0.0,0.0,58.91833368937174,3076067283.5884094,yahoo
NFLX,2024-02-16,59.69499969482422,59.70000076293945,57.74599838256836,58.39500045776367,58.39500045776367,43257000,0.0,0.0,58.61366653442383,2535451373.2795715,yahoo
NFLX,2024-02-20,58.018001556396484,58.599998474121094,56.965999603271484,57.51300048828125,57.51300048828125,31242000,0.0,0.0,57.692999521891274,1802444691.0629272,yahoo
NFLX,2024-02-21,57.35100173950195,57.577999114990234,56.731998443603516,57.334999084472656,57.334999084472656,22706000,0.0,0.0,57.21499888102213,1299123764.5924885,yahoo
NFLX,2024-02-22,58.275001525878906,59.084999084472656,57.888999938964844,58.84700012207031,58.84700012207031,35266000,0.0,0.0,58.60699971516927,2066834451.9551597,yahoo
NFLX,2024-02-23,58.63999938964844,59.24300003051758,57.981998443603516,58.35599899291992,58.35599899291992,25689000,0.0,0.0,58.526999155680336,1503500081.3102722,yahoo
NFLX,2024-02-26,58.35599899291992,59.07500076293945,58.32699966430664,58.76499938964844,58.76499938964844,23937000,0.0,0.0,58.72233327229818,1405636491.5390015,yahoo
NFLX,2024-02-27,59.5,60.5359992980957,59.233001708984375,60.16699981689453,60.16699981689453,44894000,0.0,0.0,59.97866694132487,2692682273.6638384,yahoo
NFLX,2024-02-28,59.57899856567383,59.81700134277344,59.000999450683594,59.64799880981445,59.64799880981445,26052000,0.0,0.0,59.48866653442383,1549798740.5548096,yahoo
NFLX,2024-02-29,60.42499923706055,60.45199966430664,59.51599884033203,60.29199981689453,60.29199981689453,35721000,0.0,0.0,60.086666107177734,2146355800.0144958,yahoo
NFLX,2024-03-01,59.98099899291992,62.02799987792969,59.95000076293945,61.933998107910156,61.933998107910156,42703000,0.0,0.0,61.30399958292643,2617864694.1897073,yahoo
NFLX,2024-03-04,62.15599822998047,62.44200134277344,61.507999420166016,61.58300018310547,61.58300018310547,30203000,0.0,0.0,61.84433364868164,1867884409.1911316,yahoo
NFLX,2024-03-05,61.0099983215332,61.090999603271484,59.20000076293945,59.849998474121094,59.849998474121094,38496000,0.0,0.0,60.04699961344401,2311569297.1191406,yahoo
NFLX,2024-03-06,60.29899978637695,60.792999267578125,59.35599899291992,59.76900100708008,59.76900100708008,24696000,0.0,0.0,59.97266642252604,1481084969.9707031,yahoo
NFLX,2024-03-07,59.933998107910156,61.053001403808594,59.59000015258789,60.85100173950195,60.85100173950195,27428000,0.0,0.0,60.49800109863281,1659339174.1333008,yahoo
NFLX,2024-03-08,60.82699966430664,61.60900115966797,60.08399963378906,60.481998443603516,60.481998443603516,27772000,0.0,0.0,60.72499974568685,1686454692.9372153,yahoo
NFLX,2024-03-11,60.80799865722656,61.099998474121094,60.0369987487793,60.09299850463867,60.09299850463867,25009000,0.0,0.0,60.40999857584635,1510793654.3833413,yahoo
NFLX,2024-03-12,60.020999908447266,61.529998779296875,59.62699890136719,61.108001708984375,61.108001708984375,28216000,0.0,0.0,60.75499979654948,1714263074.25944,yahoo
NFLX,2024-03-13,61.33700180053711,61.48500061035156,60.72100067138672,60.94499969482422,60.94499969482422,21921000,0.0,0.0,61.050333658854164,1338284364.1357422,yahoo
NFLX,2024-03-14,61.5,62.08000183105469,60.73500061035156,61.30099868774414,61.30099868774414,31205000,0.0,0.0,61.37200037638346,1915113271.745046,yahoo
NFLX,2024-03-15,62.29199981689453,62.29199981689453,60.38199996948242,60.5880012512207,60.5880012512207,66716000,0.0,0.0,61.08733367919922,4075502553.741455,yahoo
NFLX,2024-03-18,61.35599899291992,62.74100112915039,61.04499816894531,61.8390007019043,61.8390007019043,33442000,0.0,0.0,61.875,2069223750.0,yahoo
NFLX,2024-03-19,61.5620002746582,62.12799835205078,60.79999923706055,62.07400131225586,62.07400131225586,21426000,0.0,0.0,61.6673329671224,1321284276.1535645,yahoo
NFLX,2024-03-20,61.994998931884766,62.95100021362305,61.83399963378906,62.76900100708008,62.76900100708008,26395000,0.0,0.0,62.51800028483073,1650162617.518107,yahoo
NFLX,2024-03-21,63.064998626708984,63.43600082397461,62.233001708984375,62.270999908447266,62.270999908447266,25077000,0.0,0.0,62.64666748046875,1570990480.4077148,yahoo
NFLX,2024-03-22,62.41600036621094,62.904998779296875,62.099998474121094,62.80099868774414,62.80099868774414,21357000,0.0,0.0,62.60199864705404,1336990885.105133,yahoo
NFLX,2024-03-25,62.790000915527344,63.04600143432617,62.316001892089844,62.74599838256836,62.74599838256836,18033000,0.0,0.0,62.702667236328125,1130717198.272705,yahoo
NFLX,2024-03-26,62.52000045776367,63.43899917602539,61.917999267578125,62.92399978637695,62.92399978637695,28045000,0.0,0.0,62.76033274332682,1760113531.7866006,yahoo
NFLX,2024-03-27,62.9010009765625,63.1349983215332,61.073001861572266,61.35300064086914,61.35300064086914,26283000,0.0,0.0,61.85366694132487,1625699928.2188416,yahoo
NFLX,2024-03-28,61.499000549316406,61.5,60.159000396728516,60.733001708984375,60.733001708984375,37088000,0.0,0.0,60.79733403523763,2254851524.6988935,yahoo
NFLX,2024-04-01,60.79999923706055,61.51100158691406,60.55699920654297,61.430999755859375,61.430999755859375,21159000,0.0,0.0,61.166333516438804,1294218450.8743286,yahoo
NFLX,2024-04-02,61.099998474121094,61.50299835205078,60.55099868774414,61.42100143432617,61.42100143432617,20292000,0.0,0.0,61.15833282470703,1241024889.678955,yahoo
NFLX,2024-04-03,61.275001525878906,63.04100036621094,61.150001525878906,63.007999420166016,63.007999420166016,29312000,0.0,0.0,62.39966710408529,1829059042.154948,yahoo
NFLX,2024-04-04,63.32099914550781,63.79999923706055,61.65800094604492,61.7140007019043,61.7140007019043,30643000,0.0,0.0,62.39066696166992,1911837207.7064514,yahoo
NFLX,2024-04-05,62.492000579833984,63.79100036621094,62.270999908447266,63.61800003051758,63.61800003051758,33788000,0.0,0.0,63.22666676839193,2136302616.7704265,yahoo
NFLX,2024-04-08,63.638999938964844,63.900001525878906,62.81100082397461,62.840999603271484,62.840999603271484,21457000,0.0,0.0,63.184000651041664,1355739101.969401,yahoo
NFLX,2024-04-09,63.19900131225586,63.19900131225586,61.5629997253418,61.81999969482422,61.81999969482422,21436000,0.0,0.0,62.194000244140625,1333190589.2333984,yahoo
NFLX,2024-04-10,61.09700012207031,62.013999938964844,60.933998107910156,61.858001708984375,61.858001708984375,28062000,0.0,0.0,61.60199991861979,1728675321.7163086,yahoo
NFLX,2024-04-11,62.44200134277344,63.16600036621094,61.7239990234375,62.87799835205078,62.87799835205078,26627000,0.0,0.0,62.589332580566406,1666566158.6227417,yahoo
NFLX,2024-04-12,62.823001861572266,63.3120002746582,61.891998291015625,62.28300094604492,62.28300094604492,29593000,0.0,0.0,62.49566650390625,1849434258.8500977,yahoo
NFLX,2024-04-15,63.016998291015625,63.016998291015625,60.387001037597656,60.71500015258789,60.71500015258789,30854000,0.0,0.0,61.372999827067055,1893602536.664327,yahoo
NFLX,2024-04-16,60.75,62.244998931884766,60.75,61.75199890136719,61.75199890136719,35191000,0.0,0.0,61.582332611083984,2167143866.9166565,yahoo
NFLX,2024-04-17,62.09700012207031,62.09700012207031,60.770999908447266,61.36899948120117,61.36899948120117,33122000,0.0,0.0,61.412333170572914,2034099299.275716,yahoo
NFLX,2024-04-18,61.209999084472656,62.132999420166016,60.542999267578125,61.055999755859375,61.055999755859375,84684000,0.0,0.0,61.24399948120117,5186386852.06604,yahoo
NFLX,2024-04-19,56.78799819946289,57.900001525878906,55.215999603271484,55.50400161743164,55.50400161743164,164497000,0.0,0.0,56.20666758219401,9245828197.268167,yahoo
NFLX,2024-04-22,55.066001892089844,55.861000061035156,54.20100021362305,55.459999084472656,55.459999084472656,85977000,0.0,0.0,55.17399978637695,4743694979.633331,yahoo
NFLX,2024-04-23,55.64899826049805,57.92100143432617,55.52799987792969,57.775001525878906,57.775001525878906,49755000,0.0,0.0,57.074667612711586,2839750087.070465,yahoo
NFLX,2024-04-24,57.430999755859375,57.691001892089844,55.130001068115234,55.512001037597656,55.512001037597656,53553000,0.0,0.0,56.111001332600914,3004912454.3647766,yahoo
NFLX,2024-04-25,54.94599914550781,56.65399932861328,54.57099914550781,56.47999954223633,56.47999954223633,38071000,0.0,0.0,55.901666005452476,2128232326.4935813,yahoo
NFLX,2024-04-26,55.82099914550781,56.29199981689453,55.319000244140625,56.12300109863281,56.12300109863281,43326000,0.0,0.0,55.91133371988932,2422414444.747925,yahoo
NFLX,2024-04-29,55.917999267578125,55.9640007019043,55.42399978637695,55.94900131225586,55.94900131225586,25089000,0.0,0.0,55.77900060017904,1399439346.0578918,yahoo
NFLX,2024-04-30,56.0,56.0,54.9379997253418,55.06399917602539,55.06399917602539,33615000,0.0,0.0,55.33399963378906,1860052397.6898193,yahoo
NFLX,2024-05-01,54.784000396728516,56.03900146484375,54.42499923706055,55.17100143432617,55.17100143432617,34732000,0.0,0.0,55.21166737874349,1917611631.398519,yahoo
NFLX,2024-05-02,55.60200119018555,56.54600143432617,55.558998107910156,56.51499938964844,56.51499938964844,30682000,0.0,0.0,56.20666631062826,1724532935.7426963,yahoo
NFLX,2024-05-03,56.599998474121094,58.0260009765625,56.51599884033203,57.933998107910156,57.933998107910156,33075000,0.0,0.0,57.49199930826823,1901547877.1209717,yahoo
NFLX,2024-05-06,58.18199920654297,59.73400115966797,58.025001525878906,59.696998596191406,59.696998596191406,36863000,0.0,0.0,59.152000427246094,2180520191.7495728,yahoo
NFLX,2024-05-07,59.62799835205078,60.60499954223633,59.13199996948242,60.599998474121094,60.599998474121094,36141000,0.0,0.0,60.11233266194662,2172519814.7354126,yahoo
NFLX,2024-05-08,60.16299819946289,61.821998596191406,60.16299819946289,60.946998596191406,60.946998596191406,30939000,0.0,0.0,60.9773317972819,1886577668.4761047,yahoo
NFLX,2024-05-09,61.439998626708984,61.571998596191406,60.57500076293945,61.20899963378906,61.20899963378906,20654000,0.0,0.0,61.118666330973305,1262344934.3999226,yahoo
NFLX,2024-05-10,61.900001525878906,62.39799880981445,60.50600051879883,61.08700180053711,61.08700180053711,26536000,0.0,0.0,61.3303337097168,1627461735.321045,yahoo
NFLX,2024-05-13,61.43000030517578,61.821998596191406,60.68299865722656,61.659000396728516,61.659000396728516,20862000,0.0,0.0,61.38799921671549,1280676439.6591187,yahoo
NFLX,2024-05-14,61.516998291015625,62.14799880981445,60.84000015258789,61.36600112915039,61.36600112915039,27924000,0.0,0.0,61.451333363850914,1715967032.8521729,yahoo
NFLX,2024-05-15,61.856998443603516,62.40999984741211,60.90999984741211,61.35200119018555,61.35200119018555,56706000,0.0,0.0,61.557333628336586,3490670160.7284546,yahoo
NFLX,2024-05-16,61.57500076293945,61.83399963378906,60.909000396728516,61.051998138427734,61.051998138427734,30564000,0.0,0.0,61.26499938964844,1872503441.3452148,yahoo
NFLX,2024-05-17,61.70000076293945,62.57899856567383,61.47100067138672,62.11000061035156,62.11000061035156,37827000,0.0,0.0,62.0533332824707,2347291438.0760193,yahoo
NFLX,2024-05-20,62.040000915527344,64.43699645996094,61.95199966430664,64.08200073242188,64.08200073242188,38579000,0.0,0.0,63.49033228556315,2449393529.2447405,yahoo
NFLX,2024-05-21,63.67599868774414,65.08799743652344,63.422000885009766,65.06099700927734,65.06099700927734,29202000,0.0,0.0,64.52366511027019,1884220068.55011,yahoo
NFLX,2024-05-22,64.71399688720703,64.92500305175781,63.8120002746582,64.0469970703125,64.0469970703125,21762000,0.0,0.0,64.26133346557617,1398455138.8778687,yahoo
NFLX,2024-05-23,64.23400115966797,64.27100372314453,63.0,63.56700134277344,63.56700134277344,23139000,0.0,0.0,63.61266835530599,1471933533.0734253,yahoo
NFLX,2024-05-24,63.939998626708984,65.19999694824219,63.7599983215332,64.67500305175781,64.67500305175781,26153000,0.0,0.0,64.54499944051106,1688045370.3676858,yahoo
NFLX,2024-05-28,64.70500183105469,64.9749984741211,64.3030014038086,64.9000015258789,64.9000015258789,26095000,0.0,0.0,64.7260004679362,1689024982.2107952,yahoo
NFLX,2024-05-29,64.41300201416016,66.42500305175781,64.38899993896484,65.46199798583984,65.46199798583984,36959000,0.0,0.0,65.42533365885417,2418054906.6975913,yahoo
NFLX,2024-05-30,65.35199737548828,65.64900207519531,64.4729995727539,64.76599884033203,64.76599884033203,23889000,0.0,0.0,64.96266682942708,1551893147.8881836,yahoo
NFLX,2024-05-31,64.4010009765625,64.85800170898438,62.83000183105469,64.16200256347656,64.16200256347656,40710000,0.0,0.0,63.95000203450521,2603404582.824707,yahoo
NFLX,2024-06-03,64.52200317382812,64.6780014038086,62.72700119018555,63.37900161743164,63.37900161743164,23235000,0.0,0.0,63.59466807047526,1477622112.6174927,yahoo
NFLX,2024-06-04,63.37799835205078,63.52299880981445,62.64400100708008,63.1619987487793,63.1619987487793,30082000,0.0,0.0,63.109666188557945,1898464978.2842002,yahoo
NFLX,2024-06-05,63.402000427246094,65.125,62.82500076293945,65.0270004272461,65.0270004272461,26826000,0.0,0.0,64.32566706339519,1725600344.6426394,yahoo
NFLX,2024-06-06,64.48899841308594,65.79900360107422,64.42400360107422,64.85199737548828,64.85199737548828,24667000,0.0,0.0,65.0250015258789,1603971712.638855,yahoo
NFLX,2024-06-07,64.93800354003906,65.04000091552734,64.02400207519531,64.14700317382812,64.14700317382812,18766000,0.0,0.0,64.40366872151692,1208599247.2279866,yahoo
NFLX,2024-06-10,64.10099792480469,64.47899627685547,63.558998107910156,64.44999694824219,64.44999694824219,20644000,0.0,0.0,64.16266377766927,1324574031.0262043,yahoo
NFLX,2024-06-11,64.0719985961914,65.01899719238281,64.052001953125,64.8550033569336,64.8550033569336,21674000,0.0,0.0,64.64200083414714,1401050726.0793052,yahoo
NFLX,2024-06-12,65.22100067138672,65.5780029296875,64.31099700927734,65.00599670410156,65.00599670410156,20944000,0.0,0.0,64.96499888102214,1360626936.5641277,yahoo
NFLX,2024-06-13,64.4000015258789,65.5250015258789,64.23500061035156,65.32599639892578,65.32599639892578,18636000,0.0,0.0,65.02866617838542,1211874222.9003906,yahoo
NFLX,2024-06-14,65.50499725341797,67.55799865722656,65.26399993896484,66.93800354003906,66.93800354003906,44471000,0.0,0.0,66.58666737874348,2961175685.0001016,yahoo
NFLX,2024-06-17,66.91100311279297,68.27100372314453,66.51100158691406,67.58300018310547,67.58300018310547,36312000,0.0,0.0,67.45500183105469,2449426026.489258,yahoo
NFLX,2024-06-18,67.56300354003906,68.70600128173828,67.46399688720703,68.56700134277344,68.56700134277344,29438000,0.0,0.0,68.24566650390625,2009015930.5419922,yahoo
NFLX,2024-06-20,68.18000030517578,68.98799896240234,67.37200164794922,67.90299987792969,67.90299987792969,25851000,0.0,0.0,68.08766682942708,1760134275.2075193,yahoo
NFLX,2024-06-21,68.32599639892578,68.69000244140625,67.80999755859375,68.61199951171875,68.61199951171875,45064000,0.0,0.0,68.37066650390625,3081055715.3320312,yahoo
NFLX,2024-06-24,68.5,68.55000305175781,66.44999694824219,66.9020004272461,66.9020004272461,39163000,0.0,0.0,67.30066680908203,2635696014.2440796,yahoo
NFLX,2024-06-25,67.34400177001953,67.36699676513672,66.2300033569336,67.24099731445312,67.24099731445312,22706000,0.0,0.0,66.94599914550781,1520075856.5979004,yahoo
NFLX,2024-06-26,67.24099731445312,68.2959976196289,67.00199890136719,67.76899719238281,67.76899719238281,35458000,0.0,0.0,67.68899790445964,2400116487.69633,yahoo
NFLX,2024-06-27,67.93499755859375,68.85700225830078,67.81400299072266,68.43399810791016,68.43399810791016,24048000,0.0,0.0,68.3683344523112,1644121706.9091797,yahoo
NFLX,2024-06-28,67.9000015258789,68.69999694824219,67.30799865722656,67.48799896240234,67.48799896240234,34124000,0.0,0.0,67.83199818929036,2314699106.2113442,yahoo
NFLX,2024-07-01,67.48899841308594,67.50199890136719,66.37799835205078,67.36100006103516,67.36100006103516,22128000,0.0,0.0,67.08033243815105,1484353596.1914062,yahoo
NFLX,2024-07-02,67.35399627685547,68.17400360107422,67.00700378417969,67.95800018310547,67.95800018310547,24114000,0.0,0.0,67.71300252278645,1632831342.8344727,yahoo
NFLX,2024-07-03,67.74800109863281,68.375,67.55000305175781,68.2509994506836,68.2509994506836,14035000,0.0,0.0,68.0586675008138,955203398.3739216,yahoo
NFLX,2024-07-05,68.2509994506836,69.7490005493164,67.7229995727539,69.06500244140625,69.06500244140625,26591000,0.0,0.0,68.84566752115886,1830675145.0551353,yahoo
NFLX,2024-07-08,68.69999694824219,68.88600158691406,68.14900207519531,68.5739974975586,68.5739974975586,19308000,0.0,0.0,68.53633371988933,1323299531.463623,yahoo
NFLX,2024-07-09,69.0,69.5270004272461,68.47200012207031,68.5739974975586,68.5739974975586,25961000,0.0,0.0,68.857666015625,1787613867.4316406,yahoo
NFLX,2024-07-10,68.50199890136719,68.72200012207031,67.31600189208984,67.76499938964844,67.76499938964844,26519000,0.0,0.0,67.93433380126953,1801550598.0758667,yahoo
NFLX,2024-07-11,67.2490005493164,67.2490005493164,64.74400329589844,65.2750015258789,65.2750015258789,51066000,0.0,0.0,65.75600179036458,3357895987.4267573,yahoo
NFLX,2024-07-12,65.2750015258789,65.59200286865234,64.37100219726562,64.76000213623047,64.76000213623047,33552000,0.0,0.0,64.90766906738281,2177782112.548828,yahoo
NFLX,2024-07-15,64.75,66.75399780273438,64.66300201416016,65.6449966430664,65.6449966430664,32088000,0.0,0.0,65.68733215332031,2107775114.1357422,yahoo
NFLX,2024-07-16,66.18000030517578,66.36799621582031,64.91300201416016,65.63200378417969,65.63200378417969,26857000,0.0,0.0,65.63766733805339,1762830831.6980999,yahoo
NFLX,2024-07-17,65.0,65.04499816894531,63.946998596191406,64.74600219726562,64.74600219726562,40173000,0.0,0.0,64.57933298746745,2594345544.10553,yahoo
NFLX,2024-07-18,65.66000366210938,65.7040023803711,63.91699981689453,64.30400085449219,64.30400085449219,75758000,0.0,0.0,64.64166768391927,4897123460.3983555,yahoo
NFLX,2024-07-19,66.06400299072266,67.89700317382812,62.9119987487793,63.33399963378906,63.33399963378906,98156000,0.0,0.0,64.71433385213216,6352100153.589884,yahoo
NFLX,2024-07-22,63.95000076293945,65.62899780273438,63.2599983215332,64.75,64.75,52191000,0.0,0.0,64.54633204142253,3368737615.5738835,yahoo
NFLX,2024-07-23,64.75,64.99099731445312,64.0999984741211,64.2760009765625,64.2760009765625,24636000,0.0,0.0,64.4556655883789,1587929777.4353027,yahoo
NFLX,2024-07-24,63.57400131225586,65.24199676513672,63.266998291015625,63.5989990234375,63.5989990234375,48882000,0.0,0.0,64.03599802652995,3130207655.532837,yahoo
NFLX,2024-07-25,64.0999984741211,64.99800109863281,62.16999816894531,63.409000396728516,63.409000396728516,45545000,0.0,0.0,63.52566655476888,2893276483.236949,yahoo
NFLX,2024-07-26,64.5,64.6989974975586,62.97700119018555,63.137001037597656,63.137001037597656,31207000,0.0,0.0,63.6043332417806,1984900427.4762473,yahoo
NFLX,2024-07-29,63.46099853515625,63.46099853515625,62.393001556396484,62.69599914550781,62.69599914550781,24005000,0.0,0.0,62.84999974568685,1508714243.895213,yahoo
NFLX,2024-07-30,63.016998291015625,63.46900177001953,61.70000076293945,62.257999420166016,62.257999420166016,34966000,0.0,0.0,62.475667317708336,2184524183.4309897,yahoo
NFLX,2024-07-31,62.65700149536133,63.36000061035156,62.257999420166016,62.834999084472656,62.834999084472656,31349000,0.0,0.0,62.817666371663414,1969271023.0852764,yahoo
NFLX,2024-08-01,62.92499923706055,64.6709976196289,61.76100158691406,62.48500061035156,62.48500061035156,37206000,0.0,0.0,62.97233327229818,2342948631.729126,yahoo
NFLX,2024-08-02,62.097999572753906,62.527000427246094,60.834999084472656,61.36399841308594,61.36399841308594,35230000,0.0,0.0,61.57533264160156,2169298968.963623,yahoo
NFLX,2024-08-05,58.70399856567383,60.45600128173828,58.70399856567383,59.85499954223633,59.85499954223633,40442000,0.0,0.0,59.67166646321615,2413241535.1053877,yahoo
NFLX,2024-08-06,60.0620002746582,62.244998931884766,60.0620002746582,60.957000732421875,60.957000732421875,43191000,0.0,0.0,61.087999979654946,2638451807.121277,yahoo
NFLX,2024-08-07,61.606998443603516,63.20000076293945,61.06399917602539,61.14799880981445,61.14799880981445,31878000,0.0,0.0,61.80399958292643,1970187898.7045288,yahoo
NFLX,2024-08-08,62.19900131225586,63.229000091552734,61.60200119018555,63.03499984741211,63.03499984741211,32835000,0.0,0.0,62.62200037638346,2056193382.358551,yahoo
NFLX,2024-08-09,62.29899978637695,63.6619987487793,62.29899978637695,63.39400100708008,63.39400100708008,19808000,0.0,0.0,63.118333180745445,1250247943.6442058,yahoo
NFLX,2024-08-12,63.099998474121094,63.900001525878906,62.707000732421875,63.31399917602539,63.31399917602539,23317000,0.0,0.0,63.307000478108726,1476129330.1480613,yahoo
NFLX,2024-08-13,63.85599899291992,65.09700012207031,63.54999923706055,64.802001953125,64.802001953125,26396000,0.0,0.0,64.48300043741862,1702093279.546102,yahoo
NFLX,2024-08-14,64.87000274658203,66.35700225830078,64.87000274658203,66.16799926757812,66.16799926757812,40143000,0.0,0.0,65.79833475748698,2641342552.1698,yahoo
NFLX,2024-08-15,66.8489990234375,67.31900024414062,65.9800033569336,66.3219985961914,66.3219985961914,32102000,0.0,0.0,66.5403340657552,2136077804.1788735,yahoo
NFLX,2024-08-16,66.94300079345703,68.02300262451172,66.53600311279297,67.40699768066406,67.40699768066406,35110000,0.0,0.0,67.32200113932292,2363675460.001628,yahoo
NFLX,2024-08-19,67.40699768066406,68.88400268554688,67.29100036621094,68.85299682617188,68.85299682617188,30162000,0.0,0.0,68.34266662597656,2061351510.772705,yahoo
NFLX,2024-08-20,68.88600158691406,71.13300323486328,68.82499694824219,69.85399627685547,69.85399627685547,48131000,0.0,0.0,69.93733215332031,3366153733.87146,yahoo
NFLX,2024-08-21,69.69999694824219,70.0999984741211,69.13800048828125,69.71199798583984,69.71199798583984,22353000,0.0,0.0,69.64999898274739,1556886427.2613525,yahoo
NFLX,2024-08-22,69.0999984741211,70.1500015258789,68.6240005493164,68.89600372314453,68.89600372314453,27294000,0.0,0.0,69.22333526611328,1889381712.753296,yahoo
NFLX,2024-08-23,69.41300201416016,69.60700225830078,67.86299896240234,68.6729965209961,68.6729965209961,23545000,0.0,0.0,68.7143325805664,1617878960.609436,yahoo
NFLX,2024-08-26,68.72599792480469,69.05899810791016,68.16400146484375,68.84400177001953,68.84400177001953,13542000,0.0,0.0,68.68900044759114,930186444.0612792,yahoo
NFLX,2024-08-27,68.85299682617188,70.78900146484375,68.69200134277344,69.5719985961914,69.5719985961914,31649000,0.0,0.0,69.68433380126953,2205439480.4763794,yahoo
NFLX,2024-08-28,69.58300018310547,69.66699981689453,67.70999908447266,68.38400268554688,68.38400268554688,24306000,0.0,0.0,68.58700052897136,1667075634.8571777,yahoo
NFLX,2024-08-29,69.0,69.9800033569336,68.60700225830078,69.24800109863281,69.24800109863281,21870000,0.0,0.0,69.27833557128906,1515117198.9440918,yahoo
NFLX,2024-08-30,70.03600311279297,70.18599700927734,68.81600189208984,70.13500213623047,70.13500213623047,32667000,0.0,0.0,69.71233367919922,2277292804.298401,yahoo
NFLX,2024-09-03,70.01000213623047,70.38600158691406,67.10099792480469,67.53199768066406,67.53199768066406,31610000,0.0,0.0,68.33966573079427,2160216833.7504067,yahoo
NFLX,2024-09-04,67.33100128173828,68.46499633789062,67.30599975585938,67.96800231933594,67.96800231933594,17853000,0.0,0.0,67.91299947102864,1212450779.5562744,yahoo
NFLX,2024-09-05,67.31400299072266,68.73100280761719,67.18599700927734,68.36199951171875,68.36199951171875,18101000,0.0,0.0,68.09299977620442,1232551388.9490762,yahoo
NFLX,2024-09-06,68.18599700927734,68.31500244140625,66.23400115966797,66.5770034790039,66.5770034790039,29913000,0.0,0.0,67.04200236002605,2005427416.5954592,yahoo
NFLX,2024-09-09,67.4000015258789,68.3499984741211,67.21399688720703,67.54199981689453,67.54199981689453,26831000,0.0,0.0,67.70199839274089,1816512318.8756309,yahoo
NFLX,2024-09-10,67.68699645996094,68.05899810791016,66.58100128173828,67.36199951171875,67.36199951171875,20792000,0.0,0.0,67.33399963378906,1400008520.3857422,yahoo
NFLX,2024-09-11,67.74600219726562,68.2969970703125,66.08000183105469,68.14700317382812,68.14700317382812,23919000,0.0,0.0,67.50800069173177,1614723868.5455322,yahoo
NFLX,2024-09-12,68.49199676513672,69.48799896240234,68.22000122070312,68.68000030517578,68.68000030517578,25821000,0.0,0.0,68.79600016276042,1776381520.202637,yahoo
NFLX,2024-09-13,68.0009994506836,69.96399688720703,68.0,69.70600128173828,69.70600128173828,22765000,0.0,0.0,69.22333272298177,1575869169.43868,yahoo
NFLX,2024-09-16,70.0,70.302001953125,68.86299896240234,69.6500015258789,69.6500015258789,18437000,0.0,0.0,69.60500081380208,1283307400.0040689,yahoo
NFLX,2024-09-17,70.08200073242188,70.76300048828125,69.83699798583984,70.69100189208984,70.69100189208984,22986000,0.0,0.0,70.43033345540364,1618911644.8059082,yahoo
NFLX,2024-09-18,70.75499725341797,70.75499725341797,68.80000305175781,69.0469970703125,69.0469970703125,29844000,0.0,0.0,69.53399912516277,2075172669.8913577,yahoo
NFLX,2024-09-19,70.5,71.56600189208984,69.53700256347656,70.43199920654297,70.43199920654297,42285000,0.0,0.0,70.5116678873698,2981585876.6174316,yahoo
NFLX,2024-09-20,70.55500030517578,70.66699981689453,69.63099670410156,70.10299682617188,70.10299682617188,39981000,0.0,0.0,70.13366444905598,2804014038.3377075,yahoo
NFLX,2024-09-23,70.23899841308594,71.2249984741211,69.91600036621094,70.53700256347656,70.53700256347656,32243000,0.0,0.0,70.55933380126953,2275044599.7543335,yahoo
NFLX,2024-09-24,70.66300201416016,72.24400329589844,70.44499969482422,72.22599792480469,72.22599792480469,35657000,0.0,0.0,71.63833363850911,2554408062.5483193,yahoo
NFLX,2024-09-25,72.0999984741211,72.51200103759766,71.62100219726562,72.15599822998047,72.15599822998047,22598000,0.0,0.0,72.09633382161458,1629232951.7008462,yahoo
NFLX,2024-09-26,72.4729995727539,72.5260009765625,70.1719970703125,71.14299774169922,71.14299774169922,28330000,0.0,0.0,71.28033192952473,2019371803.5634358,yahoo
NFLX,2024-09-27,70.83599853515625,71.07099914550781,70.125,70.73500061035156,70.73500061035156,23956000,0.0,0.0,70.64366658528645,1692339676.7171223,yahoo
NFLX,2024-09-30,70.69999694824219,71.12100219726562,70.28199768066406,70.927001953125,70.927001953125,17099000,0.0,0.0,70.77666727701823,1210210233.7697349,yahoo
NFLX,2024-10-01,71.36399841308594,71.7760009765625,69.85900115966797,70.61299896240234,70.61299896240234,28135000,0.0,0.0,70.74933369954427,1990532503.636678,yahoo
NFLX,2024-10-02,70.61299896240234,71.62100219726562,70.46900177001953,71.10900115966797,71.10900115966797,17582000,0.0,0.0,71.0663350423177,1249488302.7140298,yahoo
NFLX,2024-10-03,70.4260025024414,70.88099670410156,70.0,70.68000030517578,70.68000030517578,22564000,0.0,0.0,70.52033233642578,1591220778.8391113,yahoo
NFLX,2024-10-04,71.33200073242188,72.10099792480469,70.88200378417969,71.97000122070312,71.97000122070312,22290000,0.0,0.0,71.6510009765625,1597100811.7675781,yahoo
NFLX,2024-10-07,71.47599792480469,71.58799743652344,69.64299774169922,70.19200134277344,70.19200134277344,33605000,0.0,0.0,70.47433217366536,2368289932.6960244,yahoo
NFLX,2024-10-08,70.38800048828125,72.50599670410156,70.3550033569336,72.1760025024414,72.1760025024414,31874000,0.0,0.0,71.67900085449219,2284696473.236084,yahoo
NFLX,2024-10-09,71.92500305175781,72.85900115966797,71.88700103759766,72.74299621582031,72.74299621582031,19811000,0.0,0.0,72.49633280436198,1436224849.1872153,yahoo
NFLX,2024-10-10,72.3290023803711,73.38500213623047,72.25,73.02899932861328,73.02899932861328,27679000,0.0,0.0,72.88800048828125,2017466965.5151367,yahoo
NFLX,2024-10-11,73.48999786376953,73.5999984741211,72.12200164794922,72.27899932861328,72.27899932861328,22995000,0.0,0.0,72.66699981689453,1670977660.7894897,yahoo
NFLX,2024-10-14,72.5,72.66200256347656,71.13099670410156,71.30000305175781,71.30000305175781,27971000,0.0,0.0,71.69766743977864,2005455455.9580483,yahoo
NFLX,2024-10-15,71.2509994506836,71.33999633789062,69.97799682617188,70.5979995727539,70.5979995727539,29328000,0.0,0.0,70.63866424560547,2071690744.9951172,yahoo
NFLX,2024-10-16,70.34300231933594,70.55899810791016,69.78199768066406,70.19999694824219,70.19999694824219,24943000,0.0,0.0,70.18033091227214,1750507993.944804,yahoo
NFLX,2024-10-17,70.43499755859375,70.44100189208984,67.78800201416016,68.76499938964844,68.76499938964844,89267000,0.0,0.0,68.99800109863281,6159244564.071655,yahoo
NFLX,2024-10-18,73.76399993896484,76.62799835205078,73.62300109863281,76.38899993896484,76.38899993896484,159741000,0.0,0.0,75.54666646321614,12067900047.50061,yahoo
NFLX,2024-10-21,76.57599639892578,77.30000305175781,75.66000366210938,77.20700073242188,77.20700073242188,60571000,0.0,0.0,76.72233581542969,4647148602.676392,yahoo
NFLX,2024-10-22,76.5270004272461,76.97000122070312,76.11199951171875,76.42400360107422,76.42400360107422,29873000,0.0,0.0,76.5020014444987,2285344289.15151,yahoo
NFLX,2024-10-23,76.28299713134766,76.37899780273438,74.4260025024414,74.92900085449219,74.92900085449219,37490000,0.0,0.0,75.24466705322266,2820922567.8253174,yahoo
NFLX,2024-10-24,75.1969985961914,75.58200073242188,74.625,75.45500183105469,75.45500183105469,26430000,0.0,0.0,75.22066752115886,1988082242.5842288,yahoo
NFLX,2024-10-25,75.61699676513672,76.8499984741211,75.35299682617188,75.46800231933594,75.46800231933594,28195000,0.0,0.0,75.8903325398763,2139727925.9618123,yahoo
NFLX,2024-10-28,75.86799621582031,75.86799621582031,74.78800201416016,74.91200256347656,74.91200256347656,28624000,0.0,0.0,75.18933359781902,2152219484.9039717,yahoo
NFLX,2024-10-29,75.11299896240234,76.38800048828125,74.8010025024414,75.94400024414062,75.94400024414062,36604000,0.0,0.0,75.71100107828777,2771325483.4696455,yahoo
NFLX,2024-10-30,75.80799865722656,75.97899627685547,75.22799682617188,75.3740005493164,75.3740005493164,17220000,0.0,0.0,75.52699788411458,1300574903.5644531,yahoo
NFLX,2024-10-31,75.39299774169922,76.0790023803711,75.2229995727539,75.60299682617188,75.60299682617188,30577000,0.0,0.0,75.63499959309895,2312691382.5581865,yahoo
NFLX,2024-11-01,75.3479995727539,76.37999725341797,74.7770004272461,75.61000061035156,75.61000061035156,29968000,0.0,0.0,75.58899943033855,2265251134.9283857,yahoo
NFLX,2024-11-04,75.31400299072266,76.24800109863281,74.96900177001953,75.5510025024414,75.5510025024414,19022000,0.0,0.0,75.58933512369792,1437860332.722982,yahoo
NFLX,2024-11-05,75.73500061035156,76.75299835205078,75.62699890136719,76.39099884033203,76.39099884033203,22006000,0.0,0.0,76.25699869791667,1678111513.3463542,yahoo
NFLX,2024-11-06,77.1500015258789,78.14900207519531,75.73799896240234,78.02100372314453,78.02100372314453,36908000,0.0,0.0,77.30266825358073,2853086879.9031577,yahoo
NFLX,2024-11-07,78.13700103759766,79.8219985961914,77.99400329589844,79.65399932861328,79.65399932861328,32951000,0.0,0.0,79.1566670735677,2608291336.7411294,yahoo
NFLX,2024-11-08,79.73600006103516,79.90599822998047,78.86499786376953,79.50399780273438,79.50399780273438,19106000,0.0,0.0,79.4249979654948,1517494011.1287436,yahoo
NFLX,2024-11-11,79.58999633789062,80.68199920654297,79.55699920654297,80.54399871826172,80.54399871826172,23992000,0.0,0.0,80.26099904378255,1925621889.058431,yahoo
NFLX,2024-11-12,80.75,82.03700256347656,80.375,81.94999694824219,81.94999694824219,28141000,0.0,0.0,81.45399983723958,2292197009.419759,yahoo
NFLX,2024-11-13,82.26200103759766,83.6989974975586,82.05400085449219,83.0469970703125,83.0469970703125,27678000,0.0,0.0,82.93333180745442,2295428757.7667236,yahoo
NFLX,2024-11-14,83.36699676513672,84.0999984741211,83.00199890136719,83.72599792480469,83.72599792480469,30382000,0.0,0.0,83.60933176676433,2540218717.737834,yahoo
NFLX,2024-11-15,83.2040023803711,83.2040023803711,81.64900207519531,82.39600372314453,82.39600372314453,36737000,0.0,0.0,82.41633605957031,3027728937.8204346,yahoo
NFLX,2024-11-18,81.55000305175781,84.84500122070312,80.93299865722656,84.70500183105469,84.70500183105469,40812000,0.0,0.0,83.4943339029948,3407570755.2490234,yahoo
NFLX,2024-11-19,83.9749984741211,87.4489974975586,83.91600036621094,87.13200378417969,87.13200378417969,38142000,0.0,0.0,86.16566721598308,3286530878.9520264,yahoo
NFLX,2024-11-20,87.99800109863281,89.05999755859375,86.83999633789062,88.38500213623047,88.38500213623047,40938000,0.0,0.0,88.09499867757161,3606433055.8624268,yahoo
NFLX,2024-11-21,88.39299774169922,90.80000305175781,87.7239990234375,89.74800109863281,89.74800109863281,45113000,0.0,0.0,89.4240010579427,4034184959.7269692,yahoo
NFLX,2024-11-22,89.5999984741211,90.5999984741211,89.30000305175781,89.77899932861328,89.77899932861328,32140000,0.0,0.0,89.89300028483073,2889161029.15446,yahoo
NFLX,2024-11-25,90.20500183105469,90.20500183105469,86.4219970703125,86.55899810791016,86.55899810791016,60142000,0.0,0.0,87.72866566975911,5276177410.710652,yahoo
NFLX,2024-11-26,86.7490005493164,88.63600158691406,86.7249984741211,87.26000213623047,87.26000213623047,31383000,0.0,0.0,87.5403340657552,2747278303.9855957,yahoo
NFLX,2024-11-27,87.20600128173828,88.09500122070312,85.89099884033203,87.73400115966797,87.73400115966797,25782000,0.0,0.0,87.24000040690105,2249221690.4907227,yahoo
NFLX,2024-11-29,88.21700286865234,89.24099731445312,87.66799926757812,88.68099975585938,88.68099975585938,20272000,0.0,0.0,88.52999877929688,1794680135.2539062,yahoo
NFLX,2024-12-02,88.7509994506836,90.23400115966797,88.41200256347656,89.77400207519531,89.77400207519531,23890000,0.0,0.0,89.47333526611328,2137517979.5074463,yahoo
NFLX,2024-12-03,89.43599700927734,90.26899719238281,88.8030014038086,90.21700286865234,90.21700286865234,24016000,0.0,0.0,89.76300048828125,2155748219.7265625,yahoo
NFLX,2024-12-04,89.80500030517578,91.59700012207031,89.80500030517578,91.10600280761719,91.10600280761719,26896000,0.0,0.0,90.83600107828777,2443125085.001628,yahoo
NFLX,2024-12-05,91.78500366210938,92.69999694824219,91.11100006103516,91.78700256347656,91.78700256347656,28353000,0.0,0.0,91.86599985758464,2604676693.962097,yahoo
NFLX,2024-12-06,91.52300262451172,93.5270004272461,91.27100372314453,93.4739990234375,93.4739990234375,29554000,0.0,0.0,92.75733439127605,2741350260.5997725,yahoo
NFLX,2024-12-09,92.80000305175781,93.02999877929688,90.25900268554688,91.36900329589844,91.36900329589844,33501000,0.0,0.0,91.55266825358073,3067105939.163208,yahoo
NFLX,2024-12-10,91.3759994506836,92.28800201416016,90.95800018310547,91.33499908447266,91.33499908447266,23886000,0.0,0.0,91.5270004272461,2186213932.2052,yahoo
NFLX,2024-12-11,92.47100067138672,94.17500305175781,92.30799865722656,93.65599822998047,93.65599822998047,35017000,0.0,0.0,93.37966664632161,3269875786.9542437,yahoo
NFLX,2024-12-12,93.33499908447266,93.40899658203125,92.26000213623047,92.55500030517578,92.55500030517578,24862000,0.0,0.0,92.7413330078125,2305735021.2402344,yahoo
NFLX,2024-12-13,91.68099975585938,92.55500030517578,90.96099853515625,91.88700103759766,91.88700103759766,24858000,0.0,0.0,91.80099995930989,2281989256.9885254,yahoo
NFLX,2024-12-16,92.39399719238281,92.89399719238281,91.94999694824219,92.10800170898438,92.10800170898438,26749000,0.0,0.0,92.3173319498698,2469396312.3270674,yahoo
NFLX,2024-12-17,92.15399932861328,92.84500122070312,91.64199829101562,91.91300201416016,91.91300201416016,24595000,0.0,0.0,92.13333384195964,2266019345.8429976,yahoo
NFLX,2024-12-18,91.91300201416016,92.24400329589844,88.65599822998047,88.95500183105469,88.95500183105469,29382000,0.0,0.0,89.95166778564453,2642959902.8778076,yahoo
NFLX,2024-12-19,90.81800079345703,91.26200103759766,89.9000015258789,90.2040023803711,90.2040023803711,28155000,0.0,0.0,90.45533498128255,2546769956.3980103,yahoo
NFLX,2024-12-20,89.32099914550781,91.99199676513672,89.04900360107422,90.90499877929688,90.90499877929688,45305000,0.0,0.0,90.64866638183594,4106837830.429077,yahoo
NFLX,2024-12-23,91.34200286865234,91.5,89.91000366210938,91.1449966430664,91.1449966430664,23394000,0.0,0.0,90.85166676839192,2125383892.3797607,yahoo
NFLX,2024-12-24,91.5,93.58499908447266,91.16999816894531,93.21199798583984,93.21199798583984,23203000,0.0,0.0,92.65566507975261,2149889396.8455,yahoo
NFLX,2024-12-26,92.83999633789062,93.04900360107422,91.52999877929688,92.41400146484375,92.41400146484375,23403000,0.0,0.0,92.33100128173828,2160822422.996521,yahoo
NFLX,2024-12-27,91.60099792480469,91.81300354003906,89.44999694824219,90.75499725341797,90.75499725341797,32262000,0.0,0.0,90.67266591389973,2925281547.7142334,yahoo
NFLX,2024-12-30,89.45099639892578,90.822998046875,88.97100067138672,90.04299926757812,90.04299926757812,22030000,0.0,0.0,89.94566599527995,1981503021.8760173,yahoo
NFLX,2024-12-31,90.18000030517578,90.26799774169922,88.9469985961914,89.13200378417969,89.13200378417969,18759000,0.0,0.0,89.44900004069011,1677973791.7633057,yahoo
NFLX,2025-01-02,89.55000305175781,89.85800170898438,87.69999694824219,88.6729965209961,88.6729965209961,23123000,0.0,0.0,88.74366505940755,2052019767.1686807,yahoo
NFLX,2025-01-03,89.31300354003906,89.88300323486328,87.98899841308594,88.1050033569336,88.1050033569336,29673000,0.0,0.0,88.65900166829427,2630778556.503296,yahoo
NFLX,2025-01-06,88.8759994506836,89.28299713134766,87.16899871826172,88.17900085449219,88.17900085449219,34577000,0.0,0.0,88.21033223470052,3050048657.6792397,yahoo
NFLX,2025-01-07,87.93800354003906,88.80000305175781,86.91100311279297,87.91899871826172,87.91899871826172,26498000,0.0,0.0,87.87666829427083,2328555956.4615884,yahoo
NFLX,2025-01-08,88.0,88.62200164794922,87.30000305175781,87.5,87.5,23479000,0.0,0.0,87.80733489990234,2061628416.1148071,yahoo
NFLX,2025-01-10,86.63999938964844,86.64099884033203,83.44000244140625,83.76899719238281,83.76899719238281,48033000,0.0,0.0,84.61666615804036,4064392325.569153,yahoo
NFLX,2025-01-13,83.15299987792969,84.70700073242188,82.91400146484375,84.02899932861328,84.02899932861328,30245000,0.0,0.0,83.88333384195964,2537051432.0500693,yahoo
NFLX,2025-01-14,84.31999969482422,84.48899841308594,82.35199737548828,82.83999633789062,82.83999633789062,30377000,0.0,0.0,83.22699737548828,2528186499.2752075,yahoo
NFLX,2025-01-15,83.64399719238281,85.08399963378906,83.04100036621094,84.82599639892578,84.82599639892578,31814000,0.0,0.0,84.31699879964192,2682460999.811808,yahoo
NFLX,2025-01-16,86.09600067138672,86.89800262451172,84.2020034790039,84.23699951171875,84.23699951171875,40285000,0.0,0.0,85.11233520507812,3428750423.7365723,yahoo
NFLX,2025-01-17,85.97899627685547,86.5,85.21299743652344,85.80999755859375,85.80999755859375,36176000,0.0,0.0,85.84099833170573,3105383955.6477866,yahoo
NFLX,2025-01-21,86.35299682617188,91.63999938964844,85.4749984741211,86.96800231933594,86.96800231933594,98514000,0.0,0.0,88.02766672770183,8671957560.012817,yahoo
NFLX,2025-01-22,99.8030014038086,99.9000015258789,95.07599639892578,95.39900207519531,95.39900207519531,142732000,0.0,0.0,96.79166666666667,13815268166.666668,yahoo
NFLX,2025-01-23,95.78099822998047,98.5,95.38999938964844,98.48600006103516,98.48600006103516,77521000,0.0,0.0,97.4586664835612,7555093284.472148,yahoo
NFLX,2025-01-24,98.44100189208984,98.62799835205078,96.76799774169922,97.75900268554688,97.75900268554688,45504000,0.0,0.0,97.7183329264323,4446575021.484375,yahoo
NFLX,2025-01-27,97.11000061035156,98.22699737548828,96.0260009765625,97.18900299072266,97.18900299072266,46342000,0.0,0.0,97.14733378092448,4502001742.075603,yahoo
NFLX,2025-01-28,96.6709976196289,97.79299926757812,95.7300033569336,97.18299865722656,97.18299865722656,34340000,0.0,0.0,96.9020004272461,3327614694.671631,yahoo
NFLX,2025-01-29,98.0,98.76399993896484,96.822998046875,97.81500244140625,97.81500244140625,29307000,0.0,0.0,97.80066680908203,2866244142.173767,yahoo
NFLX,2025-01-30,98.67500305175781,99.45899963378906,97.0009994506836,97.3239974975586,97.3239974975586,38678000,0.0,0.0,97.92799886067708,3787659139.933268,yahoo
NFLX,2025-01-31,97.4000015258789,99.02899932861328,97.4000015258789,97.6760025024414,97.6760025024414,36151000,0.0,0.0,98.03500111897786,3544063325.4521685,yahoo
NFLX,2025-02-03,97.30000305175781,98.76899719238281,96.43800354003906,97.89399719238281,97.89399719238281,37242000,0.0,0.0,97.70033264160156,3638555788.2385254,yahoo
NFLX,2025-02-04,98.0469970703125,100.80000305175781,97.85099792480469,99.48699951171875,99.48699951171875,60001000,0.0,0.0,99.37933349609375,5962859389.099121,yahoo
NFLX,2025-02-05,98.77300262451172,101.18299865722656,98.66799926757812,101.11100006103516,101.11100006103516,39934000,0.0,0.0,100.32066599527995,4006205475.8555098,yahoo
NFLX,2025-02-06,100.78700256347656,101.63500213623047,100.26100158691406,101.56800079345703,101.56800079345703,31343000,0.0,0.0,101.15466817220052,3170490764.521281,yahoo
NFLX,2025-02-07,101.69999694824219,102.7760009765625,100.56700134277344,101.39299774169922,101.39299774169922,32129000,0.0,0.0,101.57866668701172,3263620981.9869995,yahoo
NFLX,2025-02-10,102.30500030517578,103.28500366210938,101.58799743652344,102.76000213623047,102.76000213623047,32966000,0.0,0.0,102.5443344116211,3380476528.213501,yahoo
NFLX,2025-02-11,102.0790023803711,102.26899719238281,100.29499816894531,100.80799865722656,100.80799865722656,33318000,0.0,0.0,101.12399800618489,3369249365.5700684,yahoo
NFLX,2025-02-12,100.54900360107422,102.77400207519531,99.83499908447266,102.73100280761719,102.73100280761719,33890000,0.0,0.0,101.78000132242839,3449324244.817098,yahoo
NFLX,2025-02-13,102.66300201416016,104.5989990234375,102.51000213623047,104.36900329589844,104.36900329589844,34761000,0.0,0.0,103.8260014851888,3609095637.626648,yahoo
NFLX,2025-02-14,104.49500274658203,106.44999694824219,104.16899871826172,105.86000061035156,105.86000061035156,31454000,0.0,0.0,105.49299875895183,3318176782.964071,yahoo
NFLX,2025-02-18,106.0,106.19999694824219,102.375,103.58499908447266,103.58499908447266,42293000,0.0,0.0,104.05333201090495,4400727570.737204,yahoo
NFLX,2025-02-19,103.51799774169922,104.5,102.45099639892578,104.33300018310547,104.33300018310547,26000000,0.0,0.0,103.76133219401042,2697794637.044271,yahoo
NFLX,2025-02-20,104.19999694824219,104.5,101.55899810791016,102.4540023803711,102.4540023803711,31118000,0.0,0.0,102.83766682942708,3200102516.398112,yahoo
NFLX,2025-02-21,102.94200134277344,103.23799896240234,99.93900299072266,100.31500244140625,100.31500244140625,37387000,0.0,0.0,101.16400146484375,3782218522.7661133,yahoo
NFLX,2025-02-24,100.80000305175781,101.51699829101562,98.447998046875,98.84700012207031,98.84700012207031,44262000,0.0,0.0,99.60399881998698,4408672195.770264,yahoo
NFLX,2025-02-25,98.94000244140625,99.44000244140625,95.5,97.7239990234375,97.7239990234375,47383000,0.0,0.0,97.55466715494792,4622432793.802897,yahoo
NFLX,2025-02-26,97.76000213623047,100.08899688720703,97.69000244140625,99.00599670410156,99.00599670410156,33972000,0.0,0.0,98.92833201090495,3360793295.074463,yahoo
NFLX,2025-02-27,99.5,100.072998046875,96.18299865722656,96.30699920654297,96.30699920654297,37666000,0.0,0.0,97.52099863688152,3673225934.6567793,yahoo
NFLX,2025-02-28,96.95600128173828,98.22699737548828,95.81700134277344,98.05599975585938,98.05599975585938,47174000,0.0,0.0,97.36666615804036,4593175109.3393955,yahoo
NFLX,2025-03-03,98.30000305175781,99.49299621582031,96.48100280761719,97.37000274658203,97.37000274658203,39074000,0.0,0.0,97.78133392333984,3820707841.720581,yahoo
NFLX,2025-03-04,97.16100311279297,98.63099670410156,94.82099914550781,97.25800323486328,97.25800323486328,43928000,0.0,0.0,96.90333302815755,4256769613.260905,yahoo
NFLX,2025-03-05,97.36199951171875,99.55999755859375,96.947998046875,99.09200286865234,99.09200286865234,38079000,0.0,0.0,98.53333282470703,3752050780.632019,yahoo
NFLX,2025-03-06,97.29900360107422,97.36900329589844,89.9000015258789,90.63600158691406,90.63600158691406,78526000,0.0,0.0,92.63500213623047,7274256177.749634,yahoo
NFLX,2025-03-07,89.76399993896484,90.48899841308594,85.80699920654297,89.11100006103516,89.11100006103516,77375000,0.0,0.0,88.46899922688802,6845288815.18046,yahoo
NFLX,2025-03-10,87.50700378417969,88.12699890136719,85.44999694824219,86.66799926757812,86.66799926757812,69953000,0.0,0.0,86.74833170572917,6068306047.810873,yahoo
NFLX,2025-03-11,86.74099731445312,91.06800079345703,86.5999984741211,89.51000213623047,89.51000213623047,73989000,0.0,0.0,89.05933380126953,6589411048.622131,yahoo
NFLX,2025-03-12,91.45999908447266,92.71800231933594,90.0999984741211,91.96800231933594,91.96800231933594,68658000,0.0,0.0,91.59533437093098,6288752467.23938,yahoo
NFLX,2025-03-13,91.30000305175781,92.18900299072266,88.7509994506836,89.01699829101562,89.01699829101562,50017000,0.0,0.0,89.9856669108073,4500813101.877849,yahoo
NFLX,2025-03-14,90.14600372314453,91.96299743652344,90.0999984741211,91.80000305175781,91.80000305175781,52007000,0.0,0.0,91.28766632080078,4747597662.345886,yahoo
NFLX,2025-03-17,93.99500274658203,96.76300048828125,93.44200134277344,95.00199890136719,95.00199890136719,75431000,0.0,0.0,95.06900024414062,7171149757.4157715,yahoo
NFLX,2025-03-18,94.0,94.82499694824219,91.62999725341797,92.99800109863281,92.99800109863281,60094000,0.0,0.0,93.15099843343098,5597816099.858602,yahoo
NFLX,2025-03-19,93.5770034790039,96.80000305175781,92.4000015258789,95.9489974975586,95.9489974975586,66624000,0.0,0.0,95.04966735839844,6332589038.0859375,yahoo
NFLX,2025-03-20,95.0009994506836,96.69999694824219,94.55000305175781,95.08399963378906,95.08399963378906,44663000,0.0,0.0,95.44466654459636,4262845141.881307,yahoo
NFLX,2025-03-21,94.16400146484375,96.36499786376953,94.09500122070312,96.02899932861328,96.02899932861328,59054000,0.0,0.0,95.49633280436198,5639440437.428793,yahoo
NFLX,2025-03-24,96.96700286865234,97.69999694824219,95.15499877929688,97.1989974975586,97.1989974975586,46779000,0.0,0.0,96.68466440836589,4522811916.358948,yahoo
NFLX,2025-03-25,97.81800079345703,99.87000274658203,97.71099853515625,99.72799682617188,99.72799682617188,37822000,0.0,0.0,99.10299936930339,3748273642.145793,yahoo
NFLX,2025-03-26,99.38099670410156,99.67900085449219,96.63200378417969,97.06500244140625,97.06500244140625,35274000,0.0,0.0,97.79200236002605,3449515091.2475586,yahoo
NFLX,2025-03-27,97.4219970703125,98.9000015258789,96.63700103759766,97.6719970703125,97.6719970703125,30472000,0.0,0.0,97.73633321126302,2978221545.6136065,yahoo
NFLX,2025-03-28,97.19999694824219,97.49800109863281,92.9229965209961,93.38500213623047,93.38500213623047,44227000,0.0,0.0,94.6019999186198,4183962650.400798,yahoo
NFLX,2025-03-31,92.0530014038086,93.447998046875,90.05899810791016,93.25299835205078,93.25299835205078,46341000,0.0,0.0,92.25333150227864,4275111635.1470947,yahoo
NFLX,2025-04-01,92.75,93.22899627685547,91.1500015258789,92.83799743652344,92.83799743652344,35200000,0.0,0.0,92.40566507975261,3252679410.807292,yahoo
NFLX,2025-04-02,92.30000305175781,94.95500183105469,91.61100006103516,93.552001953125,93.552001953125,32569000,0.0,0.0,93.37266794840495,3041054422.411601,yahoo
NFLX,2025-04-03,90.18000030517578,94.65899658203125,90.0469970703125,91.70500183105469,91.70500183105469,58646000,0.0,0.0,92.13699849446614,5403466413.706461,yahoo
NFLX,2025-04-04,89.6500015258789,90.66300201416016,85.38700103759766,85.58599853515625,85.58599853515625,67988000,0.0,0.0,87.21200052897136,5929369491.963705,yahoo
NFLX,2025-04-07,82.78500366210938,90.67400360107422,82.11000061035156,86.78299713134766,86.78299713134766,66568000,0.0,0.0,86.52233378092448,5759618715.128581,yahoo
NFLX,2025-04-08,91.24400329589844,92.24199676513672,85.7699966430664,87.04000091552734,87.04000091552734,56254000,0.0,0.0,88.35066477457683,4970078296.229045,yahoo
NFLX,2025-04-09,85.59300231933594,95.14299774169922,85.44000244140625,94.5469970703125,94.5469970703125,74980000,0.0,0.0,91.70999908447266,6876415731.35376,yahoo
NFLX,2025-04-10,93.19400024414062,94.1240005493164,89.4000015258789,92.11699676513672,92.11699676513672,51298000,0.0,0.0,91.88033294677734,4713277319.503784,yahoo
NFLX,2025-04-11,92.0,94.48600006103516,90.66799926757812,91.8290023803711,91.8290023803711,40736000,0.0,0.0,92.32766723632812,3761059852.5390625,yahoo
NFLX,2025-04-14,93.2699966430664,94.89800262451172,91.94999694824219,93.12799835205078,93.12799835205078,40359000,0.0,0.0,93.32533264160156,3766517100.0823975,yahoo
NFLX,2025-04-15,95.0,99.34500122070312,94.80000305175781,97.62799835205078,97.62799835205078,77120000,0.0,0.0,97.2576675415039,7500511320.800781,yahoo
NFLX,2025-04-16,97.62799835205078,98.12100219726562,94.91699981689453,96.16300201416016,96.16300201416016,60661000,0.0,0.0,96.40033467610677,5847740701.7873125,yahoo
NFLX,2025-04-17,96.9000015258789,98.47000122070312,95.5999984741211,97.3030014038086,97.3030014038086,88937000,0.0,0.0,97.12433369954427,8637946866.236368,yahoo
NFLX,2025-04-21,98.44000244140625,101.9000015258789,97.30500030517578,98.79100036621094,98.79100036621094,97757000,0.0,0.0,99.33200073242188,9710398395.599365,yahoo
NFLX,2025-04-22,100.52999877929688,106.49700164794922,100.4520034790039,104.03399658203125,104.03399658203125,93689000,0.0,0.0,103.66100056966145,9711895482.371012,yahoo
NFLX,2025-04-23,104.72200012207031,106.125,103.19999694824219,104.95899963378906,104.95899963378906,64719000,0.0,0.0,104.76133219401042,6780048658.26416,yahoo
NFLX,2025-04-24,104.80000305175781,110.0999984741211,104.7020034790039,109.68699645996094,109.68699645996094,63819000,0.0,0.0,108.16299947102864,6902854463.241577,yahoo
NFLX,2025-04-25,109.7040023803711,110.68000030517578,109.0999984741211,110.15299987792969,110.15299987792969,39500000,0.0,0.0,109.97766621907552,4344117815.653482,yahoo
NFLX,2025-04-28,110.0,111.4000015258789,108.26200103759766,111.03800201416016,111.03800201416016,38311000,0.0,0.0,110.23333485921223,4223149291.79128,yahoo
NFLX,2025-04-29,110.39199829101562,112.78099822998047,109.5479965209961,112.56400299072266,112.56400299072266,37773000,0.0,0.0,111.63099924723308,4216637734.565735,yahoo
NFLX,2025-04-30,111.26499938964844,113.31999969482422,110.11100006103516,113.1719970703125,113.1719970703125,42667000,0.0,0.0,112.2009989420573,4787280021.860759,yahoo
NFLX,2025-05-01,112.25199890136719,114.24199676513672,111.18299865722656,113.34700012207031,113.34700012207031,34995000,0.0,0.0,112.9239985148112,3951775328.025818,yahoo
NFLX,2025-05-02,113.66600036621094,115.94400024414062,113.33200073242188,115.64900207519531,115.64900207519531,37743000,0.0,0.0,114.97500101725261,4339501463.394165,yahoo
NFLX,2025-05-05,111.4800033569336,114.4020004272461,110.70099639892578,113.40599822998047,113.40599822998047,56623000,0.0,0.0,112.83633168538411,6389131609.021504,yahoo
NFLX,2025-05-06,112.94300079345703,114.76599884033203,112.63999938964844,113.76899719238281,113.76899719238281,32567000,0.0,0.0,113.7249984741211,3703682025.3067017,yahoo
NFLX,2025-05-07,113.91799926757812,116.4000015258789,113.80000305175781,115.54100036621094,115.54100036621094,43497000,0.0,0.0,115.24700164794922,5012898830.680847,yahoo
NFLX,2025-05-08,116.16200256347656,116.22899627685547,113.91999816894531,114.44300079345703,114.44300079345703,37609000,0.0,0.0,114.86399841308594,4319920116.317749,yahoo
NFLX,2025-05-09,114.70999908447266,115.0999984741211,113.3219985961914,114.02200317382812,114.02200317382812,25696000,0.0,0.0,114.1480000813802,2933147010.0911455,yahoo
NFLX,2025-05-12,112.4260025024414,113.0,110.29299926757812,111.0,111.0,64791000,0.0,0.0,111.43099975585938,7219725905.181885,yahoo
NFLX,2025-05-13,111.44599914550781,114.78800201416016,110.62999725341797,113.84400177001953,113.84400177001953,39979000,0.0,0.0,113.08733367919922,4521118513.160706,yahoo
NFLX,2025-05-14,112.95999908447266,115.29000091552734,112.83999633789062,115.0989990234375,115.0989990234375,39101000,0.0,0.0,114.40966542561848,4473532327.807108,yahoo
NFLX,2025-05-15,114.77400207519531,118.77999877929688,114.76499938964844,117.7979965209961,117.7979965209961,44640000,0.0,0.0,117.1143315633138,5227983760.986328,yahoo
NFLX,2025-05-16,119.31400299072266,119.6500015258789,117.93900299072266,119.15299987792969,119.15299987792969,46984000,0.0,0.0,118.91400146484375,5587055444.824219,yahoo
NFLX,2025-05-19,117.35800170898438,119.16400146484375,117.1709976196289,119.16400146484375,119.16400146484375,28534000,0.0,0.0,118.49966684977214,3381269493.8913984,yahoo
NFLX,2025-05-20,118.67900085449219,119.30000305175781,117.9020004272461,119.2020034790039,119.2020034790039,21331000,0.0,0.0,118.80133565266927,2534151290.807088,yahoo
NFLX,2025-05-21,118.6500015258789,121.12200164794922,118.6500015258789,119.46299743652344,119.46299743652344,29766000,0.0,0.0,119.74500020345052,3564329676.055908,yahoo
NFLX,2025-05-22,119.23999786376953,119.875,118.72100067138672,118.7969970703125,118.7969970703125,18616000,0.0,0.0,119.13099924723308,2217742681.986491,yahoo
NFLX,2025-05-23,118.4000015258789,119.1449966430664,117.94400024414062,118.53900146484375,118.53900146484375,21865000,0.0,0.0,118.54266611735027,2591935394.655864,yahoo
NFLX,2025-05-27,119.53299713134766,121.177001953125,119.30899810791016,121.15699768066406,121.15699768066406,29205000,0.0,0.0,120.54766591389973,3520594583.015442,yahoo
NFLX,2025-05-28,121.0270004272461,121.59100341796875,120.60199737548828,120.8550033569336,120.8550033569336,18559000,0.0,0.0,121.01600138346355,2245935969.6757,yahoo
NFLX,2025-05-29,120.80000305175781,120.9000015258789,117.62799835205078,118.48600006103516,118.48600006103516,33007000,0.0,0.0,119.00466664632161,3927987031.995137,yahoo
NFLX,2025-05-30,119.83300018310547,121.18099975585938,118.09300231933594,120.7229995727539,120.7229995727539,46968000,0.0,0.0,119.9990005493164,5636113057.800293,yahoo
NFLX,2025-06-02,120.12000274658203,121.94000244140625,119.625,121.89800262451172,121.89800262451172,22942000,0.0,0.0,121.15433502197266,2779522754.0740967,yahoo
NFLX,2025-06-03,121.98699951171875,122.95700073242188,121.11799621582031,121.79399871826172,121.79399871826172,23638000,0.0,0.0,121.95633188883464,2882803773.1882734,yahoo
NFLX,2025-06-04,122.072998046875,124.25599670410156,121.98799896240234,123.96600341796875,123.96600341796875,23594000,0.0,0.0,123.40333302815755,2911578239.466349,yahoo
NFLX,2025-06-05,124.05999755859375,126.28099822998047,123.72899627685547,125.052001953125,125.052001953125,28172000,0.0,0.0,125.02066548665364,3522082188.0900064,yahoo
NFLX,2025-06-06,125.94100189208984,126.0,123.55500030517578,124.14700317382812,124.14700317382812,25570000,0.0,0.0,124.5673344930013,3185186742.986043,yahoo
NFLX,2025-06-09,123.88800048828125,123.88800048828125,122.15699768066406,122.44599914550781,122.44599914550781,24031000,0.0,0.0,122.83033243815105,2951735718.821208,yahoo
NFLX,2025-06-10,122.75199890136719,122.75199890136719,118.06099700927734,120.36199951171875,120.36199951171875,44544000,0.0,0.0,120.39166514078777,5362726332.03125,yahoo
NFLX,2025-06-11,120.26000213623047,122.8290023803711,119.60099792480469,121.98799896240234,121.98799896240234,23823000,0.0,0.0,121.47266642252605,2893843332.183838,yahoo
NFLX,2025-06-12,122.25900268554688,123.0,121.19599914550781,121.50299835205078,121.50299835205078,20846000,0.0,0.0,121.89966583251953,2541120433.944702,yahoo
NFLX,2025-06-13,120.65899658203125,122.06199645996094,120.18900299072266,121.21499633789062,121.21499633789062,22103000,0.0,0.0,121.15533192952473,2677896301.638285,yahoo
NFLX,2025-06-16,121.22000122070312,122.625,121.22000122070312,122.53500366210938,122.53500366210938,21128000,0.0,0.0,122.12666829427083,2580292247.721354,yahoo
NFLX,2025-06-17,121.99500274658203,123.23600006103516,121.60900115966797,122.06700134277344,122.06700134277344,18921000,0.0,0.0,122.30400085449219,2314114000.1678467,yahoo
NFLX,2025-06-18,122.9990005493164,124.19999694824219,122.05000305175781,122.22899627685547,122.22899627685547,22810000,0.0,0.0,122.82633209228516,2801668635.0250244,yahoo
NFLX,2025-06-20,123.44499969482422,124.8499984741211,122.43499755859375,123.14099884033203,123.14099884033203,53482000,0.0,0.0,123.47533162434895,6603707685.933431,yahoo
NFLX,2025-06-23,123.8030014038086,125.48400115966797,121.5009994506836,125.35399627685547,125.35399627685547,26673000,0.0,0.0,124.11299896240234,3310466021.3241577,yahoo
NFLX,2025-06-24,126.05500030517578,128.2570037841797,125.5,127.91100311279297,127.91100311279297,26633000,0.0,0.0,127.22266896565755,3388321342.5623574,yahoo
NFLX,2025-06-25,128.6840057373047,129.8000030517578,127.38099670410156,127.5250015258789,127.5250015258789,21465000,0.0,0.0,128.23533376057944,2752571439.1708374,yahoo
NFLX,2025-06-26,128.0,130.73399353027344,128.0,130.66700744628906,130.66700744628906,26059000,0.0,0.0,129.80033365885416,3382466894.8160806,yahoo
NFLX,2025-06-27,130.68800354003906,133.13499450683594,130.10000610351562,132.31199645996094,132.31199645996094,40709000,0.0,0.0,131.8489990234375,5367440901.245117,yahoo
NFLX,2025-06-30,133.10000610351562,134.11500549316406,132.12100219726562,133.91299438476562,133.91299438476562,32829000,0.0,0.0,133.38300069173178,4378830529.708862,yahoo
NFLX,2025-07-01,133.822998046875,133.8769989013672,128.2220001220703,129.36000061035156,129.36000061035156,49936000,0.0,0.0,130.48633321126303,6515965535.237631,yahoo
NFLX,2025-07-02,129.6959991455078,129.9949951171875,127.15899658203125,128.48599243164062,128.48599243164062,30488000,0.0,0.0,128.54666137695312,3919130612.060547,yahoo
NFLX,2025-07-03,129.1999969482422,130.2259979248047,127.97599792480469,129.71800231933594,129.71800231933594,20062000,0.0,0.0,129.3066660563151,2594150334.4217935,yahoo
NFLX,2025-07-07,129.5,129.5,127.60199737548828,128.96200561523438,128.96200561523438,22737000,0.0,0.0,128.68800099690756,2925979078.666687,yahoo
NFLX,2025-07-08,129.08999633789062,129.3249969482422,126.0,127.53099822998047,127.53099822998047,32925000,0.0,0.0,127.61866505940755,4201844547.0809937,yahoo
NFLX,2025-07-09,127.39900207519531,128.82899475097656,126.6240005493164,128.8280029296875,128.8280029296875,23845000,0.0,0.0,128.09366607666016,3054393467.5979614,yahoo
NFLX,2025-07-10,128.5500030517578,128.9600067138672,124.60099792480469,125.05899810791016,125.05899810791016,42308000,0.0,0.0,126.20666758219402,5339551692.067465,yahoo
NFLX,2025-07-11,125.97899627685547,126.0999984741211,123.12999725341797,124.51100158691406,124.51100158691406,39572000,0.0,0.0,124.58033243815105,4929892915.242514,yahoo
NFLX,2025-07-14,124.49099731445312,127.04900360107422,124.0,126.19499969482422,126.19499969482422,27810000,0.0,0.0,125.74800109863281,3497051910.5529785,yahoo
NFLX,2025-07-15,126.19999694824219,127.12200164794922,124.3239974975586,126.0270004272461,126.0270004272461,28017000,0.0,0.0,125.82433319091797,3525220343.0099487,yahoo
NFLX,2025-07-16,126.1709976196289,127.0999984741211,124.98200225830078,125.03099822998047,125.03099822998047,32270000,0.0,0.0,125.70433298746745,4056478825.5055747,yahoo
NFLX,2025-07-17,125.30000305175781,127.75,124.4800033569336,127.41699981689453,127.41699981689453,64699000,0.0,0.0,126.5490010579427,8187593819.447835,yahoo
NFLX,2025-07-18,124.19599914550781,124.6500015258789,120.10099792480469,120.92400360107422,120.92400360107422,106933000,0.0,0.0,121.89166768391927,13034241700.444538,yahoo
NFLX,2025-07-21,120.5999984741211,123.70999908447266,119.80000305175781,123.3270034790039,123.3270034790039,56276000,0.0,0.0,122.2790018717448,6881373109.334311,yahoo
NFLX,2025-07-22,123.03800201416016,123.23699951171875,118.75,119.00800323486328,119.00800323486328,50630000,0.0,0.0,120.33166758219402,6092392329.686483,yahoo
NFLX,2025-07-23,118.98100280761719,119.26200103759766,117.36000061035156,117.6780014038086,117.6780014038086,45043000,0.0,0.0,118.10000101725261,5319578345.820109,yahoo
NFLX,2025-07-24,117.77999877929688,118.3499984741211,116.26599884033203,118.07599639892578,118.07599639892578,38456000,0.0,0.0,117.56399790445964,4521041103.4139,yahoo
NFLX,2025-07-25,117.84200286865234,118.73200225830078,117.43800354003906,118.04900360107422,118.04900360107422,26293000,0.0,0.0,118.07300313313802,3104493471.3795977,yahoo
NFLX,2025-07-28,118.12000274658203,119.77899932861328,116.85299682617188,117.45999908447266,117.45999908447266,34470000,0.0,0.0,118.03066507975261,4068517025.2990723,yahoo
NFLX,2025-07-29,117.9000015258789,117.95999908447266,116.3290023803711,116.8740005493164,116.8740005493164,27525000,0.0,0.0,117.05433400472005,3221920543.4799194,yahoo
NFLX,2025-07-30,116.8550033569336,118.48500061035156,116.61000061035156,118.41999816894531,118.41999816894531,29227000,0.0,0.0,117.83833312988281,3444060962.387085,yahoo
NFLX,2025-07-31,118.4800033569336,119.0,115.77400207519531,115.94000244140625,115.94000244140625,37129000,0.0,0.0,116.90466817220052,4340553424.565633,yahoo
NFLX,2025-08-01,116.3010025024414,117.85099792480469,115.28500366210938,115.86000061035156,115.86000061035156,38910000,0.0,0.0,116.33200073242188,4526478148.498535,yahoo
NFLX,2025-08-04,116.76499938964844,117.69999694824219,116.26200103759766,117.0989990234375,117.0989990234375,22447000,0.0,0.0,117.02033233642578,2626755399.9557495,yahoo
NFLX,2025-08-05,117.0999984741211,117.1709976196289,114.47100067138672,114.78700256347656,114.78700256347656,26607000,0.0,0.0,115.47633361816406,3072478808.578491,yahoo
NFLX,2025-08-06,115.35199737548828,118.13800048828125,115.18699645996094,117.8479995727539,117.8479995727539,33622000,0.0,0.0,117.0576655069987,3935712829.6763105,yahoo
NFLX,2025-08-07,118.1760025024414,119.12200164794922,116.81999969482422,118.03700256347656,118.03700256347656,26283000,0.0,0.0,117.99300130208333,3101210053.2226562,yahoo
NFLX,2025-08-08,118.31900024414062,121.41100311279297,118.03700256347656,121.16400146484375,121.16400146484375,38167000,0.0,0.0,120.2040023803711,4587826158.851624,yahoo
NFLX,2025-08-11,121.4010009765625,122.30699920654297,120.19300079345703,121.83100128173828,121.83100128173828,24556000,0.0,0.0,121.44366709391277,2982170689.158122,yahoo
NFLX,2025-08-12,122.5,123.1989974975586,120.6510009765625,122.52799987792969,122.52799987792969,22788000,0.0,0.0,122.1259994506836,2783007275.4821777,yahoo
NFLX,2025-08-13,123.4000015258789,123.71199798583984,120.30000305175781,120.44400024414062,120.44400024414062,27624000,0.0,0.0,121.48533376057942,3355910859.802246,yahoo
NFLX,2025-08-14,120.98899841308594,124.40899658203125,120.7030029296875,123.05599975585938,123.05599975585938,39047000,0.0,0.0,122.72266642252605,4791951955.800375,yahoo
NFLX,2025-08-15,123.40399932861328,124.69400024414062,122.78800201416016,123.8949966430664,123.8949966430664,27678000,0.0,0.0,123.79233296712239,3426324191.8640137,yahoo
NFLX,2025-08-18,123.56300354003906,125.11599731445312,123.54499816894531,124.50900268554688,124.50900268554688,21111000,0.0,0.0,124.38999938964844,2625997277.114868,yahoo
NFLX,2025-08-19,124.0199966430664,124.0999984741211,119.27899932861328,121.41500091552734,121.41500091552734,37077000,0.0,0.0,121.5979995727539,4508489030.158997,yahoo
NFLX,2025-08-20,121.80000305175781,122.30000305175781,119.33100128173828,121.38600158691406,121.38600158691406,24344000,0.0,0.0,121.00566864013672,2945761997.3754883,yahoo
NFLX,2025-08-21,121.14299774169922,122.13999938964844,119.76399993896484,120.62100219726562,120.62100219726562,20472000,0.0,0.0,120.84166717529297,2473870610.4125977,yahoo
NFLX,2025-08-22,120.88800048828125,121.36199951171875,119.822998046875,120.46499633789062,120.46499633789062,31281000,0.0,0.0,120.5499979654948,3770924486.3586426,yahoo
NFLX,2025-08-25,120.16500091552734,123.37999725341797,119.9000015258789,121.80699920654297,121.80699920654297,28120000,0.0,0.0,121.69566599527995,3422082127.7872725,yahoo
NFLX,2025-08-26,122.02100372314453,123.1500015258789,121.22000122070312,122.60900115966797,122.60900115966797,19857000,0.0,0.0,122.32633463541667,2429034026.8554688,yahoo
NFLX,2025-08-27,122.36100006103516,122.9209976196289,121.30000305175781,122.3499984741211,122.3499984741211,16645000,0.0,0.0,122.19033304850261,2033858093.592326,yahoo
NFLX,2025-08-28,122.27899932861328,123.78900146484375,121.427001953125,123.1449966430664,123.1449966430664,19503000,0.0,0.0,122.78700002034505,2394714861.3967896,yahoo
NFLX,2025-08-29,122.7969970703125,122.87899780273438,120.11499786376953,120.82499694824219,120.82499694824219,32098000,0.0,0.0,121.2729975382487,3892620674.982707,yahoo
NFLX,2025-09-02,119.69999694824219,121.54000091552734,118.27999877929688,121.41100311279297,121.41100311279297,23033000,0.0,0.0,120.41033426920573,2773411229.2226157,yahoo
NFLX,2025-09-03,120.51399993896484,122.69999694824219,120.33799743652344,122.61799621582031,122.61799621582031,24715000,0.0,0.0,121.88533020019531,3012395935.897827,yahoo
NFLX,2025-09-04,122.31999969482422,125.74800109863281,122.30899810791016,125.74800109863281,125.74800109863281,30235000,0.0,0.0,124.60166676839192,3767331394.7423296,yahoo
NFLX,2025-09-05,126.0,126.70999908447266,123.9020004272461,124.38200378417969,124.38200378417969,23797000,0.0,0.0,124.99800109863281,2974577432.144165,yahoo
NFLX,2025-09-08,124.85399627685547,125.2040023803711,123.19999694824219,124.47599792480469,124.47599792480469,19151000,0.0,0.0,124.29333241780598,2380341609.1334023,yahoo
NFLX,2025-09-09,124.66699981689453,126.5719985961914,124.66699981689453,126.32499694824219,126.32499694824219,22197000,0.0,0.0,125.8546651204427,2793596001.678467,yahoo
NFLX,2025-09-10,126.39700317382812,126.69999694824219,124.63600158691406,124.77100372314453,124.77100372314453,27010000,0.0,0.0,125.36900075276692,3386216710.3322344,yahoo
NFLX,2025-09-11,125.0999984741211,125.34500122070312,119.19999694824219,120.3499984741211,120.3499984741211,56823000,0.0,0.0,121.6316655476888,6911476131.416321,yahoo
NFLX,2025-09-12,120.30599975585938,121.1780014038086,118.23999786376953,118.84400177001953,118.84400177001953,37849000,0.0,0.0,119.42066701253255,4519952825.757344,yahoo
NFLX,2025-09-15,118.83999633789062,120.7239990234375,117.32099914550781,120.22599792480469,120.22599792480469,29093000,0.0,0.0,119.42366536458333,3474392696.4518228,yahoo
NFLX,2025-09-16,120.56400299072266,120.9000015258789,119.72799682617188,120.0510025024414,120.0510025024414,24047000,0.0,0.0,120.22633361816406,2891082644.515991,yahoo
NFLX,2025-09-17,122.10199737548828,123.39299774169922,120.66100311279297,122.8499984741211,122.8499984741211,34598000,0.0,0.0,122.30133310953777,4231381522.9237876,yahoo
NFLX,2025-09-18,122.08200073242188,123.30000305175781,120.55000305175781,120.77799987792969,120.77799987792969,31691000,0.0,0.0,121.54266866048177,3851808712.5193276,yahoo
NFLX,2025-09-19,121.86199951171875,122.99500274658203,120.80999755859375,122.6969985961914,122.6969985961914,49476000,0.0,0.0,122.16733296712239,6044350965.881348,yahoo
NFLX,2025-09-22,122.19000244140625,122.97599792480469,121.42400360107422,122.73699951171875,122.73699951171875,25468000,0.0,0.0,122.37900034586589,3116748380.8085127,yahoo
NFLX,2025-09-23,122.73300170898438,122.77899932861328,120.84700012207031,121.84700012207031,121.84700012207031,24991000,0.0,0.0,121.82433319091797,3044511910.774231,yahoo
NFLX,2025-09-24,121.86100006103516,122.1500015258789,119.41999816894531,120.3949966430664,120.3949966430664,27731000,0.0,0.0,120.65499877929688,3345883771.1486816,yahoo
NFLX,2025-09-25,120.30899810791016,121.68399810791016,119.1510009765625,120.8239974975586,120.8239974975586,19978000,0.0,0.0,120.55299886067708,2408407811.2386065,yahoo
NFLX,2025-09-26,120.54199981689453,121.4000015258789,120.0,121.06099700927734,121.06099700927734,19450000,0.0,0.0,120.82033284505208,2349955473.8362627,yahoo
NFLX,2025-09-29,120.5,122.4489974975586,118.75399780273438,120.64099884033203,120.64099884033203,30332000,0.0,0.0,120.61466471354167,3658484010.091146,yahoo
NFLX,2025-09-30,120.64099884033203,120.8499984741211,117.80000305175781,119.89199829101562,119.89199829101562,38303000,0.0,0.0,119.51399993896484,4577744739.66217,yahoo
NFLX,2025-10-01,117.54900360107422,117.91400146484375,116.32099914550781,117.08999633789062,117.08999633789062,41102000,0.0,0.0,117.10833231608073,4813386674.855551,yahoo
NFLX,2025-10-02,116.1500015258789,116.33300018310547,113.4000015258789,116.25299835205078,116.25299835205078,46855000,0.0,0.0,115.32866668701172,5403724677.619934,yahoo
NFLX,2025-10-03,116.5,116.80000305175781,114.3219985961914,115.33200073242188,115.33200073242188,31374000,0.0,0.0,115.4846674601237,3623215956.893921,yahoo
NFLX,2025-10-06,116.03700256347656,116.35800170898438,114.54499816894531,116.33100128173828,116.33100128173828,29686000,0.0,0.0,115.74466705322266,3435996186.141968,yahoo
NFLX,2025-10-07,117.77899932861328,120.13700103759766,117.74600219726562,119.10600280761719,119.10600280761719,33091000,0.0,0.0,118.99633534749348,3937707732.9839067,yahoo
NFLX,2025-10-08,119.71099853515625,121.73899841308594,119.19999694824219,121.42500305175781,121.42500305175781,28514000,0.0,0.0,120.78799947102864,3444149016.9169106,yahoo
NFLX,2025-10-09,121.42500305175781,123.75,121.18199920654297,123.10700225830078,123.10700225830078,28241000,0.0,0.0,122.67966715494792,3464596480.1228843,yahoo
NFLX,2025-10-10,122.9000015258789,124.69999694824219,121.91000366210938,122.00800323486328,122.00800323486328,42798000,0.0,0.0,122.87266794840495,5258704442.855835,yahoo
NFLX,2025-10-13,122.13500213623047,123.11199951171875,120.68099975585938,121.90299987792969,121.90299987792969,24608000,0.0,0.0,121.89866638183594,2999682382.3242188,yahoo
NFLX,2025-10-14,121.4749984741211,122.42900085449219,120.30999755859375,121.53500366210938,121.53500366210938,23624000,0.0,0.0,121.42466735839844,2868536341.6748047,yahoo
NFLX,2025-10-15,121.3010025024414,121.96199798583984,120.16100311279297,120.3290023803711,120.3290023803711,20252000,0.0,0.0,120.8173344930013,2446792658.152262,yahoo
NFLX,2025-10-16,121.21499633789062,121.6709976196289,117.5999984741211,118.35900115966797,118.35900115966797,28326000,0.0,0.0,119.20999908447266,3376742434.0667725,yahoo
NFLX,2025-10-17,118.36000061035156,120.31199645996094,117.8949966430664,119.93599700927734,119.93599700927734,29571000,0.0,0.0,119.38099670410156,3530215453.5369873,yahoo
NFLX,2025-10-20,120.78800201416016,124.7760009765625,120.69000244140625,123.85600280761719,123.85600280761719,39862000,0.0,0.0,123.10733540852864,4907304604.054769,yahoo
NFLX,2025-10-21,124.28299713134766,124.86000061035156,123.1760025024414,124.13500213623047,124.13500213623047,65082000,0.0,0.0,124.05700174967448,8073877787.872314,yahoo
NFLX,2025-10-22,114.29000091552734,115.76000213623047,111.2509994506836,111.63700103759766,111.63700103759766,147890000,0.0,0.0,112.8826675415039,16694217702.713013,yahoo
NFLX,2025-10-23,112.69000244140625,112.78299713134766,109.9729995727539,111.35900115966797,111.35900115966797,68497000,0.0,0.0,111.37166595458984,7628625002.891541,yahoo
NFLX,2025-10-24,111.0999984741211,111.45099639892578,109.44100189208984,109.46900177001953,109.46900177001953,60280000,0.0,0.0,110.12033335367839,6638053694.559733,yahoo
NFLX,2025-10-27,110.06700134277344,110.22799682617188,108.7300033569336,109.45600128173828,109.45600128173828,46911000,0.0,0.0,109.47133382161458,5135409740.905762,yahoo
NFLX,2025-10-28,109.4000015258789,111.697998046875,109.3010025024414,110.25,110.25,40209000,0.0,0.0,110.4163335164388,4439730354.362488,yahoo
NFLX,2025-10-29,109.98400115966797,110.8550033569336,109.5999984741211,110.04100036621094,110.04100036621094,33995000,0.0,0.0,110.1653340657552,3745070531.565348,yahoo
NFLX,2025-10-30,109.44000244140625,110.61599731445312,108.81099700927734,108.9000015258789,108.9000015258789,41581000,0.0,0.0,109.4423319498698,4550721604.807536,yahoo
NFLX,2025-10-31,110.53900146484375,113.48799896240234,110.197998046875,111.88600158691406,111.88600158691406,68665000,0.0,0.0,111.85733286539714,7680683761.202495,yahoo
NFLX,2025-11-03,113.3239974975586,113.3499984741211,107.51499938964844,110.00900268554688,110.00900268554688,58634000,0.0,0.0,110.2913335164388,6466822049.402872,yahoo
NFLX,2025-11-04,109.9990005493164,110.45999908447266,108.66799926757812,109.2959976196289,109.2959976196289,38718000,0.0,0.0,109.47466532389323,4238640092.010498,yahoo
NFLX,2025-11-05,108.5,110.08499908447266,107.33699798583984,109.84600067138672,109.84600067138672,35539000,0.0,0.0,109.0893325805664,3876925790.5807495,yahoo
NFLX,2025-11-06,109.45800018310547,110.37000274658203,108.51300048828125,109.7020034790039,109.7020034790039,36532000,0.0,0.0,109.52833557128906,4001289155.090332,yahoo
NFLX,2025-11-07,109.41799926757812,110.8219985961914,108.75,110.36599731445312,110.36599731445312,44125000,0.0,0.0,109.97933197021484,4852838023.18573,yahoo
NFLX,2025-11-10,110.6719970703125,112.81999969482422,110.40499877929688,112.00700378417969,112.00700378417969,36929000,0.0,0.0,111.74400075276692,4126594203.7989297,yahoo
NFLX,2025-11-11,111.76000213623047,113.9219970703125,111.27999877929688,113.64399719238281,113.64399719238281,27966000,0.0,0.0,112.94866434733073,3158722347.137451,yahoo
NFLX,2025-11-12,113.81700134277344,116.43399810791016,112.82599639892578,115.75,115.75,39221000,0.0,0.0,115.00333150227864,4510545664.85087,yahoo
NFLX,2025-11-13,115.8499984741211,116.73300170898438,114.56900024414062,115.4229965209961,115.4229965209961,40144000,0.0,0.0,115.5749994913737,4639642779.581706,yahoo
NFLX,2025-11-14,114.27300262451172,114.27300262451172,110.72100067138672,111.21700286865234,111.21700286865234,47607000,0.0,0.0,112.0703353881836,5335332456.825256,yahoo
NFLX,2025-11-17,110.75,111.8499984741211,109.55000305175781,110.29000091552734,110.29000091552734,26082700,0.0,10.0,110.56333414713542,2883790275.5594893,yahoo
NFLX,2025-11-18,110.29000091552734,115.25,109.19999694824219,114.08999633789062,114.08999633789062,43440600,0.0,0.0,112.84666442871094,4902126810.78186,yahoo
NFLX,2025-11-19,113.0,113.33999633789062,108.61000061035156,110.0,110.0,31868100,0.0,0.0,110.64999898274739,3526205232.5820923,yahoo
NFLX,2025-11-20,111.0,111.0999984741211,105.38999938964844,105.66999816894531,105.66999816894531,36918500,0.0,0.0,107.38666534423828,3964554604.511261,yahoo
NFLX,2025-11-21,105.12999725341797,106.52999877929688,103.80999755859375,104.30999755859375,104.30999755859375,41232700,0.0,0.0,104.88333129882812,4324622934.44519,yahoo
NFLX,2025-11-24,104.25,108.04000091552734,103.31999969482422,106.97000122070312,106.97000122070312,62918300,0.0,0.0,106.11000061035156,6676260851.402283,yahoo
NFLX,2025-11-25,106.12000274658203,106.30000305175781,103.81999969482422,104.4000015258789,104.4000015258789,35122600,0.0,0.0,104.84000142415364,3682253434.0199785,yahoo
NFLX,2025-11-26,105.73999786376953,106.94999694824219,105.22000122070312,106.13999938964844,106.13999938964844,27951000,0.0,0.0,106.10333251953125,2965694247.253418,yahoo
NFLX,2025-11-28,106.44000244140625,107.94000244140625,106.23999786376953,107.58000183105469,107.58000183105469,15021600,0.0,0.0,107.25333404541016,1611116682.6965332,yahoo
NFLX,2025-12-01,106.51000213623047,109.33999633789062,106.30999755859375,109.12999725341797,109.12999725341797,24873400,0.0,0.0,108.25999704996745,2692794210.6226606,yahoo
NFLX,2025-12-02,109.20999908447266,109.7300033569336,107.5199966430664,109.3499984741211,109.3499984741211,25763000,0.0,0.0,108.86666615804036,2804731920.2295938,yahoo
NFLX,2025-12-03,106.58999633789062,106.87000274658203,102.02999877929688,103.95999908447266,103.95999908447266,53593400,0.0,0.0,104.28666687011719,5589077052.236938,yahoo
NFLX,2025-12-04,103.56999969482422,103.80000305175781,101.7699966430664,103.22000122070312,103.22000122070312,51779100,0.0,0.0,102.93000030517578,5329622778.801727,yahoo
NFLX,2025-12-05,98.77999877929688,104.79000091552734,97.73999786376953,100.23999786376953,100.23999786376953,133363600,0.0,0.0,100.92333221435547,13459498908.102417,yahoo
NFLX,2025-12-08,99.87000274658203,99.88999938964844,95.30000305175781,96.79000091552734,96.79000091552734,100906300,0.0,0.0,97.32666778564453,9820873937.578583,yahoo
NFLX,2025-12-09,97.02999877929688,97.23999786376953,95.44999694824219,96.70999908447266,96.70999908447266,51745600,0.0,0.0,96.46666463216145,4991725441.389974,yahoo
NFLX,2025-12-10,96.73999786376953,96.97000122070312,92.3499984741211,92.70999908447266,92.70999908447266,74129300,0.0,0.0,94.00999959309895,6968895462.83671,yahoo
NFLX,2025-12-11,93.9000015258789,94.81999969482422,92.76000213623047,94.08999633789062,94.08999633789062,43949000,0.0,0.0,93.88999938964844,4126371583.175659,yahoo
NFLX,2025-12-12,95.5,96.91999816894531,94.6500015258789,95.19000244140625,95.19000244140625,49323100,0.0,0.0,95.58666737874348,4714630753.788503,yahoo
NFLX,2025-12-15,96.0199966430664,96.37000274658203,93.52999877929688,93.7699966430664,93.7699966430664,40016500,0.0,0.0,94.55666605631511,3783826827.2425337,yahoo
NFLX,2025-12-16,93.87999725341797,94.93000030517578,93.31999969482422,94.56999969482422,94.56999969482422,34265000,0.0,0.0,94.27333323160808,3230275763.181051,yahoo
NFLX,2025-12-17,95.9800033569336,97.33000183105469,94.45999908447266,94.79000091552734,94.79000091552734,50472800,0.0,0.0,95.52666727701823,4821498372.139486,yahoo
NFLX,2025-12-18,95.0199966430664,95.80999755859375,93.58999633789062,94.0,94.0,37244700,0.0,0.0,94.46666463216145,3518382584.225464,yahoo
NFLX,2025-12-19,93.56999969482422,95.54000091552734,93.44999694824219,94.38999938964844,94.38999938964844,78990200,0.0,0.0,94.45999908447266,7461414219.682312,yahoo
NFLX,2025-12-22,94.70999908447266,94.70999908447266,92.91000366210938,93.2300033569336,93.2300033569336,39484800,0.0,0.0,93.61666870117188,3696435440.3320312,yahoo
NFLX,2025-12-23,93.4000015258789,93.80999755859375,91.33000183105469,93.5,93.5,25896200,0.0,0.0,92.87999979654948,2405239050.731405,yahoo
NFLX,2025-12-24,93.11000061035156,93.68000030517578,92.66999816894531,93.63999938964844,93.63999938964844,12427900,0.0,0.0,93.32999928792317,1159895898.1503804,yahoo
NFLX,2025-12-26,93.4800033569336,94.69000244140625,93.2699966430664,94.47000122070312,94.47000122070312,22068300,0.0,0.0,94.1433334350586,2077583325.2449036,yahoo
NFLX,2025-12-29,93.98999786376953,94.97000122070312,93.62999725341797,94.1500015258789,94.1500015258789,24493700,0.0,0.0,94.25,2308531225.0,yahoo
NFLX,2025-12-30,93.5199966430664,93.98999786376953,93.33999633789062,93.77999877929688,93.77999877929688,23422000,0.0,0.0,93.70333099365234,2194719418.533325,yahoo
NFLX,2025-12-31,93.5999984741211,94.30999755859375,93.19999694824219,93.76000213623047,93.76000213623047,23495200,0.0,0.0,93.7566655476888,2202831608.3760576,yahoo
NFLX,2026-01-02,94.12999725341797,94.12999725341797,90.80999755859375,90.98999786376953,90.98999786376953,41155400,0.0,0.0,91.97666422526042,3785336406.8562827,yahoo
NFLX,2026-01-05,90.91999816894531,92.62999725341797,90.83999633789062,91.45999908447266,91.45999908447266,39183300,0.0,0.0,91.64333089192708,3590888127.3376465,yahoo
NFLX,2026-01-06,91.54000091552734,91.63999938964844,89.73999786376953,90.6500015258789,90.6500015258789,43331000,0.0,0.0,90.67666625976562,3929110625.7019043,yahoo
NFLX,2026-01-07,91.55999755859375,92.41999816894531,90.05999755859375,90.7300033569336,90.7300033569336,36525700,0.0,0.0,91.06999969482422,3326395487.853241,yahoo
NFLX,2026-01-08,90.44999694824219,91.25,89.58000183105469,90.52999877929688,90.52999877929688,40068700,0.0,0.0,90.45333353678386,3624347485.4853315,yahoo
NFLX,2026-01-09,90.02999877929688,90.05000305175781,88.31999969482422,89.45999908447266,89.45999908447266,55579500,0.0,0.0,89.27666727701823,4961952528.923035,yahoo
NFLX,2026-01-12,89.69000244140625,90.33999633789062,89.33000183105469,89.41000366210938,89.41000366210938,36290600,0.0,0.0,89.69333394368489,3255024904.816691,yahoo
NFLX,2026-01-13,89.44000244140625,91.1500015258789,89.06999969482422,90.31999969482422,90.31999969482422,45221100,0.0,0.0,90.18000030517578,4078038811.8003845,yahoo
NFLX,2026-01-14,91.23999786376953,91.58000183105469,87.94999694824219,88.55000305175781,88.55000305175781,49737700,0.0,0.0,89.36000061035156,4444560902.357483,yahoo
NFLX,2026-01-15,89.0199966430664,89.88999938964844,87.81999969482422,88.05000305175781,88.05000305175781,36945100,0.0,0.0,88.58666737874348,3272843284.974416,yahoo
NFLX,2026-01-16,88.33999633789062,88.51000213623047,87.77999877929688,88.0,88.0,48130500,0.0,0.0,88.09666697184245,4240136629.688263,yahoo
NFLX,2026-01-20,88.97000122070312,89.9000015258789,87.0199966430664,87.26000213623047,87.26000213623047,109729700,0.0,0.0,88.06000010172527,9662797393.162283,yahoo
NFLX,2026-01-21,82.5199966430664,86.0,81.93000030517578,85.36000061035156,85.36000061035156,127940700,0.0,0.0,84.43000030517578,10802033340.044403,yahoo
NFLX,2026-01-22,85.0199966430664,85.0999984741211,82.9800033569336,83.54000091552734,83.54000091552734,69113300,0.0,0.0,83.87333424886067,5796762911.941782,yahoo
NFLX,2026-01-23,83.43000030517578,86.30000305175781,83.27999877929688,86.12000274658203,86.12000274658203,64520400,0.0,0.0,85.23333485921223,5499288858.450317,yahoo
NFLX,2026-01-26,86.91999816894531,86.94000244140625,85.3499984741211,85.69999694824219,85.69999694824219,40941900,0.0,0.0,85.99666595458984,3520866897.846222,yahoo
NFLX,2026-01-27,85.27999877929688,85.5999984741211,83.87999725341797,85.58000183105469,85.58000183105469,37790800,0.0,0.0,85.01999918619792,3212973785.2457685,yahoo
NFLX,2026-01-28,85.62999725341797,86.47000122070312,84.30000305175781,84.63999938964844,84.63999938964844,37762600,0.0,0.0,85.1366678873698,3214981934.763591,yahoo
NFLX,2026-01-29,84.30999755859375,84.37999725341797,82.3499984741211,83.16000366210938,83.16000366210938,42278100,0.0,0.0,83.29666646321614,3521624794.3984985,yahoo
NFLX,2026-01-30,83.0999984741211,84.05999755859375,82.77999877929688,83.48999786376953,83.48999786376953,45755000,0.0,0.0,83.44333140055339,3817949628.2323203,yahoo
NFLX,2026-02-02,83.52999877929688,85.2699966430664,82.72000122070312,82.76000213623047,82.76000213623047,41445300,0.0,0.0,83.58333333333333,3464136325.0,yahoo
NFLX,2026-02-03,82.2300033569336,82.44999694824219,79.62000274658203,79.94000244140625,79.94000244140625,49789000,0.0,0.0,80.67000071207683,4016478665.4535933,yahoo
NFLX,2026-02-04,79.98999786376953,81.44000244140625,79.2300033569336,80.16000366210938,80.16000366210938,48963200,0.0,0.0,80.27666982014973,3930602639.7379556,yahoo
NFLX,2026-02-05,81.48999786376953,83.30000305175781,80.54000091552734,80.87000274658203,80.87000274658203,54805700,0.0,0.0,81.57000223795573,4470501071.652731,yahoo
NFLX,2026-02-06,81.0199966430664,82.48999786376953,80.6500015258789,82.19999694824219,82.19999694824219,46154100,0.0,0.0,81.77999877929688,3774482241.659546,yahoo
NFLX,2026-02-09,82.18000030517578,82.20999908447266,79.87000274658203,81.47000122070312,81.47000122070312,42200200,0.0,0.0,81.18333435058594,3425952946.2615967,yahoo
NFLX,2026-02-10,82.72000122070312,84.66000366210938,82.08999633789062,82.20999908447266,82.20999908447266,43595800,0.0,0.0,82.98666636149089,3617870109.3622847,yahoo
NFLX,2026-02-11,81.95999908447266,82.4800033569336,79.44999694824219,79.62000274658203,79.62000274658203,40840300,0.0,0.0,80.51666768391927,3288324863.211568,yahoo
NFLX,2026-02-12,79.11000061035156,79.1500015258789,75.2300033569336,75.86000061035156,75.86000061035156,73516100,0.0,0.0,76.74666849772136,5642115755.9453335,yahoo
NFLX,2026-02-13,76.13999938964844,77.18000030517578,75.52999877929688,76.87000274658203,76.87000274658203,42228700,0.0,0.0,76.52666727701823,3231621674.44102,yahoo
