symbol,date,open,high,low,close,adjusted_close,volume,dividends,stock_splits,typical_price,traded_value,source
NVDA,2023-02-17,21.631000518798828,21.739999771118164,20.975000381469727,21.38800048828125,21.36661148071289,465888000,0.0,0.0,21.367666880289715,9954939587.524414,yahoo
NVDA,2023-02-21,21.0,21.493999481201172,20.618000030517578,20.655000686645508,20.63434410095215,410015000,0.0,0.0,20.922333399454754,8578470528.777441,yahoo
NVDA,2023-02-22,20.707000732421875,21.104000091552734,20.42099952697754,20.753999710083008,20.733247756958008,513184000,0.0,0.0,20.759666442871094,10653528663.81836,yahoo
NVDA,2023-02-23,23.440000534057617,23.88800048828125,23.024999618530273,23.663999557495117,23.64033317565918,1117995000,0.0,0.0,23.52566655476888,26301577579.898834,yahoo
NVDA,2023-02-24,23.225000381469727,23.474000930786133,22.94700050354004,23.285999298095703,23.262712478637695,589716000,0.0,0.0,23.235666910807293,13702444547.973633,yahoo
NVDA,2023-02-27,23.670000076293945,23.8799991607666,23.45400047302246,23.500999450683594,23.477495193481445,452994000,0.0,0.0,23.611666361490887,10695943191.757202,yahoo
NVDA,2023-02-28,23.371999740600586,23.825000762939453,23.20599937438965,23.215999603271484,23.19278335571289,455963000,0.0,0.0,23.415666580200195,10676677580.907822,yahoo
NVDA,2023-03-01,23.191999435424805,23.256000518798828,22.507999420166016,22.697999954223633,22.67530059814453,460026000,0.0,0.0,22.820666631062824,10498099987.621307,yahoo
NVDA,2023-03-02,22.488000869750977,23.3799991607666,22.43199920654297,23.31399917602539,23.290679931640625,389415000,0.0,0.0,23.041999181111652,8972900111.112595,yahoo
NVDA,2023-03-03,23.31999969482422,23.899999618530273,23.1299991607666,23.889999389648438,23.866107940673828,412393000,0.0,0.0,23.639999389648438,9748970268.295288,yahoo
NVDA,2023-03-06,23.891000747680664,24.24799919128418,23.48699951171875,23.554000854492188,23.530447006225586,437429000,0.0,0.0,23.76299985249837,10394625262.47851,yahoo
NVDA,2023-03-07,23.600000381469727,24.125,23.240999221801758,23.288000106811523,23.268661499023438,515154000,0.004,0.0,23.55133310953776,12132563456.710815,yahoo
NVDA,2023-03-08,23.48699951171875,24.200000762939453,23.423999786376953,24.180999755859375,24.160921096801758,513573000,0.0,0.0,23.93500010172526,12292369807.243347,yahoo
NVDA,2023-03-09,24.174999237060547,24.45400047302246,23.382999420166016,23.43600082397461,23.416540145874023,501257000,0.0,0.0,23.757666905721027,11908696840.161005,yahoo
NVDA,2023-03-10,23.409000396728516,23.62700080871582,22.72599983215332,22.96500015258789,22.9459285736084,474866000,0.0,0.0,23.106000264485676,10972253921.595255,yahoo
NVDA,2023-03-13,22.75200080871582,23.29800033569336,22.297000885009766,22.965999603271484,22.946928024291992,421890000,0.0,0.0,22.85366694132487,9641733545.87555,yahoo
NVDA,2023-03-14,23.496000289916992,24.2189998626709,23.459999084472656,24.062999725341797,24.043020248413086,474910000,0.0,0.0,23.913999557495117,11356997529.850006,yahoo
NVDA,2023-03-15,23.76099967956543,24.285999298095703,23.360000610351562,24.22800064086914,24.207881927490234,524486000,0.0,0.0,23.95800018310547,12565635684.036255,yahoo
NVDA,2023-03-16,24.027000427246094,25.58799934387207,23.893999099731445,25.541000366210938,25.51978874206543,583253000,0.0,0.0,25.007666269938152,14585796374.940237,yahoo
NVDA,2023-03-17,25.98200035095215,26.39900016784668,25.667999267578125,25.725000381469727,25.703638076782227,848547000,0.0,0.0,25.93066660563151,22003389356.2088,yahoo
NVDA,2023-03-20,25.614999771118164,26.02400016784668,25.1299991607666,25.899999618530273,25.878490447998047,432747000,0.0,0.0,25.68466631571452,11114962294.12651,yahoo
NVDA,2023-03-21,26.18000030517578,26.392000198364258,25.381000518798828,26.198999404907227,26.17724609375,547408000,0.0,0.0,25.99066670735677,14227498880.940754,yahoo
NVDA,2023-03-22,26.424999237060547,27.589000701904297,26.23699951171875,26.468000411987305,26.446022033691406,797295000,0.0,0.0,26.76466687520345,21339335076.265335,yahoo
NVDA,2023-03-23,27.114999771118164,27.499000549316406,26.690000534057617,27.19099998474121,27.168418884277344,564889000,0.0,0.0,27.126667022705078,15323555807.788849,yahoo
NVDA,2023-03-24,27.0310001373291,27.16699981689453,26.354999542236328,26.77899932861328,26.75676155090332,454920000,0.0,0.0,26.76699956258138,12176843441.009521,yahoo
NVDA,2023-03-27,26.836999893188477,27.0,26.364999771118164,26.5310001373291,26.508970260620117,361026000,0.0,0.0,26.631999969482422,9614844420.98236,yahoo
NVDA,2023-03-28,26.44700050354004,26.51300048828125,25.850000381469727,26.40999984741211,26.38806915283203,356104000,0.0,0.0,26.257666905721027,9350460215.79488,yahoo
NVDA,2023-03-29,26.825000762939453,27.077999114990234,26.597000122070312,26.983999252319336,26.96159553527832,393694000,0.0,0.0,26.886332829793293,10584987917.09264,yahoo
NVDA,2023-03-30,27.229000091552734,27.499000549316406,27.101999282836914,27.382999420166016,27.360261917114258,364516000,0.0,0.0,27.327999750773113,9961493157.152813,yahoo
NVDA,2023-03-31,27.139999389648438,27.833999633789062,27.104999542236328,27.777000427246094,27.75393295288086,433933000,0.0,0.0,27.57199986775716,11964400618.615467,yahoo
NVDA,2023-04-03,27.509000778198242,28.0,27.336000442504883,27.96500015258789,27.94178009033203,398716000,0.0,0.0,27.767000198364258,11071147251.091003,yahoo
NVDA,2023-04-04,27.965999603271484,28.0,27.30699920654297,27.452999114990234,27.43020248413086,368592000,0.0,0.0,27.586666107177734,10168224433.776855,yahoo
NVDA,2023-04-05,26.82900047302246,26.99799919128418,26.395000457763672,26.881000518798828,26.858680725097656,515015000,0.0,0.0,26.758000055948894,13780771398.81452,yahoo
NVDA,2023-04-06,26.583999633789062,27.079999923706055,26.427000045776367,27.03700065612793,27.014545440673828,397654000,0.0,0.0,26.848000208536785,10676214674.925488,yahoo
NVDA,2023-04-10,26.822999954223633,27.621000289916992,26.66900062561035,27.57900047302246,27.55609703063965,395279000,0.0,0.0,27.2896671295166,10787032333.288193,yahoo
NVDA,2023-04-11,27.724000930786133,27.790000915527344,27.125999450683594,27.16900062561035,27.14643669128418,314378000,0.0,0.0,27.361666997273762,8601906147.26893,yahoo
NVDA,2023-04-12,27.3700008392334,27.468000411987305,26.447999954223633,26.4950008392334,26.47300148010254,446259000,0.0,0.0,26.803667068481445,11961377662.313461,yahoo
NVDA,2023-04-13,26.733999252319336,26.886999130249023,26.32900047302246,26.46299934387207,26.441024780273438,353615000,0.0,0.0,26.55966631571452,9391896404.23139,yahoo
NVDA,2023-04-14,26.503999710083008,26.882999420166016,26.219999313354492,26.757999420166016,26.735776901245117,395660000,0.0,0.0,26.620332717895508,10532600843.162537,yahoo
NVDA,2023-04-17,26.565000534057617,27.006000518798828,26.433000564575195,27.00200080871582,26.979578018188477,321471000,0.0,0.0,26.81366729736328,8619816439.750671,yahoo
NVDA,2023-04-18,27.533000946044922,28.110000610351562,27.35700035095215,27.66699981689453,27.644023895263672,604812000,0.0,0.0,27.711333592732746,16760147092.887878,yahoo
NVDA,2023-04-19,27.361000061035156,28.0,27.23200035095215,27.930999755859375,27.907804489135742,358660000,0.0,0.0,27.72100003560384,9942413872.769672,yahoo
NVDA,2023-04-20,27.67099952697754,28.030000686645508,27.0,27.104000091552734,27.08148956298828,427713000,0.0,0.0,27.378000259399414,11709926624.948502,yahoo
NVDA,2023-04-21,26.95199966430664,27.183000564575195,26.722000122070312,27.118999481201172,27.096481323242188,345103000,0.0,0.0,27.008000055948894,9320541843.308132,yahoo
NVDA,2023-04-24,27.01300048828125,27.365999221801758,26.67099952697754,27.04199981689453,27.019542694091797,339282000,0.0,0.0,27.02633285522461,9169548263.786316,yahoo
NVDA,2023-04-25,27.077999114990234,27.246999740600586,26.225000381469727,26.240999221801758,26.219207763671875,378527000,0.0,0.0,26.57099978129069,10057840834.212622,yahoo
NVDA,2023-04-26,27.00200080871582,27.329999923706055,26.704999923706055,26.95599937438965,26.93361473083496,406337000,0.0,0.0,26.996999740600586,10969879883.59642,yahoo
NVDA,2023-04-27,27.363000869750977,27.4950008392334,26.625,27.22599983215332,27.203392028808594,377161000,0.0,0.0,27.115333557128906,10226846319.740295,yahoo
NVDA,2023-04-28,27.225000381469727,27.757999420166016,27.070999145507812,27.749000549316406,27.7259578704834,292216000,0.0,0.0,27.525999704996746,8043537529.795329,yahoo
NVDA,2023-05-01,27.84000015258789,29.058000564575195,27.780000686645508,28.90999984741211,28.8859920501709,570329000,0.0,0.0,28.582667032877605,16301523906.194052,yahoo
NVDA,2023-05-02,28.68000030517578,28.836000442504883,28.08300018310547,28.209999084472656,28.186574935913086,402730000,0.0,0.0,28.376333236694336,11428000684.41391,yahoo
NVDA,2023-05-03,27.84000015258789,28.367000579833984,27.472000122070312,27.802000045776367,27.778913497924805,383387000,0.0,0.0,27.880333582560223,10688957451.217016,yahoo
NVDA,2023-05-04,27.650999069213867,27.858999252319336,27.239999771118164,27.562000274658203,27.539113998413086,321850000,0.0,0.0,27.553666432698567,8868147541.364033,yahoo
NVDA,2023-05-05,27.826000213623047,28.7549991607666,27.731000900268555,28.68000030517578,28.65618133544922,361494000,0.0,0.0,28.38866678873698,10262332712.127686,yahoo
NVDA,2023-05-08,28.52199935913086,29.219999313354492,28.350000381469727,29.150999069213867,29.126792907714844,344979000,0.0,0.0,28.906999588012695,9972307810.873032,yahoo
NVDA,2023-05-09,28.89900016784668,28.972999572753906,28.450000762939453,28.570999145507812,28.547273635864258,314869000,0.0,0.0,28.664666493733723,9025614874.215443,yahoo
NVDA,2023-05-10,29.0049991607666,29.113000869750977,28.461000442504883,28.885000228881836,28.861013412475586,369350000,0.0,0.0,28.81966718037923,10644544073.073069,yahoo
NVDA,2023-05-11,28.895999908447266,28.950000762939453,28.246000289916992,28.577999114990234,28.55426788330078,322149000,0.0,0.0,28.591333389282227,9210669460.02388,yahoo
NVDA,2023-05-12,28.52899932861328,28.780000686645508,28.04599952697754,28.34000015258789,28.31646728515625,274222000,0.0,0.0,28.38866678873698,7784796984.141032,yahoo
NVDA,2023-05-15,28.507999420166016,28.9689998626709,28.152000427246094,28.952999114990234,28.928953170776367,293926000,0.0,0.0,28.691333134969074,8433128783.02892,yahoo
NVDA,2023-05-16,28.840999603271484,29.8700008392334,28.832000732421875,29.21299934387207,29.18874168395996,449405000,0.0,0.0,29.30500030517578,13169813662.147522,yahoo
NVDA,2023-05-17,29.583999633789062,30.198999404907227,29.43000030517578,30.17799949645996,30.152942657470703,432535000,0.0,0.0,29.93566640218099,12948223467.267353,yahoo
NVDA,2023-05-18,30.40999984741211,31.827999114990234,30.31999969482422,31.67799949645996,31.651695251464844,748725000,0.0,0.0,31.275332768758137,23416623527.288437,yahoo
NVDA,2023-05-19,31.535999298095703,31.579999923706055,30.916000366210938,31.263999938964844,31.238039016723633,473908000,0.0,0.0,31.253333409627277,14811204729.489643,yahoo
NVDA,2023-05-22,30.900999069213867,31.520000457763672,30.68000030517578,31.176000595092773,31.150114059448242,372000000,0.0,0.0,31.125333786010742,11578624168.395996,yahoo
NVDA,2023-05-23,31.0,31.288000106811523,30.631000518798828,30.687999725341797,30.662517547607422,356253000,0.0,0.0,30.86900011698405,10997173898.675919,yahoo
NVDA,2023-05-24,30.209999084472656,30.60700035095215,29.805999755859375,30.538000106811523,30.51263999938965,721419000,0.0,0.0,30.317000071207683,21871259874.370575,yahoo
NVDA,2023-05-25,38.52299880981445,39.47999954223633,36.6349983215332,37.97999954223633,37.94845962524414,1543911000,0.0,0.0,38.03166580200195,58717507180.03464,yahoo
NVDA,2023-05-26,37.88999938964844,39.16999816894531,37.54999923706055,38.94599914550781,38.913658142089844,714397000,0.0,0.0,38.55533218383789,27543813646.137238,yahoo
NVDA,2023-05-30,40.595001220703125,41.9379997253418,39.94900131225586,40.111000061035156,40.077693939208984,923401000,0.0,0.0,40.66600036621094,37551025404.159546,yahoo
NVDA,2023-05-31,39.487998962402344,40.29499816894531,37.821998596191406,37.83399963378906,37.802581787109375,1002580000,0.0,0.0,38.65033213297526,38750049989.878334,yahoo
NVDA,2023-06-01,38.48899841308594,40.04999923706055,38.34000015258789,39.77000045776367,39.73697280883789,635873000,0.0,0.0,39.38666661580404,25044917860.99116,yahoo
NVDA,2023-06-02,40.09700012207031,40.5,39.05799865722656,39.32699966430664,39.294342041015625,482731000,0.0,0.0,39.6283327738444,19129824708.25068,yahoo
NVDA,2023-06-05,38.909000396728516,39.564998626708984,38.707000732421875,39.17100143432617,39.13847732543945,396094000,0.0,0.0,39.147666931152344,15506155985.427856,yahoo
NVDA,2023-06-06,38.83000183105469,39.15999984741211,38.14799880981445,38.65399932861328,38.62189865112305,388729000,0.0,0.0,38.65399932861328,15025930505.012512,yahoo
NVDA,2023-06-07,38.915000915527344,39.499000549316406,37.35599899291992,37.474998474121094,37.447750091552734,511998000,0.004,0.0,38.109999338785805,19512243441.459656,yahoo
NVDA,2023-06-08,37.7239990234375,38.86399841308594,37.505001068115234,38.5099983215332,38.48200225830078,417772000,0.0,0.0,38.292999267578125,15997742890.014648,yahoo
NVDA,2023-06-09,39.0369987487793,39.71099853515625,38.56700134277344,38.77000045776367,38.74180603027344,427717000,0.0,0.0,39.01600011189779,16687806519.860586,yahoo
NVDA,2023-06-12,39.20000076293945,39.529998779296875,38.61800003051758,39.481998443603516,39.45329284667969,388701000,0.0,0.0,39.209999084472656,15240965854.133606,yahoo
NVDA,2023-06-13,40.18600082397461,41.10100173950195,39.7400016784668,41.02199935913086,40.9921760559082,613208000,0.0,0.0,40.62100092569987,24909122735.646564,yahoo
NVDA,2023-06-14,40.82400131225586,43.0,40.551998138427734,42.99700164794922,42.96574783325195,740465000,0.0,0.0,42.18299992879232,31235035042.273205,yahoo
NVDA,2023-06-15,42.60200119018555,43.28900146484375,42.14699935913086,42.65299987792969,42.62199783325195,568622000,0.0,0.0,42.69633356730143,24278074585.706074,yahoo
NVDA,2023-06-16,43.45000076293945,43.72100067138672,42.6609992980957,42.69200134277344,42.66096115112305,655709000,0.0,0.0,43.02466710408529,28211661442.15266,yahoo
NVDA,2023-06-20,42.99800109863281,43.9900016784668,42.67399978637695,43.80799865722656,43.776153564453125,451153000,0.0,0.0,43.49066670735677,19620944757.02413,yahoo
NVDA,2023-06-21,43.500999450683594,43.6150016784668,42.08000183105469,43.04499816894531,43.01369857788086,551603000,0.0,0.0,42.913333892822266,23671123715.28244,yahoo
NVDA,2023-06-22,42.25299835205078,43.42599868774414,42.23400115966797,43.025001525878906,42.99372100830078,417737000,0.0,0.0,42.89500045776367,17918828806.224823,yahoo
NVDA,2023-06-23,42.4640007019043,42.808998107910156,42.01499938964844,42.20899963378906,42.17831039428711,358140000,0.0,0.0,42.34433237711588,15165199197.540283,yahoo
NVDA,2023-06-26,42.46099853515625,42.763999938964844,40.099998474121094,40.63199996948242,40.60245895385742,594322000,0.0,0.0,41.16533279418945,24465462916.908264,yahoo
NVDA,2023-06-27,40.79899978637695,41.939998626708984,40.448001861572266,41.875999450683594,41.84555435180664,462175000,0.0,0.0,41.42133331298828,19143904723.93036,yahoo
NVDA,2023-06-28,40.65999984741211,41.845001220703125,40.518001556396484,41.117000579833984,41.08711242675781,582639000,0.0,0.0,41.16000111897787,23981421891.960144,yahoo
NVDA,2023-06-29,41.55799865722656,41.599998474121094,40.599998474121094,40.821998596191406,40.792320251464844,380514000,0.0,0.0,41.00733184814453,15603863870.864868,yahoo
NVDA,2023-06-30,41.68000030517578,42.54999923706055,41.500999450683594,42.301998138427734,42.271244049072266,501148000,0.0,0.0,42.11766560872396,21107183884.480797,yahoo
NVDA,2023-07-03,42.516998291015625,42.89799880981445,42.20199966430664,42.41299819946289,42.382164001464844,198209000,0.0,0.0,42.50433222452799,8424741185.891469,yahoo
NVDA,2023-07-05,42.1349983215332,43.176998138427734,42.084999084472656,42.31700134277344,42.28623962402344,323618000,0.0,0.0,42.52633285522461,13762286785.942078,yahoo
NVDA,2023-07-06,41.84400177001953,42.17900085449219,41.34600067138672,42.10300064086914,42.0723991394043,303582000,0.0,0.0,41.87600072224935,12712800051.261902,yahoo
NVDA,2023-07-07,42.321998596191406,43.2140007019043,42.18000030517578,42.50299835205078,42.47209930419922,355881000,0.0,0.0,42.63233311971029,15172037342.975616,yahoo
NVDA,2023-07-10,42.65700149536133,42.81100082397461,41.64899826049805,42.18000030517578,42.14933395385742,353908000,0.0,0.0,42.21333312988281,14939636301.330566,yahoo
NVDA,2023-07-11,42.48099899291992,42.757999420166016,42.06700134277344,42.404998779296875,42.37416458129883,298244000,0.0,0.0,42.40999984741211,12648527994.491577,yahoo
NVDA,2023-07-12,43.03300094604492,43.935001373291016,42.777000427246094,43.902000427246094,43.87008285522461,481277000,0.0,0.0,43.5380007425944,20953838383.393604,yahoo
NVDA,2023-07-13,44.518001556396484,46.154998779296875,44.492000579833984,45.97700119018555,45.94357681274414,478204000,0.0,0.0,45.541333516438804,21778047852.895103,yahoo
NVDA,2023-07-14,46.58300018310547,48.0880012512207,45.060001373291016,45.46900177001953,45.435943603515625,772075000,0.0,0.0,46.205668131510414,35674241222.6359,yahoo
NVDA,2023-07-17,46.28900146484375,46.49599838256836,45.262001037597656,46.46099853515625,46.427223205566406,510488000,0.0,0.0,46.07299931844076,23519713276.072186,yahoo
NVDA,2023-07-18,46.70100021362305,47.895999908447266,45.73400115966797,47.49399948120117,47.459468841552734,569164000,0.0,0.0,47.041333516438804,26774233549.550377,yahoo
NVDA,2023-07-19,47.4640007019043,47.81800079345703,46.742000579833984,47.07699966430664,47.04277038574219,427502000,0.0,0.0,47.21233367919922,20183367072.525024,yahoo
NVDA,2023-07-20,46.50699996948242,47.08700180053711,45.0620002746582,45.52000045776367,45.486907958984375,537865000,0.0,0.0,45.88966751098633,24682446015.79666,yahoo
NVDA,2023-07-21,45.78799819946289,45.86600112915039,44.099998474121094,44.308998107910156,44.27678298950195,963769000,0.0,0.0,44.75833257039388,43136693423.03594,yahoo
NVDA,2023-07-24,44.73099899291992,45.10900115966797,44.040000915527344,44.61199951171875,44.579566955566406,382516000,0.0,0.0,44.58700052897135,17055241094.340006,yahoo
NVDA,2023-07-25,44.941001892089844,46.18299865722656,44.92300033569336,45.67900085449219,45.64579772949219,348081000,0.0,0.0,45.59499994913737,15870753177.295685,yahoo
NVDA,2023-07-26,46.020999908447266,46.053001403808594,44.630001068115234,45.45199966430664,45.4189567565918,364237000,0.0,0.0,45.378334045410156,16528468257.69806,yahoo
NVDA,2023-07-27,46.51900100708008,47.39500045776367,45.75,45.900001525878906,45.86663055419922,455976000,0.0,0.0,46.348333994547524,21133727941.497803,yahoo
NVDA,2023-07-28,46.667999267578125,47.027000427246094,46.38100051879883,46.75,46.716007232666016,331194000,0.0,0.0,46.71933364868164,15473162988.441467,yahoo
NVDA,2023-07-31,46.75400161743164,47.130001068115234,46.50600051879883,46.729000091552734,46.695030212402344,251055000,0.0,0.0,46.788333892822266,11746445165.462494,yahoo
NVDA,2023-08-01,46.459999084472656,46.900001525878906,46.027000427246094,46.50699996948242,46.47319412231445,237858000,0.0,0.0,46.47800064086914,11055164276.435852,yahoo
NVDA,2023-08-02,45.83100128173828,45.84000015258789,43.387001037597656,44.26900100708008,44.23681640625,530142000,0.0,0.0,44.49866739908854,23590612532.287598,yahoo
NVDA,2023-08-03,43.79999923706055,45.11800003051758,43.79999923706055,44.51499938964844,44.482643127441406,324176000,0.0,0.0,44.47766621907552,14418591924.235027,yahoo
NVDA,2023-08-04,44.98500061035156,45.641998291015625,44.393001556396484,44.68000030517578,44.647518157958984,362666000,0.0,0.0,44.90500005086263,16285516748.446148,yahoo
NVDA,2023-08-07,45.111000061035156,45.540000915527344,44.5629997253418,45.41699981689453,45.383975982666016,322154000,0.0,0.0,45.173333485921226,14552770075.823467,yahoo
NVDA,2023-08-08,44.85300064086914,45.242000579833984,44.055999755859375,44.66400146484375,44.63153076171875,353843000,0.0,0.0,44.65400060017904,15800505534.369152,yahoo
NVDA,2023-08-09,44.27399826049805,44.3120002746582,42.13399887084961,42.55400085449219,42.52306365966797,586449000,0.0,0.0,43.0,25217307000.0,yahoo
NVDA,2023-08-10,42.15999984741211,43.57400131225586,41.834999084472656,42.38800048828125,42.35719299316406,492705000,0.0,0.0,42.59900029500326,20988740440.34958,yahoo
NVDA,2023-08-11,41.750999450683594,42.018001556396484,40.638999938964844,40.85499954223633,40.82529830932617,533085000,0.0,0.0,41.170667012532554,21947465024.375916,yahoo
NVDA,2023-08-14,40.486000061035156,43.79999923706055,40.31100082397461,43.75299835205078,43.72119140625,690286000,0.0,0.0,42.62133280436198,29420909336.19181,yahoo
NVDA,2023-08-15,44.560001373291016,45.268001556396484,43.709999084472656,43.939998626708984,43.90805435180664,676512000,0.0,0.0,44.305999755859375,29973540506.835938,yahoo
NVDA,2023-08-16,44.52000045776367,44.67499923706055,43.40599822998047,43.486000061035156,43.45439147949219,527451000,0.0,0.0,43.855665842692055,23131714804.39377,yahoo
NVDA,2023-08-17,43.970001220703125,44.0620002746582,43.000999450683594,43.34400177001953,43.31249237060547,452395000,0.0,0.0,43.469000498453774,19665158480.497993,yahoo
NVDA,2023-08-18,42.6349983215332,43.577999114990234,41.65999984741211,43.29899978637695,43.267520904541016,583768000,0.0,0.0,42.8456662495931,25011928895.192467,yahoo
NVDA,2023-08-21,44.49399948120117,47.064998626708984,44.22200012207031,46.96699905395508,46.932857513427734,692573000,0.0,0.0,46.08466593424479,31916995340.077717,yahoo
NVDA,2023-08-22,48.1349983215332,48.1870002746582,45.33300018310547,45.667999267578125,45.63479995727539,755293000,0.0,0.0,46.395999908447266,35042573958.85086,yahoo
NVDA,2023-08-23,45.86600112915039,47.20000076293945,45.20800018310547,47.11600112915039,47.081748962402344,779046000,0.0,0.0,46.50800069173177,36231871906.89087,yahoo
NVDA,2023-08-24,50.215999603271484,50.26599884033203,47.159000396728516,47.16299819946289,47.12871170043945,1156044000,0.0,0.0,48.19599914550781,55716695636.16943,yahoo
NVDA,2023-08-25,47.012001037597656,47.80500030517578,45.02399826049805,46.018001556396484,45.98454284667969,925341000,0.0,0.0,46.28233337402344,42826940646.65222,yahoo
NVDA,2023-08-28,46.481998443603516,46.97999954223633,44.88800048828125,46.834999084472656,46.80095291137695,685192000,0.0,0.0,46.23433303833008,31679395123.199463,yahoo
NVDA,2023-08-29,46.66600036621094,49.08100128173828,46.39099884033203,48.784000396728516,48.748531341552734,701397000,0.0,0.0,48.085333506266274,33726908665.294647,yahoo
NVDA,2023-08-30,49.04399871826172,49.926998138427734,48.42499923706055,49.263999938964844,49.228179931640625,735206000,0.0,0.0,49.20533243815104,36176055640.52327,yahoo
NVDA,2023-08-31,49.380001068115234,49.74399948120117,48.95800018310547,49.35499954223633,49.31911849975586,528570000,0.0,0.0,49.352333068847656,26086162690.200806,yahoo
NVDA,2023-09-01,49.762001037597656,49.79999923706055,48.141998291015625,48.50899887084961,48.47373580932617,463830000,0.0,0.0,48.81699879964193,22642788553.237915,yahoo
NVDA,2023-09-05,48.222999572753906,48.85100173950195,47.86000061035156,48.54800033569336,48.5127067565918,382653000,0.0,0.0,48.41966756184896,18527931051.54419,yahoo
NVDA,2023-09-06,48.441001892089844,48.54899978637695,46.58000183105469,47.06100082397461,47.03065872192383,468670000,0.004,0.0,47.39666748046875,22213396148.07129,yahoo
NVDA,2023-09-07,45.525001525878906,46.34400177001953,45.152000427246094,46.24100112915039,46.2111930847168,433330000,0.0,0.0,45.91233444213867,19895191883.81195,yahoo
NVDA,2023-09-08,45.94200134277344,46.60599899291992,45.270999908447266,45.571998596191406,45.54262161254883,473069000,0.0,0.0,45.816332499186196,21674286599.057514,yahoo
NVDA,2023-09-11,46.14799880981445,46.16299819946289,44.3120002746582,45.178001403808594,45.14887619018555,473966000,0.0,0.0,45.21766662597656,21431636580.047607,yahoo
NVDA,2023-09-12,44.737998962402344,45.67300033569336,44.53099822998047,44.869998931884766,44.841064453125,349256000,0.0,0.0,45.02466583251953,15725134690.002441,yahoo
NVDA,2023-09-13,44.599998474121094,45.93000030517578,44.50299835205078,45.48500061035156,45.4556770324707,398355000,0.0,0.0,45.305999755859375,18047871532.74536,yahoo
NVDA,2023-09-14,45.95000076293945,45.98699951171875,45.13100051879883,45.58100128173828,45.55161666870117,370097000,0.0,0.0,45.56633377075195,16863963429.553986,yahoo
NVDA,2023-09-15,45.340999603271484,45.5989990234375,43.80799865722656,43.900001525878906,43.871700286865234,506831000,0.0,0.0,44.43566640218099,22521373238.283794,yahoo
NVDA,2023-09-18,42.74800109863281,44.242000579833984,42.0,43.965999603271484,43.937660217285156,500271000,0.0,0.0,43.40266672770182,21713095486.53412,yahoo
NVDA,2023-09-19,43.83300018310547,43.965999603271484,43.00199890136719,43.52000045776367,43.491943359375,373064000,0.0,0.0,43.49599965413412,16226791614.96989,yahoo
NVDA,2023-09-20,43.599998474121094,43.90299987792969,42.222999572753906,42.23899841308594,42.211769104003906,367108000,0.0,0.0,42.78833262125651,15707939211.924234,yahoo
NVDA,2023-09-21,41.58300018310547,42.099998474121094,40.97999954223633,41.016998291015625,40.99055480957031,450736000,0.0,0.0,41.365665435791016,18644994575.8667,yahoo
NVDA,2023-09-22,41.571998596191406,42.1150016784668,41.23099899291992,41.61000061035156,41.58317947387695,479236000,0.0,0.0,41.652000427246094,19961138076.75171,yahoo
NVDA,2023-09-25,41.590999603271484,42.5359992980957,41.176998138427734,42.22200012207031,42.19477844238281,419091000,0.0,0.0,41.97833251953125,17592741353.94287,yahoo
NVDA,2023-09-26,42.000999450683594,42.81999969482422,41.654998779296875,41.9109992980957,41.88398742675781,402282000,0.0,0.0,42.128665924072266,16947603985.26764,yahoo
NVDA,2023-09-27,42.33000183105469,42.87200164794922,41.62900161743164,42.46799850463867,42.440616607666016,444935000,0.0,0.0,42.32300059000651,18830984267.514545,yahoo
NVDA,2023-09-28,42.459999084472656,43.44599914550781,42.1150016784668,43.0890007019043,43.061214447021484,424663000,0.0,0.0,42.88333384195963,18210965199.328102,yahoo
NVDA,2023-09-29,43.82699966430664,44.14400100708008,43.30699920654297,43.499000549316406,43.470951080322266,397830000,0.0,0.0,43.65000025431315,17365279601.1734,yahoo
NVDA,2023-10-02,44.029998779296875,45.17499923706055,43.861000061035156,44.78200149536133,44.75312805175781,433298000,0.0,0.0,44.60600026448568,19327690702.601116,yahoo
NVDA,2023-10-03,44.80799865722656,45.130001068115234,43.24599838256836,43.516998291015625,43.48894500732422,470850000,0.0,0.0,43.964332580566406,20700605995.559692,yahoo
NVDA,2023-10-04,43.742000579833984,44.143001556396484,43.29199981689453,44.04100036621094,44.01260757446289,361821000,0.0,0.0,43.82533391316732,15856926141.796112,yahoo
NVDA,2023-10-05,44.04999923706055,44.900001525878906,43.88800048828125,44.6879997253418,44.65919876098633,393483000,0.0,0.0,44.492000579833984,17506845864.154816,yahoo
NVDA,2023-10-06,44.19300079345703,45.78900146484375,44.0260009765625,45.762001037597656,45.732505798339844,434436000,0.0,0.0,45.192334493001304,19633177027.801514,yahoo
NVDA,2023-10-09,44.84199905395508,45.60499954223633,44.36800003051758,45.27299880981445,45.24380874633789,409675000,0.0,0.0,45.08199946085612,18468968129.12623,yahoo
NVDA,2023-10-10,45.310001373291016,46.25899887084961,45.0880012512207,45.79800033569336,45.76847457885742,368582000,0.0,0.0,45.71500015258789,16849726186.24115,yahoo
NVDA,2023-10-11,46.19599914550781,46.85900115966797,46.04999923706055,46.805999755859375,46.77582550048828,378137000,0.0,0.0,46.5716667175293,17610470337.566376,yahoo
NVDA,2023-10-12,46.777000427246094,47.60900115966797,46.33000183105469,46.94499969482422,46.91473388671875,481325000,0.0,0.0,46.961334228515625,22603664197.540283,yahoo
NVDA,2023-10-13,46.959999084472656,47.11600112915039,45.279998779296875,45.46099853515625,45.43169021606445,474115000,0.0,0.0,45.95233281453451,21786690272.36303,yahoo
NVDA,2023-10-16,45.0629997253418,46.224998474121094,44.9119987487793,46.095001220703125,46.06528854370117,375099000,0.0,0.0,45.74399948120117,17158528461.399078,yahoo
NVDA,2023-10-17,44.0,44.75400161743164,42.47999954223633,43.9379997253418,43.90967559814453,812333000,0.0,0.0,43.72400029500326,35518448331.640884,yahoo
NVDA,2023-10-18,42.590999603271484,43.21900177001953,41.82500076293945,42.19599914550781,42.168792724609375,627294000,0.0,0.0,42.413333892822266,26605629870.96405,yahoo
NVDA,2023-10-19,42.81100082397461,43.297000885009766,41.88199996948242,42.10100173950195,42.07386779785156,501233000,0.0,0.0,42.42666753133138,21265645846.731823,yahoo
NVDA,2023-10-20,41.88999938964844,42.470001220703125,41.077999114990234,41.387001037597656,41.360321044921875,477266000,0.0,0.0,41.64500045776367,19875742788.475037,yahoo
NVDA,2023-10-23,41.229000091552734,43.24800109863281,40.94499969482422,42.974998474121094,42.947296142578125,478530000,0.0,0.0,42.38933308919271,20284567563.171387,yahoo
NVDA,2023-10-24,43.07699966430664,43.696998596191406,42.691001892089844,43.66299819946289,43.634849548339844,401463000,0.0,0.0,43.35033289591471,17403554695.39261,yahoo
NVDA,2023-10-25,43.39799880981445,43.650001525878906,41.55500030517578,41.77899932861328,41.7520751953125,398379000,0.0,0.0,42.32800038655599,16862586465.995789,yahoo
NVDA,2023-10-26,41.85300064086914,42.25600051879883,39.880001068115234,40.32600021362305,40.30000305175781,541001000,0.0,0.0,40.8206672668457,22084021812.030792,yahoo
NVDA,2023-10-27,41.130001068115234,41.20600128173828,40.01499938964844,40.5,40.47389221191406,416784000,0.0,0.0,40.57366689046224,16910455181.274416,yahoo
NVDA,2023-10-30,41.08700180053711,41.76599884033203,40.48099899291992,41.1609992980957,41.13447189331055,388028000,0.0,0.0,41.135999043782554,15961919436.960857,yahoo
NVDA,2023-10-31,40.45000076293945,40.87900161743164,39.22999954223633,40.779998779296875,40.75371170043945,517969000,0.0,0.0,40.29633331298828,20872251469.795227,yahoo
NVDA,2023-11-01,40.88399887084961,42.38100051879883,40.86899948120117,42.32500076293945,42.297725677490234,437593000,0.0,0.0,41.858333587646484,18316913769.618988,yahoo
NVDA,2023-11-02,43.327999114990234,43.88399887084961,42.89400100708008,43.50600051879883,43.47794723510742,409172000,0.0,0.0,43.428000132242836,17769521670.110065,yahoo
NVDA,2023-11-03,44.02000045776367,45.308998107910156,43.722999572753906,45.005001068115234,44.975982666015625,424610000,0.0,0.0,44.67899958292643,18971150012.90639,yahoo
NVDA,2023-11-06,45.28499984741211,45.935001373291016,44.89899826049805,45.750999450683594,45.72150802612305,400733000,0.0,0.0,45.528333028157554,18244705479.37266,yahoo
NVDA,2023-11-07,45.71900177001953,46.21799850463867,45.15800094604492,45.95500183105469,45.925376892089844,343165000,0.0,0.0,45.777000427246094,15709064351.615906,yahoo
NVDA,2023-11-08,46.099998474121094,46.867000579833984,45.96799850463867,46.57400131225586,46.543975830078125,346719000,0.0,0.0,46.46966679890951,16111916402.851105,yahoo
NVDA,2023-11-09,47.46699905395508,48.22999954223633,46.75,46.95000076293945,46.91972732543945,540496000,0.0,0.0,47.31000010172526,25570865814.982094,yahoo
NVDA,2023-11-10,47.5,48.47200012207031,47.28300094604492,48.334999084472656,48.30384063720703,421245000,0.0,0.0,48.03000005086263,20232397371.42563,yahoo
NVDA,2023-11-13,48.31999969482422,49.11600112915039,48.0989990234375,48.619998931884766,48.588653564453125,384136000,0.0,0.0,48.61166636149088,18673491069.43766,yahoo
NVDA,2023-11-14,49.68000030517578,49.83399963378906,49.040000915527344,49.65599822998047,49.623985290527344,416954000,0.0,0.0,49.50999959309896,20643392370.340984,yahoo
NVDA,2023-11-15,49.935001373291016,49.959999084472656,48.20000076293945,48.88800048828125,48.856483459472656,475497000,0.0,0.0,49.01600011189779,23306961005.20706,yahoo
NVDA,2023-11-16,48.67900085449219,49.525001525878906,48.33000183105469,49.47999954223633,49.448097229003906,339756000,0.0,0.0,49.11166763305664,16685983748.336792,yahoo
NVDA,2023-11-17,49.52399826049805,49.71699905395508,49.00699996948242,49.29800033569336,49.26622009277344,325205000,0.0,0.0,49.34066645304362,16045831433.86205,yahoo
NVDA,2023-11-20,49.3120002746582,50.54800033569336,49.180999755859375,50.409000396728516,50.376502990722656,414120000,0.0,0.0,50.046000162760414,20725049587.402344,yahoo
NVDA,2023-11-21,50.125999450683594,50.516998291015625,49.22200012207031,49.944000244140625,49.911800384521484,565747000,0.0,0.0,49.89433288574219,28227569147.109985,yahoo
NVDA,2023-11-22,49.85200119018555,50.334999084472656,47.689998626708984,48.715999603271484,48.68458557128906,899420000,0.0,0.0,48.913665771484375,43993929268.18848,yahoo
NVDA,2023-11-24,48.470001220703125,48.92100143432617,47.744998931884766,47.7760009765625,47.74519348144531,294645000,0.0,0.0,48.14733378092448,14186371161.880493,yahoo
NVDA,2023-11-27,47.79999923706055,48.529998779296875,47.652000427246094,48.242000579833984,48.210899353027344,395662000,0.0,0.0,48.14133326212565,19047696201.159157,yahoo
NVDA,2023-11-28,48.236000061035156,48.323001861572266,47.472999572753906,47.82099914550781,47.790164947509766,401491000,0.0,0.0,47.87233352661133,19220311059.93271,yahoo
NVDA,2023-11-29,48.37900161743164,48.762001037597656,47.86000061035156,48.13999938964844,48.10896682739258,382005000,0.0,0.0,48.25400034586588,18433269402.122498,yahoo
NVDA,2023-11-30,48.02399826049805,48.11000061035156,46.422000885009766,46.77000045776367,46.73984909057617,526247000,0.0,0.0,47.100667317708336,24786584873.94206,yahoo
NVDA,2023-12-01,46.525001525878906,47.20000076293945,46.1870002746582,46.76499938964844,46.73485565185547,369317000,0.0,0.0,46.717333475748696,17253505447.26308,yahoo
NVDA,2023-12-04,46.07699966430664,46.07699966430664,45.0099983215332,45.5099983215332,45.48066329956055,437543000,0.0,0.0,45.53233210245768,19922353185.10564,yahoo
NVDA,2023-12-05,45.465999603271484,46.599998474121094,45.270999908447266,46.566001892089844,46.54007339477539,371718000,0.004,0.0,46.1456667582194,17153174956.0318,yahoo
NVDA,2023-12-06,47.21500015258789,47.387001037597656,45.4119987487793,45.50299835205078,45.4776611328125,380590000,0.0,0.0,46.10066604614258,17545452490.501404,yahoo
NVDA,2023-12-07,45.70000076293945,46.62900161743164,45.604000091552734,46.59600067138672,46.5700569152832,350823000,0.0,0.0,46.27633412679037,16234802367.362976,yahoo
NVDA,2023-12-08,46.595001220703125,47.74100112915039,46.54999923706055,47.50600051879883,47.47954559326172,359224000,0.0,0.0,47.26566696166992,16978961948.638916,yahoo
NVDA,2023-12-11,47.49100112915039,47.53099822998047,45.83000183105469,46.62699890136719,46.601036071777344,509728000,0.0,0.0,46.66266632080078,23785267578.36914,yahoo
NVDA,2023-12-12,46.04600143432617,47.66600036621094,46.04600143432617,47.65700149536133,47.63046646118164,372387000,0.0,0.0,47.12300109863281,17547993010.116577,yahoo
NVDA,2023-12-13,47.62900161743164,48.59400177001953,47.608001708984375,48.0880012512207,48.06122589111328,447792000,0.0,0.0,48.0966682434082,21537303266.052246,yahoo
NVDA,2023-12-14,48.38999938964844,48.66999816894531,47.422000885009766,48.349998474121094,48.32307815551758,391232000,0.0,0.0,48.147332509358726,18836777192.301434,yahoo
NVDA,2023-12-15,48.194000244140625,49.40399932861328,48.119998931884766,48.88999938964844,48.86277770996094,479948000,0.0,0.0,48.804665883382164,23423701781.397503,yahoo
NVDA,2023-12-18,49.400001525878906,50.43299865722656,49.150001525878906,50.07699966430664,50.04911804199219,412587000,0.0,0.0,49.88666661580404,20582590119.01474,yahoo
NVDA,2023-12-19,49.42399978637695,49.70000076293945,48.89500045776367,49.604000091552734,49.57637405395508,464444000,0.0,0.0,49.39966710408529,22943378988.489788,yahoo
NVDA,2023-12-20,49.654998779296875,49.999000549316406,48.097999572753906,48.111000061035156,48.08420944213867,397894000,0.0,0.0,48.736000061035156,19391762008.285522,yahoo
NVDA,2023-12-21,48.81100082397461,49.095001220703125,48.41899871826172,48.9900016784668,48.96271896362305,300425000,0.0,0.0,48.83466720581055,14671154895.305634,yahoo
NVDA,2023-12-22,49.19499969482422,49.382999420166016,48.46699905395508,48.83000183105469,48.80281448364258,252507000,0.0,0.0,48.893333435058594,12345908945.68634,yahoo
NVDA,2023-12-26,48.96799850463867,49.599998474121094,48.959999084472656,49.27899932861328,49.25156021118164,244200000,0.0,0.0,49.27966562906901,12034094346.618652,yahoo
NVDA,2023-12-27,49.51100158691406,49.68000030517578,49.084999084472656,49.41699981689453,49.38949203491211,233648000,0.0,0.0,49.39399973551432,11540809250.20345,yahoo
NVDA,2023-12-28,49.643001556396484,49.88399887084961,49.4119987487793,49.52199935913086,49.49442672729492,246587000,0.0,0.0,49.60599899291992,12232194473.667145,yahoo
NVDA,2023-12-29,49.8129997253418,49.99700164794922,48.750999450683594,49.52199935913086,49.49442672729492,389293000,0.0,0.0,49.423333485921226,19240157762.734734,yahoo
NVDA,2024-01-02,49.24399948120117,49.29499816894531,47.595001220703125,48.167999267578125,48.14117431640625,411254000,0.0,0.0,48.35266621907552,19885227393.259686,yahoo
NVDA,2024-01-03,47.48500061035156,48.183998107910156,47.31999969482422,47.569000244140625,47.542510986328125,320896000,0.0,0.0,47.690999348958336,15303850927.083334,yahoo
NVDA,2024-01-04,47.766998291015625,48.5,47.507999420166016,47.99800109863281,47.971275329589844,306535000,0.0,0.0,48.002000172932945,14714293123.01,yahoo
NVDA,2024-01-05,48.46200180053711,49.547000885009766,48.305999755859375,49.09700012207031,49.069664001464844,415039000,0.0,0.0,48.983333587646484,20329993788.88321,yahoo
NVDA,2024-01-08,49.512001037597656,52.275001525878906,49.479000091552734,52.25299835205078,52.22390365600586,642510000,0.0,0.0,51.33566665649414,32983679183.46405,yahoo
NVDA,2024-01-09,52.4010009765625,54.32500076293945,51.689998626708984,53.13999938964844,53.11041259765625,773100000,0.0,0.0,53.051666259765625,41014243185.424805,yahoo
NVDA,2024-01-10,53.61600112915039,54.599998474121094,53.48899841308594,54.349998474121094,54.319740295410156,533796000,0.0,0.0,54.146331787109375,28903095322.631836,yahoo
NVDA,2024-01-11,54.999000549316406,55.34600067138672,53.560001373291016,54.821998596191406,54.79146957397461,596759000,0.0,0.0,54.57600021362305,32568719311.481476,yahoo
NVDA,2024-01-12,54.619998931884766,54.970001220703125,54.33000183105469,54.709999084472656,54.67953872680664,352994000,0.0,0.0,54.67000071207682,19298182231.358845,yahoo
NVDA,2024-01-16,55.018001556396484,56.834999084472656,54.900001525878906,56.38199996948242,56.35060501098633,449580000,0.0,0.0,56.03900019327799,25194013706.89392,yahoo
NVDA,2024-01-17,56.34700012207031,56.47100067138672,54.7400016784668,56.053001403808594,56.021793365478516,474394000,0.0,0.0,55.75466791788737,26449679932.23826,yahoo
NVDA,2024-01-18,57.2599983215332,57.599998474121094,56.106998443603516,57.106998443603516,57.07520294189453,491650000,0.0,0.0,56.93799845377604,27993566939.79899,yahoo
NVDA,2024-01-19,57.98899841308594,59.5,57.224998474121094,59.49100112915039,59.45787811279297,543501000,0.0,0.0,58.73866653442383,31924524000.125885,yahoo
NVDA,2024-01-22,60.04899978637695,60.33100128173828,59.06999969482422,59.65399932861328,59.62078857421875,452955000,0.0,0.0,59.68500010172526,27034619221.076965,yahoo
NVDA,2024-01-23,59.56999969482422,59.90999984741211,58.584999084472656,59.87300109863281,59.83966064453125,294654000,0.0,0.0,59.456000010172524,17518948226.997375,yahoo
NVDA,2024-01-24,60.30400085449219,62.8489990234375,59.9379997253418,61.36199951171875,61.32783508300781,560271000,0.0,0.0,61.382999420166016,34391114468.13583,yahoo
NVDA,2024-01-25,62.349998474121094,62.71900177001953,60.849998474121094,61.617000579833984,61.58269119262695,482777000,0.0,0.0,61.72866694132487,29801180639.931995,yahoo
NVDA,2024-01-26,60.959999084472656,61.78300094604492,60.573001861572266,61.03099822998047,60.99701690673828,390309000,0.0,0.0,61.12900034586588,23859198995.994568,yahoo
NVDA,2024-01-29,61.231998443603516,62.48899841308594,60.90700149536133,62.46500015258789,62.43021774291992,348733000,0.0,0.0,61.95366668701172,21605288044.761658,yahoo
NVDA,2024-01-30,62.900001525878906,63.49300003051758,62.2599983215332,62.77399826049805,62.73904037475586,410735000,0.0,0.0,62.842332204182945,25811545317.885082,yahoo
NVDA,2024-01-31,61.439998626708984,62.26900100708008,60.70000076293945,61.527000427246094,61.492740631103516,453795000,0.0,0.0,61.49866739908854,27907787772.369385,yahoo
NVDA,2024-02-01,62.099998474121094,63.191001892089844,61.650001525878906,63.027000427246094,62.991905212402344,369146000,0.0,0.0,62.622667948404946,23116907382.48189,yahoo
NVDA,2024-02-02,63.9739990234375,66.5999984741211,63.689998626708984,66.16000366210938,66.12316131591797,476578000,0.0,0.0,65.48333358764648,31207916154.533386,yahoo
NVDA,2024-02-05,68.2249984741211,69.49700164794922,67.20500183105469,69.33200073242188,69.29339599609375,680078000,0.0,0.0,68.6780014038086,46706397838.69934,yahoo
NVDA,2024-02-06,69.62999725341797,69.75399780273438,66.30000305175781,68.2229995727539,68.18502044677734,683111000,0.0,0.0,68.0923334757487,46514622012.95217,yahoo
NVDA,2024-02-07,68.31900024414062,70.22000122070312,67.5999984741211,70.0989990234375,70.0599594116211,495575000,0.0,0.0,69.30633290608723,34346485929.93418,yahoo
NVDA,2024-02-08,70.0739974975586,70.79399871826172,69.45500183105469,69.64099884033203,69.60221099853516,414422000,0.0,0.0,69.96333312988281,28994344442.352295,yahoo
NVDA,2024-02-09,70.53299713134766,72.18499755859375,70.21199798583984,72.13300323486328,72.09284973144531,436637000,0.0,0.0,71.50999959309895,31223911692.331947,yahoo
NVDA,2024-02-12,72.5999984741211,74.61100006103516,71.25,72.24800109863281,72.207763671875,613710000,0.0,0.0,72.70300038655598,44618558367.23328,yahoo
NVDA,2024-02-13,70.4000015258789,73.44999694824219,69.62000274658203,72.12799835205078,72.08785247802734,602580000,0.0,0.0,71.732666015625,43224669887.69531,yahoo
NVDA,2024-02-14,73.2020034790039,74.23600006103516,71.93800354003906,73.9000015258789,73.85885620117188,504917000,0.0,0.0,73.35800170898438,37039702148.89526,yahoo
NVDA,2024-02-15,73.86900329589844,73.9749984741211,72.4000015258789,72.65799713134766,72.61753845214844,420122000,0.0,0.0,73.01099904378255,30673526940.27201,yahoo
NVDA,2024-02-16,74.0999984741211,74.4020004272461,72.5009994506836,72.61299896240234,72.57256317138672,495327000,0.0,0.0,73.17199961344402,36244067052.52838,yahoo
NVDA,2024-02-20,71.9469985961914,71.95600128173828,67.73400115966797,69.4520034790039,69.413330078125,704833000,0.0,0.0,69.71400197347005,49136729152.96681,yahoo
NVDA,2024-02-21,68.00599670410156,68.88800048828125,66.24800109863281,67.47200012207031,67.43443298339844,673755000,0.0,0.0,67.53600056966145,45502718063.812256,yahoo
NVDA,2024-02-22,75.0250015258789,78.57499694824219,74.22000122070312,78.53800201416016,78.49427032470703,865100000,0.0,0.0,77.11100006103516,66708726152.80151,yahoo
NVDA,2024-02-23,80.79000091552734,82.39399719238281,77.56999969482422,78.81700134277344,78.77312469482422,829388000,0.0,0.0,79.59366607666016,66014031519.98901,yahoo
NVDA,2024-02-26,79.69999694824219,80.64600372314453,78.50499725341797,79.09200286865234,79.0479736328125,503973000,0.0,0.0,79.41433461507161,40022680458.96149,yahoo
NVDA,2024-02-27,79.38099670410156,79.4800033569336,77.16200256347656,78.70099639892578,78.65717315673828,391705000,0.0,0.0,78.44766743977864,30728343574.498493,yahoo
NVDA,2024-02-28,77.62000274658203,78.93299865722656,77.125,77.66300201416016,77.61976623535156,393110000,0.0,0.0,77.90700022379558,30626020857.97628,yahoo
NVDA,2024-02-29,79.09400177001953,79.98999786376953,78.3499984741211,79.11199951171875,79.06793975830078,507289000,0.0,0.0,79.15066528320312,40152261840.85083,yahoo
NVDA,2024-03-01,80.0,82.30000305175781,79.43499755859375,82.27899932861328,82.2331771850586,479135000,0.0,0.0,81.33799997965495,38971882620.251976,yahoo
NVDA,2024-03-04,84.12999725341797,87.69499969482422,83.71900177001953,85.23699951171875,85.18952941894531,615616000,0.0,0.0,85.55033365885417,52666154205.72917,yahoo
NVDA,2024-03-05,85.2699966430664,86.09700012207031,83.41699981689453,85.96399688720703,85.92017364501953,520639000,0.004,0.0,85.15933227539062,44337269596.5271,yahoo
NVDA,2024-03-06,88.02200317382812,89.7239990234375,87.02999877929688,88.69999694824219,88.65476989746094,582520000,0.0,0.0,88.48466491699219,51544087007.44629,yahoo
NVDA,2024-03-07,90.15799713134766,92.76699829101562,89.60199737548828,92.66899871826172,92.62174987792969,608119000,0.0,0.0,91.67933146158855,55751943369.08977,yahoo
NVDA,2024-03-08,95.13800048828125,97.4000015258789,86.50599670410156,87.52799987792969,87.48336791992188,1142269000,0.0,0.0,90.47799936930339,103350213861.57481,yahoo
NVDA,2024-03-11,86.42900085449219,88.7969970703125,84.16600036621094,85.77400207519531,85.73026275634766,678364000,0.0,0.0,86.24566650390625,58505955312.25586,yahoo
NVDA,2024-03-12,88.04900360107422,91.95999908447266,86.1500015258789,91.91300201416016,91.86614227294922,668075000,0.0,0.0,90.0076675415039,60131872492.79022,yahoo
NVDA,2024-03-13,91.05500030517578,91.50399780273438,88.43499755859375,90.88800048828125,90.84164428710938,635713000,0.0,0.0,90.27566528320312,57389414004.18091,yahoo
NVDA,2024-03-14,89.5770034790039,90.64600372314453,86.5999984741211,87.94400024414062,87.89915466308594,602318000,0.0,0.0,88.39666748046875,53242903963.50098,yahoo
NVDA,2024-03-15,86.93000030517578,89.5459976196289,86.25700378417969,87.83699798583984,87.7922134399414,642086000,0.0,0.0,87.87999979654948,56426517549.36727,yahoo
NVDA,2024-03-18,90.38800048828125,92.40499877929688,87.08499908447266,88.45500183105469,88.40989685058594,668976000,0.0,0.0,89.31499989827473,59749591371.94824,yahoo
NVDA,2024-03-19,86.69999694824219,90.54399871826172,85.01000213623047,89.39800262451172,89.35240936279297,672171000,0.0,0.0,88.3173344930013,59364351043.49518,yahoo
NVDA,2024-03-20,89.7969970703125,90.41000366210938,88.2229995727539,90.37200164794922,90.32592010498047,479063000,0.0,0.0,89.6683349609375,42956781551.3916,yahoo
NVDA,2024-03-21,92.30000305175781,92.64800262451172,90.40499877929688,91.43499755859375,91.38836669921875,480372000,0.0,0.0,91.49599965413411,43952116345.85571,yahoo
NVDA,2024-03-22,91.14099884033203,94.77799987792969,90.83399963378906,94.28900146484375,94.24091339111328,586719000,0.0,0.0,93.30033365885417,54741078463.98926,yahoo
NVDA,2024-03-25,93.94100189208984,96.76599884033203,93.51000213623047,95.00199890136719,94.95354461669922,552136000,0.0,0.0,95.09266662597656,52504084580.200195,yahoo
NVDA,2024-03-26,95.85099792480469,96.375,92.50199890136719,92.56099700927734,92.51380157470703,513648000,0.0,0.0,93.81266530354817,48186687907.836914,yahoo
NVDA,2024-03-27,93.11199951171875,93.23999786376953,89.12300109863281,90.25,90.20398712158203,586067000,0.0,0.0,90.87099965413411,53256494154.299416,yahoo
NVDA,2024-03-28,90.0,91.30000305175781,89.19300079345703,90.35600280761719,90.30992126464844,435212000,0.0,0.0,90.28300221761067,39292245961.130775,yahoo
NVDA,2024-04-01,90.29900360107422,92.2249984741211,89.2040023803711,90.36299896240234,90.3169174194336,452441000,0.0,0.0,90.59733327229817,40989948063.05186,yahoo
NVDA,2024-04-02,88.447998046875,90.09400177001953,87.62000274658203,89.4520034790039,89.4063949584961,433064000,0.0,0.0,89.05533599853516,38566660028.86963,yahoo
NVDA,2024-04-03,88.48400115966797,90.3740005493164,88.4000015258789,88.96399688720703,88.91863250732422,370067000,0.0,0.0,89.24599965413411,33026999354.006447,yahoo
NVDA,2024-04-04,90.40599822998047,90.63400268554688,85.87999725341797,85.90499877929688,85.86117553710938,434965000,0.0,0.0,87.4729995727539,38047693259.1629,yahoo
NVDA,2024-04-05,86.86599731445312,88.48100280761719,85.9260025024414,88.00800323486328,87.96312713623047,399678000,0.0,0.0,87.47166951497395,34960501928.40576,yahoo
NVDA,2024-04-08,88.69999694824219,88.83000183105469,86.73200225830078,87.13300323486328,87.08856964111328,283220000,0.0,0.0,87.56500244140625,24800159991.45508,yahoo
NVDA,2024-04-09,87.44200134277344,87.63500213623047,83.02200317382812,85.35399627685547,85.31046295166016,501700000,0.0,0.0,85.33700052897136,42813573165.38493,yahoo
NVDA,2024-04-10,83.9260025024414,87.4000015258789,83.70899963378906,87.03900146484375,86.99462127685547,431929000,0.0,0.0,86.04933420817058,37167202875.20091,yahoo
NVDA,2024-04-11,87.41999816894531,90.73899841308594,86.9260025024414,90.61599731445312,90.5698013305664,431637000,0.0,0.0,89.42699940999348,38600001744.33136,yahoo
NVDA,2024-04-12,89.6989974975586,90.17500305175781,87.52999877929688,88.18599700927734,88.14102935791016,426805000,0.0,0.0,88.63033294677734,37827869253.349304,yahoo
NVDA,2024-04-15,89.0979995727539,90.61299896240234,85.92900085449219,86.0009994506836,85.95713806152344,443077000,0.0,0.0,87.5143330891927,38775588162.16023,yahoo
NVDA,2024-04-16,86.43299865722656,88.11799621582031,86.06400299072266,87.41500091552734,87.37041473388672,370453000,0.0,0.0,87.19900004069011,32303131162.073772,yahoo
NVDA,2024-04-17,88.33999633789062,88.7750015258789,83.94999694824219,84.03500366210938,83.99214172363281,495400000,0.0,0.0,85.58666737874348,42399635019.42952,yahoo
NVDA,2024-04-18,84.97000122070312,86.19000244140625,82.4020004272461,84.6709976196289,84.62781524658203,447260000,0.0,0.0,84.42100016276042,37758136532.79623,yahoo
NVDA,2024-04-19,83.1500015258789,84.3239974975586,75.60600280761719,76.19999694824219,76.16114044189453,875198000,0.0,0.0,78.70999908447266,68886833778.7323,yahoo
NVDA,2024-04-22,78.10399627685547,80.072998046875,76.4000015258789,79.51799774169922,79.4774398803711,596341000,0.0,0.0,78.66366577148438,46910369109.83276,yahoo
NVDA,2024-04-23,80.76899719238281,82.76899719238281,80.26399993896484,82.4229965209961,82.38096618652344,438559000,0.0,0.0,81.81866455078125,35882311706.726074,yahoo
NVDA,2024-04-24,83.94999694824219,84.08200073242188,79.18299865722656,79.677001953125,79.6363754272461,512208000,0.0,0.0,80.98066711425781,41478945541.259766,yahoo
NVDA,2024-04-25,78.86799621582031,83.322998046875,78.2229995727539,82.63200378417969,82.5898666381836,424641000,0.0,0.0,81.39266713460286,34562663564.704895,yahoo
NVDA,2024-04-26,83.81800079345703,88.33100128173828,83.38700103759766,87.73500061035156,87.69026947021484,551011000,0.0,0.0,86.48433430989583,47653819532.43001,yahoo
NVDA,2024-04-29,87.59500122070312,87.99199676513672,85.26599884033203,87.75700378417969,87.7122573852539,388971000,0.0,0.0,87.00499979654948,33842421775.863647,yahoo
NVDA,2024-04-30,87.23999786376953,88.81900024414062,86.30000305175781,86.4020004272461,86.35794830322266,363709000,0.0,0.0,87.17366790771484,31705847581.04706,yahoo
NVDA,2024-05-01,85.0770034790039,86.0,81.25499725341797,83.04100036621094,82.99864196777344,559863000,0.0,0.0,83.43199920654297,46710489371.772766,yahoo
NVDA,2024-05-02,84.4489974975586,86.23699951171875,83.19999694824219,85.81700134277344,85.77323913574219,377898000,0.0,0.0,85.0846659342448,32153325087.21924,yahoo
NVDA,2024-05-03,87.78900146484375,89.28099822998047,87.04000091552734,88.78900146484375,88.74372100830078,398341000,0.0,0.0,88.37000020345052,35201394251.04268,yahoo
NVDA,2024-05-06,89.38999938964844,92.22000122070312,89.05500030517578,92.13999938964844,92.09300231933594,376203000,0.0,0.0,91.13833363850911,34286514529.808044,yahoo
NVDA,2024-05-07,91.0979995727539,91.78099822998047,89.01100158691406,90.55400085449219,90.5078125,437342000,0.0,0.0,90.44866689046223,39557000875.208534,yahoo
NVDA,2024-05-08,89.48300170898438,91.19400024414062,89.41999816894531,90.41200256347656,90.36590576171875,325721000,0.0,0.0,90.34200032552083,29426286688.02897,yahoo
NVDA,2024-05-09,90.52899932861328,91.0719985961914,88.23100280761719,88.74700164794922,88.70174407958984,378013000,0.0,0.0,89.35000101725261,33775461934.53471,yahoo
NVDA,2024-05-10,90.30500030517578,91.4010009765625,89.22699737548828,89.87799835205078,89.83216857910156,335325000,0.0,0.0,90.16866556803386,30235807781.600952,yahoo
NVDA,2024-05-13,90.47799682617188,90.99800109863281,88.52899932861328,90.39900207519531,90.3529052734375,289680000,0.0,0.0,89.97533416748047,26064054801.635742,yahoo
NVDA,2024-05-14,89.5989990234375,91.6510009765625,88.93399810791016,91.35600280761719,91.3094253540039,296507000,0.0,0.0,90.64700063069661,26877470216.00596,yahoo
NVDA,2024-05-15,92.47200012207031,94.86199951171875,91.5989990234375,94.62999725341797,94.58174896240234,417735000,0.0,0.0,93.6969985961914,39140515708.58002,yahoo
NVDA,2024-05-16,94.91000366210938,95.81900024414062,94.10299682617188,94.35900115966797,94.3108901977539,323952000,0.0,0.0,94.76033274332683,30697799312.86621,yahoo
NVDA,2024-05-17,94.36900329589844,94.73999786376953,91.80599975585938,92.47899627685547,92.43183898925781,359691000,0.0,0.0,93.00833129882812,33454259693.206787,yahoo
NVDA,2024-05-20,93.75,95.19999694824219,93.44000244140625,94.77999877929688,94.7316665649414,318764000,0.0,0.0,94.47333272298177,30114697432.10856,yahoo
NVDA,2024-05-21,93.5989990234375,95.4000015258789,93.18000030517578,95.38600158691406,95.33735656738281,328946000,0.0,0.0,94.65533447265625,31136493653.442383,yahoo
NVDA,2024-05-22,95.45899963378906,96.0199966430664,93.2490005493164,94.94999694824219,94.90157318115234,548648000,0.0,0.0,94.73966471354167,51978727565.75521,yahoo
NVDA,2024-05-23,102.02799987792969,106.31999969482422,101.5199966430664,103.79900360107422,103.74607849121094,835065000,0.0,0.0,103.87966664632161,86746273828.01056,yahoo
NVDA,2024-05-24,104.4489974975586,106.4749984741211,103.0,106.46900177001953,106.41471099853516,429494000,0.0,0.0,105.31466674804688,45232017480.285645,yahoo
NVDA,2024-05-28,110.24400329589844,114.93900299072266,109.88300323486328,113.9010009765625,113.8429183959961,652728000,0.0,0.0,112.90766906738281,73697997015.01465,yahoo
NVDA,2024-05-29,113.05000305175781,115.49199676513672,110.9010009765625,114.82499694824219,114.76644134521484,557442000,0.0,0.0,113.7393315633138,63403080465.31677,yahoo
NVDA,2024-05-30,114.6500015258789,115.81900024414062,109.66300201416016,110.5,110.44365692138672,484553000,0.0,0.0,111.99400075276692,54267029046.75547,yahoo
NVDA,2024-05-31,112.5199966430664,112.71700286865234,106.94000244140625,109.63300323486328,109.57708740234375,613263000,0.0,0.0,109.76333618164062,67313792836.761475,yahoo
NVDA,2024-06-03,113.62100219726562,115.0,112.00299835205078,115.0,114.94135284423828,438392000,0.0,0.0,114.0009994506836,49977126151.18408,yahoo
NVDA,2024-06-04,115.71600341796875,116.5999984741211,114.04499816894531,116.43699645996094,116.37762451171875,403324000,0.0,0.0,115.69399770100911,46662165928.761795,yahoo
NVDA,2024-06-05,118.37100219726562,122.4489974975586,117.46800231933594,122.44000244140625,122.3775634765625,528402000,0.0,0.0,120.7856674194336,63823388235.76355,yahoo
NVDA,2024-06-06,124.0479965209961,125.58699798583984,118.31999969482422,120.99800109863281,120.9363021850586,664696000,0.0,0.0,121.63499959309895,80850297689.5345,yahoo
NVDA,2024-06-07,119.7699966430664,121.69200134277344,118.02200317382812,120.88800048828125,120.82635498046875,412386000,0.0,0.0,120.20066833496094,49569072811.9812,yahoo
NVDA,2024-06-10,120.37000274658203,123.0999984741211,117.01000213623047,121.79000091552734,121.72789764404297,313434100,0.0,10.0,120.63333384195964,37810600422.754166,yahoo
NVDA,2024-06-11,121.7699966430664,122.87000274658203,118.73999786376953,120.91000366210938,120.8582763671875,222551200,0.01,0.0,120.84000142415364,26893087324.9471,yahoo
NVDA,2024-06-12,123.05999755859375,126.87999725341797,122.56999969482422,125.19999694824219,125.14643859863281,299595000,0.0,0.0,124.88333129882812,37414421640.47241,yahoo
NVDA,2024-06-13,129.38999938964844,129.8000030517578,127.16000366210938,129.61000061035156,129.55455017089844,260704500,0.0,0.0,128.8566691080729,33593513491.48559,yahoo
NVDA,2024-06-14,129.9600067138672,132.83999633789062,128.32000732421875,131.8800048828125,131.82359313964844,309320400,0.0,0.0,131.01333618164062,40525097553.03955,yahoo
NVDA,2024-06-17,132.99000549316406,133.72999572753906,129.5800018310547,130.97999572753906,130.92396545410156,288504400,0.0,0.0,131.42999776204428,37918132646.33993,yahoo
NVDA,2024-06-18,131.13999938964844,136.3300018310547,130.69000244140625,135.5800018310547,135.52198791503906,294335100,0.0,0.0,134.20000203450522,39499771018.826294,yahoo
NVDA,2024-06-20,139.8000030517578,140.75999450683594,129.52000427246094,130.77999877929688,130.72406005859375,517768400,0.0,0.0,133.6866658528646,69218731079.97234,yahoo
NVDA,2024-06-21,127.12000274658203,130.6300048828125,124.30000305175781,126.56999969482422,126.51585388183594,649445800,0.0,0.0,127.16666920979817,82587859218.29274,yahoo
NVDA,2024-06-24,123.23999786376953,124.45999908447266,118.04000091552734,118.11000061035156,118.05945587158203,476060900,0.0,0.0,120.20333353678386,57224107146.52151,yahoo
NVDA,2024-06-25,121.19999694824219,126.5,119.31999969482422,126.08999633789062,126.03604125976562,414192600,0.0,0.0,123.96999867757161,51347456074.25995,yahoo
NVDA,2024-06-26,126.12999725341797,128.1199951171875,122.5999984741211,126.4000015258789,126.3459243774414,362975900,0.0,0.0,125.7066650390625,45628489878.552246,yahoo
NVDA,2024-06-27,124.0999984741211,126.41000366210938,122.91999816894531,123.98999786376953,123.93695068359375,252571700,0.0,0.0,124.43999989827473,31430022322.307076,yahoo
NVDA,2024-06-28,124.58000183105469,127.70999908447266,122.75,123.54000091552734,123.48714447021484,315516700,0.0,0.0,124.66666666666667,39334415266.66667,yahoo
NVDA,2024-07-01,123.47000122070312,124.83999633789062,118.83000183105469,124.30000305175781,124.24683380126953,284885500,0.0,0.0,122.6566670735677,34943105927.58687,yahoo
NVDA,2024-07-02,121.12999725341797,123.41000366210938,121.02999877929688,122.66999816894531,122.61751556396484,218374000,0.0,0.0,122.37000020345052,26722426424.428303,yahoo
NVDA,2024-07-03,121.66000366210938,128.27999877929688,121.36000061035156,128.27999877929688,128.22511291503906,215749000,0.0,0.0,125.97333272298177,27178620561.650593,yahoo
NVDA,2024-07-05,127.37999725341797,128.85000610351562,125.68000030517578,125.83000183105469,125.77616882324219,214176700,0.0,0.0,126.7866694132487,27154750458.920544,yahoo
NVDA,2024-07-08,127.48999786376953,130.77000427246094,127.04000091552734,128.1999969482422,128.1451416015625,237677300,0.0,0.0,128.6700007120768,30581938360.244495,yahoo
NVDA,2024-07-09,130.35000610351562,133.82000732421875,128.64999389648438,131.3800048828125,131.3238067626953,285366600,0.0,0.0,131.28333536783853,37463879050.579834,yahoo
NVDA,2024-07-10,134.02999877929688,135.10000610351562,132.4199981689453,134.91000366210938,134.852294921875,248978600,0.0,0.0,134.1433359781901,33398819991.1794,yahoo
NVDA,2024-07-11,135.75,136.14999389648438,127.05000305175781,127.4000015258789,127.34550476074219,374782700,0.0,0.0,130.1999994913737,48796707349.375656,yahoo
NVDA,2024-07-12,128.25999450683594,131.9199981689453,127.22000122070312,129.24000549316406,129.18472290039062,252680500,0.0,0.0,129.46000162760416,32712017941.263832,yahoo
NVDA,2024-07-15,130.55999755859375,131.38999938964844,127.18000030517578,128.44000244140625,128.3850555419922,208326200,0.0,0.0,129.00333404541016,26874774369.010925,yahoo
NVDA,2024-07-16,128.44000244140625,129.0399932861328,124.58000183105469,126.36000061035156,126.30593872070312,214769500,0.0,0.0,126.65999857584636,27202704564.135235,yahoo
NVDA,2024-07-17,121.3499984741211,121.8499984741211,116.72000122070312,117.98999786376953,117.93952178955078,390086200,0.0,0.0,118.85333251953125,46363044839.88037,yahoo
NVDA,2024-07-18,121.8499984741211,122.4000015258789,116.55999755859375,121.08999633789062,121.03819274902344,320979500,0.0,0.0,120.01666514078777,38522889168.55749,yahoo
NVDA,2024-07-19,120.3499984741211,121.5999984741211,117.37000274658203,117.93000030517578,117.87954711914062,217223800,0.0,0.0,118.96666717529297,25842391517.152405,yahoo
NVDA,2024-07-22,120.3499984741211,124.06999969482422,119.86000061035156,123.54000091552734,123.48714447021484,258068900,0.0,0.0,122.49000040690105,31610859666.008507,yahoo
NVDA,2024-07-23,122.77999877929688,124.69000244140625,122.0999984741211,122.58999633789062,122.53754425048828,173911000,0.0,0.0,123.12666575113933,21413081567.446392,yahoo
NVDA,2024-07-24,119.16999816894531,119.94999694824219,113.44000244140625,114.25,114.20112609863281,327776900,0.0,0.0,115.87999979654948,37982787105.31362,yahoo
NVDA,2024-07-25,113.04000091552734,116.62999725341797,106.30000305175781,112.27999877929688,112.2319564819336,460067000,0.0,0.0,111.73666636149089,51406352882.93203,yahoo
NVDA,2024-07-26,116.19000244140625,116.19999694824219,111.58000183105469,113.05999755859375,113.01162719726562,293399100,0.0,0.0,113.6133321126302,33334049389.8468,yahoo
NVDA,2024-07-29,113.69000244140625,116.27999877929688,111.30000305175781,111.58999633789062,111.54224395751953,248152100,0.0,0.0,113.05666605631511,28055249100.873314,yahoo
NVDA,2024-07-30,111.5199966430664,111.98999786376953,102.54000091552734,103.7300033569336,103.68562316894531,486833300,0.0,0.0,106.08666737874348,51646522365.99604,yahoo
NVDA,2024-07-31,112.9000015258789,118.33999633789062,110.87999725341797,117.0199966430664,116.96992492675781,473174200,0.0,0.0,115.413330078125,54610610129.052734,yahoo
NVDA,2024-08-01,117.52999877929688,120.16000366210938,106.80999755859375,109.20999908447266,109.16327667236328,523462300,0.0,0.0,112.06000010172527,58659185391.249344,yahoo
NVDA,2024-08-02,103.76000213623047,108.72000122070312,101.37000274658203,107.2699966430664,107.2240982055664,482027500,0.0,0.0,105.78666687011719,50992082564.73541,yahoo
NVDA,2024-08-05,92.05999755859375,103.41000366210938,90.69000244140625,100.44999694824219,100.40702056884766,552842400,0.0,0.0,98.18333435058594,54279910202.38037,yahoo
NVDA,2024-08-06,103.83999633789062,107.70999908447266,100.55000305175781,104.25,104.20540618896484,409012100,0.0,0.0,104.17000071207683,42606790748.24804,yahoo
NVDA,2024-08-07,107.80999755859375,108.80000305175781,98.69000244140625,98.91000366210938,98.86769104003906,411440400,0.0,0.0,102.13333638509114,42021780775.616455,yahoo
NVDA,2024-08-08,102.0,105.5,97.5199966430664,104.97000122070312,104.92509460449219,391910000,0.0,0.0,102.66333262125652,40234786687.59664,yahoo
NVDA,2024-08-09,105.63999938964844,106.5999984741211,103.43000030517578,104.75,104.70518493652344,290844200,0.0,0.0,104.92666625976562,30517312306.988525,yahoo
NVDA,2024-08-12,106.31999969482422,111.06999969482422,106.26000213623047,109.0199966430664,108.97335815429688,325559900,0.0,0.0,108.78333282470703,35415490956.07834,yahoo
NVDA,2024-08-13,112.44000244140625,116.2300033569336,111.58000183105469,116.13999938964844,116.0903091430664,312646700,0.0,0.0,114.6500015258789,35844944632.061005,yahoo
NVDA,2024-08-14,118.52999877929688,118.5999984741211,114.06999969482422,118.08000183105469,118.02949523925781,339246400,0.0,0.0,116.91666666666667,39663558266.66667,yahoo
NVDA,2024-08-15,118.76000213623047,123.23999786376953,117.47000122070312,122.86000061035156,122.80744171142578,318086700,0.0,0.0,121.18999989827473,38548927140.64255,yahoo
NVDA,2024-08-16,121.94000244140625,125.0,121.18000030517578,124.58000183105469,124.52669525146484,302589900,0.0,0.0,123.58666737874348,37396077323.467255,yahoo
NVDA,2024-08-19,124.27999877929688,130.0,123.41999816894531,130.0,129.9443817138672,318333600,0.0,0.0,127.80666605631511,40685156109.70459,yahoo
NVDA,2024-08-20,128.39999389648438,129.8800048828125,125.88999938964844,127.25,127.19556427001953,300087400,0.0,0.0,127.67333475748698,38313159076.7039,yahoo
NVDA,2024-08-21,127.31999969482422,129.35000610351562,126.66000366210938,128.5,128.44500732421875,257883600,0.0,0.0,128.17000325520834,33052941851.464848,yahoo
NVDA,2024-08-22,130.02000427246094,130.75,123.0999984741211,123.73999786376953,123.68705749511719,376189100,0.0,0.0,125.8633321126302,47348413630.451454,yahoo
NVDA,2024-08-23,125.86000061035156,129.60000610351562,125.22000122070312,129.3699951171875,129.31463623046875,323230300,0.0,0.0,128.0633341471354,41393949915.37882,yahoo
NVDA,2024-08-26,129.57000732421875,131.25999450683594,124.37000274658203,126.45999908447266,126.4059066772461,331964700,0.0,0.0,127.3633321126302,42280130335.76965,yahoo
NVDA,2024-08-27,125.05000305175781,129.1999969482422,123.87999725341797,128.3000030517578,128.2451171875,303134600,0.0,0.0,127.12666575113933,38536490971.80532,yahoo
NVDA,2024-08-28,128.1199951171875,128.3300018310547,122.63999938964844,125.61000061035156,125.55626678466797,448101100,0.0,0.0,125.52666727701823,56248637686.16588,yahoo
NVDA,2024-08-29,121.36000061035156,124.43000030517578,116.70999908447266,117.58999633789062,117.53968048095703,453023300,0.0,0.0,119.57666524251302,54171015491.15855,yahoo
NVDA,2024-08-30,119.52999877929688,121.75,117.22000122070312,119.37000274658203,119.31893157958984,333751600,0.0,0.0,119.44666798909505,39865516556.02925,yahoo
NVDA,2024-09-03,116.01000213623047,116.20999908447266,107.29000091552734,108.0,107.95379638671875,477155100,0.0,0.0,110.5,52725638550.0,yahoo
NVDA,2024-09-04,105.41000366210938,113.2699966430664,104.12000274658203,106.20999908447266,106.16455841064453,372470300,0.0,0.0,107.86666615804036,40177129503.88514,yahoo
NVDA,2024-09-05,104.98999786376953,109.6500015258789,104.76000213623047,107.20999908447266,107.16413116455078,306850700,0.0,0.0,107.20666758219402,32896440992.263542,yahoo
NVDA,2024-09-06,108.04000091552734,108.1500015258789,100.94999694824219,102.83000183105469,102.78600311279297,413638100,0.0,0.0,103.97666676839192,43008710886.410774,yahoo
NVDA,2024-09-09,104.87999725341797,106.55000305175781,103.69000244140625,106.47000122070312,106.42445373535156,273912000,0.0,0.0,105.57000223795573,28916890453.00293,yahoo
NVDA,2024-09-10,107.80999755859375,109.4000015258789,104.94999694824219,108.0999984741211,108.05374908447266,268283700,0.0,0.0,107.48333231608073,28836026082.087708,yahoo
NVDA,2024-09-11,109.38999938964844,117.19000244140625,107.41999816894531,116.91000366210938,116.8599853515625,441422400,0.0,0.0,113.84000142415364,50251526644.65332,yahoo
NVDA,2024-09-12,116.83999633789062,120.79000091552734,115.37999725341797,119.13999938964844,119.0992202758789,366052700,0.01,0.0,118.43666585286458,43354061314.43888,yahoo
NVDA,2024-09-13,119.08000183105469,119.95999908447266,117.5999984741211,119.0999984741211,119.0592269897461,238358300,0.0,0.0,118.88666534423828,28337623444.12155,yahoo
NVDA,2024-09-16,116.79000091552734,118.18000030517578,114.36000061035156,116.77999877929688,116.74002075195312,248772300,0.0,0.0,116.43999989827473,28967046586.693573,yahoo
NVDA,2024-09-17,118.16999816894531,118.80000305175781,114.83000183105469,115.58999633789062,115.55043029785156,231925900,0.0,0.0,116.4066670735677,26997721027.037556,yahoo
NVDA,2024-09-18,115.88999938964844,117.69999694824219,113.22000122070312,113.37000274658203,113.33118438720703,310318900,0.0,0.0,114.76333363850911,35613231455.03514,yahoo
NVDA,2024-09-19,117.3499984741211,119.66000366210938,117.25,117.87000274658203,117.82965087890625,293506400,0.0,0.0,118.26000213623047,34710067490.997314,yahoo
NVDA,2024-09-20,117.05999755859375,118.62000274658203,115.38999938964844,116.0,115.96029663085938,382462400,0.0,0.0,116.67000071207683,44621888480.34261,yahoo
NVDA,2024-09-23,116.55000305175781,116.98999786376953,114.86000061035156,116.26000213623047,116.22020721435547,206228500,0.0,0.0,116.03666687011719,23930067753.623962,yahoo
NVDA,2024-09-24,116.5199966430664,121.80000305175781,115.37999725341797,120.87000274658203,120.82862854003906,354966800,0.0,0.0,119.35000101725261,42365287941.090904,yahoo
NVDA,2024-09-25,122.0199966430664,124.94000244140625,121.61000061035156,123.51000213623047,123.46772003173828,284692900,0.0,0.0,123.35333506266277,35117818683.66115,yahoo
NVDA,2024-09-26,126.80000305175781,127.66999816894531,121.80000305175781,124.04000091552734,123.9975357055664,302582900,0.0,0.0,124.50333404541016,37672579875.12894,yahoo
NVDA,2024-09-27,123.97000122070312,124.02999877929688,119.26000213623047,121.4000015258789,121.35844421386719,271009200,0.0,0.0,121.56333414713542,32944781936.54785,yahoo
NVDA,2024-09-30,118.30999755859375,121.5,118.1500015258789,121.44000244140625,121.39842987060547,226553700,0.0,0.0,120.36333465576172,27268758810.601044,yahoo
NVDA,2024-10-01,121.7699966430664,122.44000244140625,115.79000091552734,117.0,116.95995330810547,302094500,0.0,0.0,118.41000111897786,35771010083.037056,yahoo
NVDA,2024-10-02,116.44000244140625,119.37999725341797,115.13999938964844,118.8499984741211,118.80931091308594,221845900,0.0,0.0,117.78999837239583,26131228199.922688,yahoo
NVDA,2024-10-03,120.91999816894531,124.36000061035156,120.33999633789062,122.8499984741211,122.80794525146484,277118000,0.0,0.0,122.51666514078777,33951573210.484825,yahoo
NVDA,2024-10-04,124.94000244140625,125.04000091552734,121.83000183105469,124.91999816894531,124.87723541259766,243678100,0.0,0.0,123.93000030517578,30199027007.364655,yahoo
NVDA,2024-10-07,124.98999786376953,130.63999938964844,124.94999694824219,127.72000122070312,127.67627716064453,346250200,0.0,0.0,127.76999918619792,44240387772.22087,yahoo
NVDA,2024-10-08,130.25999450683594,133.47999572753906,129.4199981689453,132.88999938964844,132.84449768066406,285722500,0.0,0.0,131.92999776204428,37695368785.5657,yahoo
NVDA,2024-10-09,134.11000061035156,134.52000427246094,131.3800048828125,132.64999389648438,132.6045684814453,246191600,0.0,0.0,132.8500010172526,32706554310.439045,yahoo
NVDA,2024-10-10,131.91000366210938,135.0,131.0,134.80999755859375,134.7638397216797,242311300,0.0,0.0,133.60333251953125,32373597187.139893,yahoo
NVDA,2024-10-11,134.00999450683594,135.77999877929688,133.66000366210938,134.8000030517578,134.7538604736328,170209500,0.0,0.0,134.74666849772134,22935163071.662903,yahoo
NVDA,2024-10-14,136.47000122070312,139.60000610351562,136.3000030517578,138.07000732421875,138.0227508544922,232347700,0.0,0.0,137.99000549316406,32061660399.324036,yahoo
NVDA,2024-10-15,137.8699951171875,138.57000732421875,128.74000549316406,131.60000610351562,131.55496215820312,377831000,0.0,0.0,132.97000630696616,50240190452.96733,yahoo
NVDA,2024-10-16,133.97999572753906,136.6199951171875,131.5800018310547,135.72000122070312,135.6735382080078,264879700,0.0,0.0,134.63999938964844,35663402646.33026,yahoo
NVDA,2024-10-17,139.33999633789062,140.88999938964844,136.8699951171875,136.92999267578125,136.8831329345703,306435900,0.0,0.0,138.22999572753906,42358633147.76459,yahoo
NVDA,2024-10-18,138.6699981689453,138.89999389648438,137.27999877929688,138.0,137.9527587890625,176090200,0.0,0.0,138.05999755859375,24311012582.092285,yahoo
NVDA,2024-10-21,138.1300048828125,143.7100067138672,138.0,143.7100067138672,143.6608123779297,264554500,0.0,0.0,141.80667114257812,37515592980.789185,yahoo
NVDA,2024-10-22,142.91000366210938,144.4199981689453,141.77999877929688,143.58999633789062,143.54086303710938,226311600,0.0,0.0,143.2633310953776,32422153681.524654,yahoo
NVDA,2024-10-23,142.02999877929688,142.42999267578125,137.4600067138672,139.55999755859375,139.51222229003906,285930000,0.0,0.0,139.81666564941406,39977779209.13696,yahoo
NVDA,2024-10-24,140.82000732421875,141.35000610351562,138.4600067138672,140.41000366210938,140.3619384765625,172354900,0.0,0.0,140.0733388264974,24142326306.10708,yahoo
NVDA,2024-10-25,140.92999267578125,144.1300048828125,140.8000030517578,141.5399932861328,141.49154663085938,205122100,0.0,0.0,142.15666707356772,29159474079.131065,yahoo
NVDA,2024-10-28,143.0,143.13999938964844,140.0500030517578,140.52000427246094,140.47190856933594,173586700,0.0,0.0,141.2366689046224,24516807274.14602,yahoo
NVDA,2024-10-29,140.2899932861328,142.25999450683594,138.89999389648438,141.25,141.20164489746094,157593600,0.0,0.0,140.80332946777344,22189703582.8125,yahoo
NVDA,2024-10-30,139.5399932861328,140.3300018310547,136.80999755859375,139.33999633789062,139.29229736328125,179418100,0.0,0.0,138.82666524251303,24908016507.147728,yahoo
NVDA,2024-10-31,137.60000610351562,137.61000061035156,132.11000061035156,132.75999450683594,132.71456909179688,270039600,0.0,0.0,134.15999857584634,36228512351.42212,yahoo
NVDA,2024-11-01,134.6999969482422,137.30999755859375,134.57000732421875,135.39999389648438,135.35365295410156,207127800,0.0,0.0,135.75999959309897,28119670043.719486,yahoo
NVDA,2024-11-04,137.2100067138672,138.9600067138672,135.57000732421875,136.0500030517578,136.00343322753906,187528200,0.0,0.0,136.8600056966146,25665110520.27588,yahoo
NVDA,2024-11-05,137.4499969482422,140.3699951171875,137.3300018310547,139.91000366210938,139.8621063232422,160537400,0.0,0.0,139.20333353678384,22347341237.328083,yahoo
NVDA,2024-11-06,142.9600067138672,146.49000549316406,141.9600067138672,145.61000061035156,145.56015014648438,242043900,0.0,0.0,144.6866709391276,35020526112.12311,yahoo
NVDA,2024-11-07,146.38999938964844,148.92999267578125,146.1699981689453,148.8800048828125,148.8290557861328,207323300,0.0,0.0,147.9933319091797,30682465949.406433,yahoo
NVDA,2024-11-08,148.77000427246094,149.77000427246094,146.25999450683594,147.6300048828125,147.5794677734375,175665800,0.0,0.0,147.88666788736978,25978629823.769123,yahoo
NVDA,2024-11-11,148.67999267578125,148.85000610351562,143.57000732421875,145.25999450683594,145.2102508544922,182325600,0.0,0.0,145.8933359781901,26600090018.225098,yahoo
NVDA,2024-11-12,146.77999877929688,149.64999389648438,146.00999450683594,148.2899932861328,148.2392120361328,198634700,0.0,0.0,147.98332722981772,29394623809.296673,yahoo
NVDA,2024-11-13,149.07000732421875,149.3300018310547,145.89999389648438,146.27000427246094,146.2199249267578,191903300,0.0,0.0,147.16666666666666,28241768983.333332,yahoo
NVDA,2024-11-14,147.63999938964844,149.0,145.5500030517578,146.75999450683594,146.70974731445312,194463300,0.0,0.0,147.10333251953125,28606199482.74536,yahoo
NVDA,2024-11-15,144.8699951171875,145.24000549316406,140.0800018310547,141.97999572753906,141.93138122558594,250132900,0.0,0.0,142.43333435058594,35627262977.78168,yahoo
NVDA,2024-11-18,139.5,141.5500030517578,137.14999389648438,140.14999389648438,140.1020050048828,221205300,0.0,0.0,139.61666361490884,30883945959.934994,yahoo
NVDA,2024-11-19,141.32000732421875,147.1300048828125,140.99000549316406,147.00999450683594,146.9596710205078,227834900,0.0,0.0,145.0433349609375,33045933716.4917,yahoo
NVDA,2024-11-20,147.41000366210938,147.55999755859375,142.72999572753906,145.88999938964844,145.84005737304688,309871700,0.0,0.0,145.3933308919271,45053278612.14397,yahoo
NVDA,2024-11-21,149.35000610351562,152.88999938964844,140.6999969482422,146.6699981689453,146.6197967529297,400946600,0.0,0.0,146.75333150227866,58840249304.51152,yahoo
NVDA,2024-11-22,145.92999267578125,147.16000366210938,141.10000610351562,141.9499969482422,141.90139770507812,236406200,0.0,0.0,143.40333557128906,33901437629.733276,yahoo
NVDA,2024-11-25,141.99000549316406,142.0500030517578,135.82000732421875,136.02000427246094,135.9734344482422,344941900,0.0,0.0,137.96333821614584,47589336014.61996,yahoo
NVDA,2024-11-26,137.6999969482422,139.3000030517578,135.6699981689453,136.9199981689453,136.87313842773438,190287700,0.0,0.0,137.29666646321616,26125866878.952538,yahoo
NVDA,2024-11-27,135.00999450683594,137.22000122070312,131.8000030517578,135.33999633789062,135.2936553955078,226370900,0.0,0.0,134.7866668701172,30511779087.38861,yahoo
NVDA,2024-11-29,136.77999877929688,139.35000610351562,136.0500030517578,138.25,138.2026824951172,141863200,0.0,0.0,137.88333638509116,19560571326.265465,yahoo
NVDA,2024-12-02,138.8300018310547,140.4499969482422,137.82000732421875,138.6300048828125,138.58253479003906,171682800,0.0,0.0,138.96666971842447,23858186963.934326,yahoo
NVDA,2024-12-03,138.25999450683594,140.5399932861328,137.9499969482422,140.25999450683594,140.2119903564453,164414000,0.0,0.0,139.5833282470703,22949453330.41382,yahoo
NVDA,2024-12-04,142.0,145.7899932861328,140.2899932861328,145.13999938964844,145.09033203125,231224300,0.0,0.0,143.73999532063803,33236179800.017803,yahoo
NVDA,2024-12-05,145.11000061035156,146.5399932861328,143.9499969482422,145.05999755859375,145.0203399658203,172621200,0.01,0.0,145.1833292643229,25061720517.60254,yahoo
NVDA,2024-12-06,144.60000610351562,145.6999969482422,141.30999755859375,142.44000244140625,142.4010467529297,188505600,0.0,0.0,143.1499989827474,26984576448.242188,yahoo
NVDA,2024-12-09,138.97000122070312,139.9499969482422,137.1300048828125,138.80999755859375,138.77203369140625,189308600,0.0,0.0,138.62999979654947,26243851179.485065,yahoo
NVDA,2024-12-10,139.00999450683594,141.82000732421875,133.7899932861328,135.07000732421875,135.03306579589844,210020900,0.0,0.0,136.8933359781901,28750461626.141865,yahoo
NVDA,2024-12-11,137.36000061035156,140.1699981689453,135.2100067138672,139.30999755859375,139.2718963623047,184905200,0.0,0.0,138.2300008138021,25559445946.47624,yahoo
NVDA,2024-12-12,137.0800018310547,138.44000244140625,135.8000030517578,137.33999633789062,137.3024444580078,159211400,0.0,0.0,137.1933339436849,21842742767.841595,yahoo
NVDA,2024-12-13,138.94000244140625,139.60000610351562,132.5399932861328,134.25,134.21328735351562,231514900,0.0,0.0,135.4633331298828,31361780023.231506,yahoo
NVDA,2024-12-16,134.17999267578125,134.39999389648438,130.4199981689453,132.0,131.96389770507812,237951100,0.0,0.0,132.27333068847656,31474584537.986755,yahoo
NVDA,2024-12-17,129.08999633789062,131.58999633789062,126.86000061035156,130.38999938964844,130.35433959960938,259410300,0.0,0.0,129.61333211263022,33623033367.33704,yahoo
NVDA,2024-12-18,133.86000061035156,136.6999969482422,128.27999877929688,128.91000366210938,128.874755859375,277444500,0.0,0.0,131.29666646321616,36427537978.55377,yahoo
NVDA,2024-12-19,131.75999450683594,134.02999877929688,129.5500030517578,130.67999267578125,130.6442413330078,209719200,0.0,0.0,131.4199981689453,27561296879.992676,yahoo
NVDA,2024-12-20,129.80999755859375,135.27999877929688,128.22000122070312,134.6999969482422,134.6631622314453,306528600,0.0,0.0,132.73333231608072,40686562528.18298,yahoo
NVDA,2024-12-23,136.27999877929688,139.7899932861328,135.1199951171875,139.6699981689453,139.63180541992188,176053500,0.0,0.0,138.19332885742188,24329419222.000122,yahoo
NVDA,2024-12-24,140.0,141.89999389648438,138.64999389648438,140.22000122070312,140.18167114257812,105157000,0.0,0.0,140.25666300455728,14748969911.57023,yahoo
NVDA,2024-12-26,139.6999969482422,140.85000610351562,137.72999572753906,139.92999267578125,139.89173889160156,116205600,0.0,0.0,139.50333150227866,16211068339.221193,yahoo
NVDA,2024-12-27,138.5500030517578,139.02000427246094,134.7100067138672,137.00999450683594,136.9725341796875,170582600,0.0,0.0,136.91333516438803,23355032687.012737,yahoo
NVDA,2024-12-30,134.8300018310547,140.27000427246094,134.02000427246094,137.49000549316406,137.452392578125,167734700,0.0,0.0,137.26000467936197,23023265706.891376,yahoo
NVDA,2024-12-31,138.02999877929688,138.07000732421875,133.8300018310547,134.2899932861328,134.25328063964844,155659200,0.0,0.0,135.39666748046875,21075736942.67578,yahoo
NVDA,2025-01-02,136.0,138.8800048828125,134.6300048828125,138.30999755859375,138.2721710205078,198247200,0.0,0.0,137.2733357747396,27214054452.001953,yahoo
NVDA,2025-01-03,140.00999450683594,144.89999389648438,139.72999572753906,144.47000122070312,144.4304962158203,229322500,0.0,0.0,143.03333028157553,32800760883.496605,yahoo
NVDA,2025-01-06,148.58999633789062,152.16000366210938,147.82000732421875,149.42999267578125,149.38912963867188,265377400,0.0,0.0,149.80333455403647,39754419435.28036,yahoo
NVDA,2025-01-07,153.02999877929688,153.1300048828125,140.00999450683594,140.13999938964844,140.10166931152344,351782200,0.0,0.0,144.42666625976562,50806730395.52612,yahoo
NVDA,2025-01-08,142.5800018310547,143.9499969482422,137.55999755859375,140.11000061035156,140.07168579101562,227349900,0.0,0.0,140.53999837239584,31951754575.96436,yahoo
NVDA,2025-01-10,137.4499969482422,139.9199981689453,134.22000122070312,135.91000366210938,135.8728485107422,207602500,0.0,0.0,136.68333435058594,28375801919.517517,yahoo
NVDA,2025-01-13,129.99000549316406,133.49000549316406,129.50999450683594,133.22999572753906,133.19357299804688,204808900,0.0,0.0,132.07666524251303,27050476523.987328,yahoo
NVDA,2025-01-14,136.0500030517578,136.3800048828125,130.0500030517578,131.75999450683594,131.7239532470703,195590500,0.0,0.0,132.7300008138021,25960727224.17196,yahoo
NVDA,2025-01-15,133.64999389648438,136.4499969482422,131.2899932861328,136.24000549316406,136.2027587890625,185217300,0.0,0.0,134.65999857584634,24941361354.222107,yahoo
NVDA,2025-01-16,138.63999938964844,138.75,133.49000549316406,133.57000732421875,133.53347778320312,209235600,0.0,0.0,135.27000427246094,28303300505.950928,yahoo
NVDA,2025-01-17,136.69000244140625,138.5,135.4600067138672,137.7100067138672,137.67234802246094,201188800,0.0,0.0,137.22333780924478,27607798665.836586,yahoo
NVDA,2025-01-21,139.16000366210938,141.8300018310547,137.08999633789062,140.8300018310547,140.79148864746094,197749000,0.0,0.0,139.91666666666666,27668380916.666664,yahoo
NVDA,2025-01-22,144.66000366210938,147.7899932861328,143.6699981689453,147.07000732421875,147.02981567382812,237651400,0.0,0.0,146.17666625976562,34739089383.966064,yahoo
NVDA,2025-01-23,145.0500030517578,147.22999572753906,143.72000122070312,147.22000122070312,147.17974853515625,155915500,0.0,0.0,146.0566660563151,22772498116.503395,yahoo
NVDA,2025-01-24,148.3699951171875,148.97000122070312,141.8800048828125,142.6199951171875,142.58099365234375,234657600,0.0,0.0,144.49000040690103,33905676719.482418,yahoo
NVDA,2025-01-27,124.80000305175781,128.39999389648438,116.69999694824219,118.41999816894531,118.38761138916016,818830900,0.0,0.0,121.17332967122395,99220466590.68501,yahoo
NVDA,2025-01-28,121.80999755859375,129.0,116.25,128.99000549316406,128.95472717285156,579666400,0.0,0.0,124.74666849772136,72311452240.06755,yahoo
NVDA,2025-01-29,126.5,126.88999938964844,120.05000305175781,123.69999694824219,123.66617584228516,467120600,0.0,0.0,123.54666646321614,57711192966.2974,yahoo
NVDA,2025-01-30,123.0999984741211,125.0,118.0999984741211,124.6500015258789,124.61592102050781,392925500,0.0,0.0,122.58333333333333,48166117541.666664,yahoo
NVDA,2025-01-31,123.77999877929688,127.8499984741211,119.19000244140625,120.06999969482422,120.03717041015625,388161100,0.0,0.0,122.37000020345052,47499273885.97157,yahoo
NVDA,2025-02-03,114.75,118.56999969482422,113.01000213623047,116.66000366210938,116.62810516357422,371235700,0.0,0.0,116.08000183105469,43093040735.75287,yahoo
NVDA,2025-02-04,116.95999908447266,121.19999694824219,116.69999694824219,118.6500015258789,118.6175537109375,256550000,0.0,0.0,118.8499984741211,30490967108.535767,yahoo
NVDA,2025-02-05,121.76000213623047,125.0,120.76000213623047,124.83000183105469,124.79586791992188,262230800,0.0,0.0,123.53000132242839,32393371070.781456,yahoo
NVDA,2025-02-06,127.41999816894531,128.77000427246094,125.20999908447266,128.67999267578125,128.64480590820312,251483600,0.0,0.0,127.55333201090495,32077571126.09762,yahoo
NVDA,2025-02-07,129.22000122070312,130.3699951171875,125.0,129.83999633789062,129.80447387695312,228186300,0.0,0.0,128.40333048502603,29299880891.055294,yahoo
NVDA,2025-02-10,130.08999633789062,135.0,129.9600067138672,133.57000732421875,133.53347778320312,216989100,0.0,0.0,132.8433380126953,28825556356.370544,yahoo
NVDA,2025-02-11,132.5800018310547,134.47999572753906,131.02000427246094,132.8000030517578,132.76370239257812,178902400,0.0,0.0,132.76666768391928,23752275488.6556,yahoo
NVDA,2025-02-12,130.02000427246094,132.24000549316406,129.0800018310547,131.13999938964844,131.10414123535156,160278600,0.0,0.0,130.82000223795572,20967646810.69641,yahoo
NVDA,2025-02-13,131.55999755859375,136.5,131.1699981689453,135.2899932861328,135.2530059814453,197430000,0.0,0.0,134.31999715169272,26518797037.65869,yahoo
NVDA,2025-02-14,136.47999572753906,139.25,135.5,138.85000610351562,138.81204223632812,195479600,0.0,0.0,137.86666870117188,26950121251.037598,yahoo
NVDA,2025-02-18,141.27000427246094,143.44000244140625,137.92999267578125,139.39999389648438,139.3618927001953,219176600,0.0,0.0,140.25666300455728,30740978524.68465,yahoo
NVDA,2025-02-19,139.50999450683594,141.36000061035156,137.22000122070312,139.22999572753906,139.19192504882812,167536000,0.0,0.0,139.2699991861979,23332738583.65885,yahoo
NVDA,2025-02-20,140.02999877929688,140.66000366210938,136.7899932861328,140.11000061035156,140.07168579101562,143903600,0.0,0.0,139.1866658528646,20029462288.224285,yahoo
NVDA,2025-02-21,140.0399932861328,141.4600067138672,134.02999877929688,134.42999267578125,134.3932342529297,228217600,0.0,0.0,136.63999938964844,31183652724.70703,yahoo
NVDA,2025-02-24,136.55999755859375,138.58999633789062,130.0800018310547,130.27999877929688,130.244384765625,251381100,0.0,0.0,132.98333231608072,33429496359.281918,yahoo
NVDA,2025-02-25,129.97999572753906,130.1999969482422,124.44000244140625,126.62999725341797,126.59537506103516,271428700,0.0,0.0,127.08999888102214,34495873179.2773,yahoo
NVDA,2025-02-26,129.99000549316406,133.72999572753906,128.49000549316406,131.27999877929688,131.24411010742188,322553800,0.0,0.0,131.16666666666666,42308306766.666664,yahoo
NVDA,2025-02-27,135.0,135.00999450683594,120.01000213623047,120.1500015258789,120.11714935302734,443175800,0.0,0.0,125.05666605631511,55422088024.840294,yahoo
NVDA,2025-02-28,118.0199966430664,125.08999633789062,116.4000015258789,124.91999816894531,124.8858413696289,389091100,0.0,0.0,122.13666534423828,47522289469.12155,yahoo
NVDA,2025-03-03,123.51000213623047,123.69999694824219,112.27999877929688,114.05999755859375,114.02880859375,411381400,0.0,0.0,116.67999776204427,47999980831.346634,yahoo
NVDA,2025-03-04,110.6500015258789,119.30999755859375,110.11000061035156,115.98999786376953,115.95828247070312,398163300,0.0,0.0,115.13666534423828,45843194624.45755,yahoo
NVDA,2025-03-05,117.58000183105469,118.27999877929688,114.51000213623047,117.30000305175781,117.2679214477539,284337900,0.0,0.0,116.69666798909505,33181285513.01651,yahoo
NVDA,2025-03-06,113.52999877929688,115.3499984741211,110.22000122070312,110.56999969482422,110.53976440429688,321181900,0.0,0.0,112.04666646321614,35987361223.32204,yahoo
NVDA,2025-03-07,111.25,113.4800033569336,107.55999755859375,112.69000244140625,112.65918731689453,341755500,0.0,0.0,111.2433344523112,38018021387.41684,yahoo
NVDA,2025-03-10,109.9000015258789,111.8499984741211,105.45999908447266,106.9800033569336,106.95074462890625,366487400,0.0,0.0,108.09666697184245,39616066427.176414,yahoo
NVDA,2025-03-11,106.98999786376953,112.23999786376953,104.7699966430664,108.76000213623047,108.73026275634766,354865700,0.0,0.0,108.58999888102214,38534865965.91314,yahoo
NVDA,2025-03-12,114.12000274658203,116.76000213623047,112.87999725341797,115.73999786376953,115.71900177001953,323857500,0.01,0.0,115.12666575113933,37284634153.4996,yahoo
NVDA,2025-03-13,117.02999877929688,117.76000213623047,113.79000091552734,115.58000183105469,115.55902862548828,299033100,0.0,0.0,115.71000162760417,34601120487.70752,yahoo
NVDA,2025-03-14,118.61000061035156,121.87999725341797,118.1500015258789,121.66999816894531,121.64791870117188,277593500,0.0,0.0,120.56666564941406,33468522700.950623,yahoo
NVDA,2025-03-17,122.73999786376953,122.88999938964844,118.02999877929688,119.52999877929688,119.50830841064453,255501500,0.0,0.0,120.14999898274739,30698504965.09043,yahoo
NVDA,2025-03-18,118.0,119.0199966430664,114.54000091552734,115.43000030517578,115.40904998779297,299686900,0.0,0.0,116.32999928792317,34862576863.5999,yahoo
NVDA,2025-03-19,117.2699966430664,120.44999694824219,115.68000030517578,117.5199966430664,117.49867248535156,273426200,0.0,0.0,117.88333129882812,32232391320.37964,yahoo
NVDA,2025-03-20,116.55000305175781,120.19999694824219,116.47000122070312,118.52999877929688,118.50848388671875,248829700,0.0,0.0,118.39999898274739,29461436226.87734,yahoo
NVDA,2025-03-21,116.94000244140625,117.98999786376953,115.41999816894531,117.69999694824219,117.67863464355469,266498500,0.0,0.0,117.03666432698567,31190095488.14519,yahoo
NVDA,2025-03-24,119.87999725341797,122.22000122070312,119.33999633789062,121.41000366210938,121.38796997070312,228452500,0.0,0.0,120.99000040690105,27640468067.95756,yahoo
NVDA,2025-03-25,120.55000305175781,121.29000091552734,118.91999816894531,120.69000244140625,120.66809844970703,167447200,0.0,0.0,120.3000005086263,20143898245.16805,yahoo
NVDA,2025-03-26,118.7300033569336,118.83999633789062,112.70999908447266,113.76000213623047,113.7393569946289,293463300,0.0,0.0,115.10333251953125,33778603802.178955,yahoo
NVDA,2025-03-27,111.3499984741211,114.44999694824219,110.66000366210938,111.43000030517578,111.40978240966797,236902100,0.0,0.0,112.18000030517578,26575677650.296783,yahoo
NVDA,2025-03-28,111.48999786376953,112.87000274658203,109.06999969482422,109.66999816894531,109.65010070800781,229872500,0.0,0.0,110.53666687011719,25409339955.101013,yahoo
NVDA,2025-03-31,105.12999725341797,110.95999908447266,103.6500015258789,108.37999725341797,108.3603286743164,299212700,0.0,0.0,107.66333262125652,32214236444.60424,yahoo
NVDA,2025-04-01,108.5199966430664,110.19999694824219,106.47000122070312,110.1500015258789,110.1300048828125,222614000,0.0,0.0,108.93999989827473,24251569137.35453,yahoo
NVDA,2025-04-02,107.29000091552734,111.9800033569336,106.79000091552734,110.41999816894531,110.39995574951172,220601200,0.0,0.0,109.73000081380208,24206569855.525715,yahoo
NVDA,2025-04-03,103.51000213623047,105.62999725341797,101.5999984741211,101.80000305175781,101.78152465820312,338769400,0.0,0.0,103.00999959309895,34896635756.15437,yahoo
NVDA,2025-04-04,98.91000366210938,100.12999725341797,92.11000061035156,94.30999755859375,94.29288482666016,532273800,0.0,0.0,95.51666514078777,50841018317.81464,yahoo
NVDA,2025-04-07,87.45999908447266,101.75,86.62000274658203,97.63999938964844,97.62227630615234,611041300,0.0,0.0,95.33666737874348,58254641172.77501,yahoo
NVDA,2025-04-08,103.80999755859375,105.8499984741211,94.45999908447266,96.30000305175781,96.28252410888672,476243400,0.0,0.0,98.87000020345052,47086185054.89197,yahoo
NVDA,2025-04-09,98.88999938964844,115.0999984741211,97.52999877929688,114.33000183105469,114.30924987792969,612918300,0.0,0.0,108.98666636149089,66799922268.95218,yahoo
NVDA,2025-04-10,109.37000274658203,110.86000061035156,99.1500015258789,107.56999969482422,107.55047607421875,437812400,0.0,0.0,105.86000061035156,46346820931.21948,yahoo
NVDA,2025-04-11,108.5,111.55000305175781,107.4800033569336,110.93000030517578,110.90986633300781,313417300,0.0,0.0,109.98666890462239,34471724804.0807,yahoo
NVDA,2025-04-14,114.11000061035156,114.29000091552734,109.06999969482422,110.70999908447266,110.68990325927734,264705000,0.0,0.0,111.3566665649414,29476666423.072815,yahoo
NVDA,2025-04-15,110.97000122070312,113.62000274658203,110.5,112.19999694824219,112.17963409423828,228966900,0.0,0.0,112.1066665649414,25668715912.708282,yahoo
NVDA,2025-04-16,104.55000305175781,106.79000091552734,100.44999694824219,104.48999786376953,104.47103881835938,397016900,0.0,0.0,103.90999857584636,41254025513.58694,yahoo
NVDA,2025-04-17,104.44999694824219,104.47000122070312,100.05000305175781,101.48999786376953,101.4715805053711,292517500,0.0,0.0,102.00333404541016,29837760266.628265,yahoo
NVDA,2025-04-21,98.7699966430664,99.44000244140625,95.04000091552734,96.91000366210938,96.89241790771484,288501100,0.0,0.0,97.13000233968098,28022112518.000538,yahoo
NVDA,2025-04-22,98.77999877929688,99.80999755859375,97.27999877929688,98.88999938964844,98.87205505371094,241004800,0.0,0.0,98.65999857584636,23777533224.772137,yahoo
NVDA,2025-04-23,104.5199966430664,104.80000305175781,102.0199966430664,102.70999908447266,102.69136047363281,247526000,0.0,0.0,103.17666625976562,25538907492.614746,yahoo
NVDA,2025-04-24,103.4800033569336,106.54000091552734,103.11000061035156,106.43000030517578,106.41067504882812,220815000,0.0,0.0,105.36000061035156,23265068534.77478,yahoo
NVDA,2025-04-25,106.8499984741211,111.91999816894531,105.7300033569336,111.01000213623047,110.98986053466797,251064700,0.0,0.0,109.55333455403645,27504975073.808796,yahoo
NVDA,2025-04-28,109.69000244140625,110.37000274658203,106.0199966430664,108.7300033569336,108.71026611328125,207708500,0.0,0.0,108.37333424886067,22510062696.829475,yahoo
NVDA,2025-04-29,107.66999816894531,110.19999694824219,107.44000244140625,109.0199966430664,109.00021362304688,170444300,0.0,0.0,108.88666534423828,18559111453.932953,yahoo
NVDA,2025-04-30,104.47000122070312,108.91999816894531,104.08000183105469,108.91999816894531,108.90023040771484,235044600,0.0,0.0,107.30666605631511,25221852400.54016,yahoo
NVDA,2025-05-01,113.08000183105469,114.94000244140625,111.30000305175781,111.61000061035156,111.5897445678711,236121500,0.0,0.0,112.61666870117188,26591216738.723755,yahoo
NVDA,2025-05-02,114.18000030517578,115.4000015258789,113.37000274658203,114.5,114.4792251586914,190194800,0.0,0.0,114.42333475748698,21762723269.533287,yahoo
NVDA,2025-05-05,112.91000366210938,114.66999816894531,112.66000366210938,113.81999969482422,113.79934692382812,133163200,0.0,0.0,113.71666717529297,15142875294.396973,yahoo
NVDA,2025-05-06,111.4800033569336,114.73999786376953,110.81999969482422,113.54000091552734,113.51940155029297,158525600,0.0,0.0,113.03333282470703,17918676906.036377,yahoo
NVDA,2025-05-07,113.05000305175781,117.68000030517578,112.27999877929688,117.05999755859375,117.03875732421875,206758800,0.0,0.0,115.67333221435547,23916479360.64148,yahoo
NVDA,2025-05-08,118.25,118.68000030517578,115.8499984741211,117.37000274658203,117.34870910644531,198428100,0.0,0.0,117.3000005086263,23275616230.92575,yahoo
NVDA,2025-05-09,117.3499984741211,118.2300033569336,115.20999908447266,116.6500015258789,116.62882995605469,132972200,0.0,0.0,116.69666798909505,15517412675.179544,yahoo
NVDA,2025-05-12,121.97000122070312,123.0,120.27999877929688,123.0,122.9776840209961,225023300,0.0,0.0,122.0933329264323,27473844683.104454,yahoo
NVDA,2025-05-13,124.9800033569336,131.22000122070312,124.47000122070312,129.92999267578125,129.9064178466797,330430100,0.0,0.0,128.53999837239584,42473484516.1906,yahoo
NVDA,2025-05-14,133.1999969482422,135.44000244140625,131.67999267578125,135.33999633789062,135.3154296875,281180800,0.0,0.0,134.15333048502603,37721340788.44401,yahoo
NVDA,2025-05-15,134.2899932861328,136.3000030517578,132.66000366210938,134.8300018310547,134.80552673339844,226632600,0.0,0.0,134.59666951497397,30503993163.51929,yahoo
NVDA,2025-05-16,136.22000122070312,136.35000610351562,133.4600067138672,135.39999389648438,135.37542724609375,226542500,0.0,0.0,135.07000223795572,30599095981.992085,yahoo
NVDA,2025-05-19,132.38999938964844,135.8699951171875,132.38999938964844,135.57000732421875,135.54539489746094,193154600,0.0,0.0,134.61000061035156,26000540823.892212,yahoo
NVDA,2025-05-20,134.2899932861328,134.5800018310547,132.6199951171875,134.3800048828125,134.35560607910156,161514200,0.0,0.0,133.86000061035156,21620290910.580444,yahoo
NVDA,2025-05-21,133.05999755859375,137.39999389648438,130.58999633789062,131.8000030517578,131.7760772705078,270608700,0.0,0.0,133.2633310953776,36062216785.38971,yahoo
NVDA,2025-05-22,132.22999572753906,134.25,131.5500030517578,132.8300018310547,132.80589294433594,187344000,0.0,0.0,132.87666829427084,24893646544.921875,yahoo
NVDA,2025-05-23,130.0,132.67999267578125,129.16000366210938,131.2899932861328,131.26617431640625,198821300,0.0,0.0,131.04332987467447,26054205202.011616,yahoo
NVDA,2025-05-27,134.14999389648438,135.66000366210938,133.30999755859375,135.5,135.47540283203125,192953600,0.0,0.0,134.82333374023438,26014647609.179688,yahoo
NVDA,2025-05-28,136.02999877929688,137.25,134.7899932861328,134.80999755859375,134.78553771972656,304021100,0.0,0.0,135.61666361490884,41230327250.53456,yahoo
NVDA,2025-05-29,142.25,143.49000549316406,137.91000366210938,139.19000244140625,139.1647491455078,369241900,0.0,0.0,140.19667053222656,51766485000.99335,yahoo
NVDA,2025-05-30,138.72000122070312,139.6199951171875,132.9199981689453,135.1300048828125,135.10548400878906,333170900,0.0,0.0,135.88999938964844,45274593397.64862,yahoo
NVDA,2025-06-02,135.49000549316406,138.1199951171875,135.39999389648438,137.3800048828125,137.35507202148438,197663100,0.0,0.0,136.96666463216147,27073255527.853394,yahoo
NVDA,2025-06-03,138.77999877929688,142.0,137.9499969482422,141.22000122070312,141.19436645507812,225578800,0.0,0.0,140.38999938964844,31669007594.317627,yahoo
NVDA,2025-06-04,142.19000244140625,142.38999938964844,139.5399932861328,141.9199981689453,141.8942413330078,167120800,0.0,0.0,141.28333028157553,23611383183.32113,yahoo
NVDA,2025-06-05,142.1699981689453,144.0,138.8300018310547,139.99000549316406,139.964599609375,231397900,0.0,0.0,140.94000244140625,32613220590.93628,yahoo
NVDA,2025-06-06,142.50999450683594,143.27000427246094,141.50999450683594,141.72000122070312,141.69427490234375,153986200,0.0,0.0,142.16666666666666,21891704766.666664,yahoo
NVDA,2025-06-09,143.19000244140625,145.0,141.94000244140625,142.6300048828125,142.6041259765625,185114500,0.0,0.0,143.19000244140625,26506545706.939697,yahoo
NVDA,2025-06-10,142.69000244140625,144.2899932861328,141.52999877929688,143.9600067138672,143.9338836669922,155881900,0.0,0.0,143.25999959309897,22331640930.571495,yahoo
NVDA,2025-06-11,144.61000061035156,144.99000549316406,141.8699951171875,142.8300018310547,142.81399536132812,167694000,0.01,0.0,143.2300008138021,24018811756.469727,yahoo
NVDA,2025-06-12,141.97000122070312,145.0,141.85000610351562,145.0,144.98374938964844,162365000,0.0,0.0,143.95000203450522,23372442080.33244,yahoo
NVDA,2025-06-13,142.47999572753906,143.5800018310547,140.85000610351562,141.97000122070312,141.95408630371094,180820600,0.0,0.0,142.13333638509116,25700635165.154015,yahoo
NVDA,2025-06-16,143.35000610351562,146.17999267578125,143.1999969482422,144.69000244140625,144.6737823486328,183133700,0.0,0.0,144.68999735514322,26497614568.637592,yahoo
NVDA,2025-06-17,144.49000549316406,145.22000122070312,143.77999877929688,144.1199951171875,144.1038360595703,139108000,0.0,0.0,144.37333170572916,20083485426.92057,yahoo
NVDA,2025-06-18,144.00999450683594,145.64999389648438,143.1199951171875,145.47999572753906,145.46368408203125,161494100,0.0,0.0,144.74999491373697,23376270153.59853,yahoo
NVDA,2025-06-20,145.4499969482422,146.1999969482422,142.64999389648438,143.85000610351562,143.83387756347656,242956200,0.0,0.0,144.23333231608072,35042382332.85217,yahoo
NVDA,2025-06-23,142.5,144.77999877929688,142.02999877929688,144.1699981689453,144.15383911132812,154308900,0.0,0.0,143.65999857584634,22168016354.240417,yahoo
NVDA,2025-06-24,145.55999755859375,147.9600067138672,145.5,147.89999389648438,147.88340759277344,187566100,0.0,0.0,147.12000020345053,27594724670.160423,yahoo
NVDA,2025-06-25,149.27000427246094,154.4499969482422,149.25999450683594,154.30999755859375,154.29270935058594,269146500,0.0,0.0,152.67332967122397,41091492324.35608,yahoo
NVDA,2025-06-26,155.97999572753906,156.72000122070312,154.0,155.02000427246094,155.00262451171875,198145700,0.0,0.0,155.24666849772134,30761459802.148945,yahoo
NVDA,2025-06-27,156.0399932861328,158.7100067138672,155.25999450683594,157.75,157.73231506347656,263234500,0.0,0.0,157.24000040690103,41390992887.11039,yahoo
NVDA,2025-06-30,158.39999389648438,158.66000366210938,155.9600067138672,157.99000549316406,157.97230529785156,194580300,0.0,0.0,157.53667195638022,30653532890.274048,yahoo
NVDA,2025-07-01,156.2899932861328,157.1999969482422,151.49000549316406,153.3000030517578,153.2828369140625,213143600,0.0,0.0,153.99666849772134,32823404311.61092,yahoo
NVDA,2025-07-02,152.97999572753906,157.60000610351562,152.97000122070312,157.25,157.2323760986328,171224100,0.0,0.0,155.94000244140625,26700686572.027588,yahoo
NVDA,2025-07-03,158.3699951171875,160.97999572753906,157.77000427246094,159.33999633789062,159.3221435546875,143716100,0.0,0.0,159.36333211263022,22903076574.231976,yahoo
NVDA,2025-07-07,158.1999969482422,159.30999755859375,157.33999633789062,158.24000549316406,158.22227478027344,140139000,0.0,0.0,158.29666646321616,22183536541.488647,yahoo
NVDA,2025-07-08,159.3300018310547,160.22000122070312,158.38999938964844,160.0,159.98207092285156,138133000,0.0,0.0,159.5366668701172,22037278404.769897,yahoo
NVDA,2025-07-09,161.22000122070312,164.4199981689453,161.16000366210938,162.8800048828125,162.86175537109375,183656400,0.0,0.0,162.82000223795572,29902935459.014893,yahoo
NVDA,2025-07-10,164.32000732421875,164.5,161.61000061035156,164.10000610351562,164.0816192626953,167704100,0.0,0.0,163.40333557128906,27403409328.981018,yahoo
NVDA,2025-07-11,163.72000122070312,167.88999938964844,163.47000122070312,164.9199981689453,164.90151977539062,193633300,0.0,0.0,165.42666625976562,32032111295.877075,yahoo
NVDA,2025-07-14,165.3699951171875,165.49000549316406,162.02000427246094,164.07000732421875,164.05162048339844,136975800,0.0,0.0,163.8600056966146,22444855368.29834,yahoo
NVDA,2025-07-15,171.19000244140625,172.39999389648438,169.1999969482422,170.6999969482422,170.6808624267578,230627400,0.0,0.0,170.76666259765625,39383471401.57471,yahoo
NVDA,2025-07-16,171.05999755859375,171.75,168.89999389648438,171.3699951171875,171.35079956054688,158831500,0.0,0.0,170.67332967122397,27108300961.67501,yahoo
NVDA,2025-07-17,172.02000427246094,174.16000366210938,170.8300018310547,173.0,172.98062133789062,160841100,0.0,0.0,172.66333516438803,27771360757.50885,yahoo
NVDA,2025-07-18,173.63999938964844,174.25,171.25999450683594,172.41000366210938,172.39068603515625,146456400,0.0,0.0,172.63999938964844,25284232806.610107,yahoo
NVDA,2025-07-21,172.75,173.3800048828125,171.0,171.3800048828125,171.36080932617188,123126100,0.0,0.0,171.92000325520834,21167839512.80111,yahoo
NVDA,2025-07-22,171.33999633789062,171.38999938964844,164.5800018310547,167.02999877929688,167.01129150390625,193114300,0.0,0.0,167.66666666666666,32378830966.666664,yahoo
NVDA,2025-07-23,169.52999877929688,171.25999450683594,167.97000122070312,170.77999877929688,170.7608642578125,154082200,0.0,0.0,170.00333150227866,26194487325.2004,yahoo
NVDA,2025-07-24,172.44000244140625,173.8300018310547,171.3000030517578,173.74000549316406,173.7205352783203,128984600,0.0,0.0,172.95667012532553,22308746913.447063,yahoo
NVDA,2025-07-25,173.61000061035156,174.72000122070312,172.9600067138672,173.5,173.48056030273438,122316800,0.0,0.0,173.72666931152344,21249690264.84375,yahoo
NVDA,2025-07-28,174.02000427246094,177.0,173.97000122070312,176.75,176.73019409179688,140023500,0.0,0.0,175.90666707356772,24631067196.975708,yahoo
NVDA,2025-07-29,177.9600067138672,179.3800048828125,175.02000427246094,175.50999450683594,175.49032592773438,154077500,0.0,0.0,176.63666788736978,27215736196.416218,yahoo
NVDA,2025-07-30,176.50999450683594,179.88999938964844,176.0399932861328,179.27000427246094,179.2499237060547,174312200,0.0,0.0,178.3999989827474,31097296302.68046,yahoo
NVDA,2025-07-31,182.89999389648438,183.3000030517578,175.92999267578125,177.8699951171875,177.85006713867188,221685400,0.0,0.0,179.03333028157553,39689075436.803185,yahoo
NVDA,2025-08-01,174.08999633789062,176.5399932861328,170.88999938964844,173.72000122070312,173.70053100585938,204529000,0.0,0.0,173.71666463216147,35530095700.55135,yahoo
NVDA,2025-08-04,175.16000366210938,180.1999969482422,174.52000427246094,180.0,179.97982788085938,148174600,0.0,0.0,178.24000040690103,26410640764.292397,yahoo
NVDA,2025-08-05,179.6199951171875,180.25999450683594,175.89999389648438,178.25999450683594,178.24002075195312,156407600,0.0,0.0,178.1399943033854,27862448973.006184,yahoo
NVDA,2025-08-06,176.3300018310547,179.89999389648438,176.25,179.4199981689453,179.39988708496094,137192300,0.0,0.0,178.52333068847656,24492026340.812683,yahoo
NVDA,2025-08-07,181.57000732421875,183.8800048828125,178.8000030517578,180.77000427246094,180.749755859375,151878400,0.0,0.0,181.1500040690104,27512772777.99479,yahoo
NVDA,2025-08-08,181.5500030517578,183.3000030517578,180.39999389648438,182.6999969482422,182.6795196533203,123396700,0.0,0.0,182.13333129882812,22474652042.282104,yahoo
NVDA,2025-08-11,182.0500030517578,183.83999633789062,180.25,182.05999755859375,182.0395965576172,138323200,0.0,0.0,182.04999796549478,25181738278.580727,yahoo
NVDA,2025-08-12,182.9600067138672,184.47999572753906,179.4600067138672,183.16000366210938,183.1394805908203,145485700,0.0,0.0,182.36666870117188,26531742452.65808,yahoo
NVDA,2025-08-13,182.6199951171875,183.97000122070312,179.35000610351562,181.58999633789062,181.5696563720703,179871700,0.0,0.0,181.63666788736978,32671296235.23661,yahoo
NVDA,2025-08-14,179.75,183.02000427246094,179.4600067138672,182.02000427246094,181.99960327148438,129554000,0.0,0.0,181.50000508626303,23514051658.94572,yahoo
NVDA,2025-08-15,181.8800048828125,181.89999389648438,178.0399932861328,180.4499969482422,180.42977905273438,156602200,0.0,0.0,180.12999471028647,28208753457.619225,yahoo
NVDA,2025-08-18,180.60000610351562,182.94000244140625,180.58999633789062,182.00999450683594,181.98959350585938,132008000,0.0,0.0,181.84666442871094,24005214477.905273,yahoo
NVDA,2025-08-19,182.42999267578125,182.5,175.49000549316406,175.63999938964844,175.6203155517578,185229200,0.0,0.0,177.87666829427084,32947952966.813152,yahoo
NVDA,2025-08-20,175.1699981689453,176.0,168.8000030517578,175.39999389648438,175.38034057617188,215142700,0.0,0.0,173.3999989827474,37305743961.14553,yahoo
NVDA,2025-08-21,174.85000610351562,176.89999389648438,173.80999755859375,174.97999572753906,174.96038818359375,140040900,0.0,0.0,175.22999572753906,24539366308.680725,yahoo
NVDA,2025-08-22,172.61000061035156,178.58999633789062,171.1999969482422,177.99000549316406,177.97006225585938,172789400,0.0,0.0,175.92666625976562,30398263107.025146,yahoo
NVDA,2025-08-25,178.35000610351562,181.91000366210938,176.57000732421875,179.80999755859375,179.78985595703125,163012800,0.0,0.0,179.43000284830728,29249387168.310547,yahoo
NVDA,2025-08-26,180.05999755859375,182.38999938964844,178.80999755859375,181.77000427246094,181.7496337890625,168688200,0.0,0.0,180.99000040690103,30530877386.639404,yahoo
NVDA,2025-08-27,181.97999572753906,182.49000549316406,179.10000610351562,181.60000610351562,181.57965087890625,235518900,0.0,0.0,181.06333923339844,42643838486.57684,yahoo
NVDA,2025-08-28,180.82000732421875,184.47000122070312,176.41000366210938,180.1699981689453,180.14981079101562,281787800,0.0,0.0,180.3500010172526,50820430016.64937,yahoo
NVDA,2025-08-29,178.11000061035156,178.14999389648438,173.14999389648438,174.17999267578125,174.1604766845703,243257900,0.0,0.0,175.15999348958334,42609052180.28972,yahoo
NVDA,2025-09-02,170.0,172.3800048828125,167.22000122070312,170.77999877929688,170.7608642578125,231164900,0.0,0.0,170.12666829427084,39327314263.57829,yahoo
NVDA,2025-09-03,171.05999755859375,172.41000366210938,168.8800048828125,170.6199951171875,170.60089111328125,164424900,0.0,0.0,170.63666788736978,28056917053.71399,yahoo
NVDA,2025-09-04,170.57000732421875,171.86000061035156,169.41000366210938,171.66000366210938,171.64077758789062,141670100,0.0,0.0,170.97666931152344,24222281839.030457,yahoo
NVDA,2025-09-05,168.02999877929688,169.02999877929688,164.07000732421875,167.02000427246094,167.0012969970703,224441400,0.0,0.0,166.70667012532553,37415878432.266235,yahoo
NVDA,2025-09-08,167.5500030517578,170.9600067138672,167.35000610351562,168.30999755859375,168.2911376953125,163769100,0.0,0.0,168.8733367919922,27656234380.421448,yahoo
NVDA,2025-09-09,169.08999633789062,170.97999572753906,166.74000549316406,170.75999450683594,170.74085998535156,157548400,0.0,0.0,169.4933319091797,26703403252.960205,yahoo
NVDA,2025-09-10,176.63999938964844,179.2899932861328,175.47000122070312,177.3300018310547,177.3101348876953,226852000,0.0,0.0,177.36333211263022,40235226616.41439,yahoo
NVDA,2025-09-11,179.67999267578125,180.27999877929688,176.47999572753906,177.1699981689453,177.16014099121094,151159300,0.01,0.0,177.9766642252604,26902827980.625404,yahoo
NVDA,2025-09-12,177.77000427246094,178.60000610351562,176.4499969482422,177.82000732421875,177.8101043701172,124911000,0.0,0.0,177.6233367919922,22187108622.024536,yahoo
NVDA,2025-09-15,175.6699981689453,178.85000610351562,174.50999450683594,177.75,177.74009704589844,147061600,0.0,0.0,177.0366668701172,26035295488.586426,yahoo
NVDA,2025-09-16,177.0,177.5,174.3800048828125,174.8800048828125,174.87026977539062,140737800,0.0,0.0,175.586669921875,24711681634.13086,yahoo
NVDA,2025-09-17,172.63999938964844,173.1999969482422,168.41000366210938,170.2899932861328,170.280517578125,211843800,0.0,0.0,170.63333129882812,36147613309.002686,yahoo
NVDA,2025-09-18,173.97999572753906,177.10000610351562,172.9600067138672,176.24000549316406,176.23019409179688,191763300,0.0,0.0,175.43333943684897,33641676100.430298,yahoo
NVDA,2025-09-19,175.77000427246094,178.0800018310547,175.17999267578125,176.6699981689453,176.66015625,237182100,0.0,0.0,176.6433308919271,41896636171.94214,yahoo
NVDA,2025-09-22,175.3000030517578,184.5500030517578,174.7100067138672,183.61000061035156,183.5997772216797,269637000,0.0,0.0,180.95667012532553,48792613662.5824,yahoo
NVDA,2025-09-23,181.97000122070312,182.4199981689453,176.2100067138672,178.42999267578125,178.42005920410156,192559600,0.0,0.0,179.0199991861979,34472019435.29459,yahoo
NVDA,2025-09-24,179.77000427246094,179.77999877929688,175.39999389648438,176.97000122070312,176.96014404296875,143564100,0.0,0.0,177.38333129882812,25465878312.91809,yahoo
NVDA,2025-09-25,174.47999572753906,180.25999450683594,173.1300048828125,177.69000244140625,177.68011474609375,191586700,0.0,0.0,177.02666727701822,33915954995.601906,yahoo
NVDA,2025-09-26,178.1699981689453,179.77000427246094,174.92999267578125,178.19000244140625,178.18008422851562,148573700,0.0,0.0,177.62999979654947,26391146300.772602,yahoo
NVDA,2025-09-29,180.42999267578125,184.0,180.32000732421875,181.85000610351562,181.8398895263672,193063500,0.0,0.0,182.05667114257812,35148498129.13513,yahoo
NVDA,2025-09-30,182.0800018310547,187.35000610351562,181.47999572753906,186.5800018310547,186.56961059570312,236981000,0.0,0.0,185.13666788736978,43873872692.616776,yahoo
NVDA,2025-10-01,185.24000549316406,188.13999938964844,183.89999389648438,187.24000549316406,187.22958374023438,173844900,0.0,0.0,186.42666625976562,32409325153.26233,yahoo
NVDA,2025-10-02,189.60000610351562,191.0500030517578,188.05999755859375,188.88999938964844,188.87948608398438,136805800,0.0,0.0,189.33333333333334,25901898133.333336,yahoo
NVDA,2025-10-03,189.19000244140625,190.36000061035156,185.3800048828125,187.6199951171875,187.6095428466797,137596900,0.0,0.0,187.7866668701172,25838863222.660828,yahoo
NVDA,2025-10-06,185.5,187.22999572753906,183.3300018310547,185.5399932861328,185.5296630859375,157678100,0.0,0.0,185.36666361490884,29228263322.13796,yahoo
NVDA,2025-10-07,186.22999572753906,189.05999755859375,184.0,185.0399932861328,185.02969360351562,140088000,0.0,0.0,186.03333028157553,26061037172.48535,yahoo
NVDA,2025-10-08,186.57000732421875,189.60000610351562,186.5399932861328,189.11000061035156,189.09947204589844,130168900,0.0,0.0,188.41666666666666,24525990241.666664,yahoo
NVDA,2025-10-09,192.22999572753906,195.3000030517578,191.05999755859375,192.57000732421875,192.5592803955078,182997200,0.0,0.0,192.97666931152344,35314190149.33472,yahoo
NVDA,2025-10-10,193.50999450683594,195.6199951171875,182.0500030517578,183.16000366210938,183.14981079101562,268774400,0.0,0.0,186.9433339436849,50245582414.71355,yahoo
NVDA,2025-10-13,187.97000122070312,190.11000061035156,185.9600067138672,188.32000732421875,188.3095245361328,153482800,0.0,0.0,188.1300048828125,28874719913.427734,yahoo
NVDA,2025-10-14,184.77000427246094,184.8000030517578,179.6999969482422,180.02999877929688,180.0199737548828,205641400,0.0,0.0,181.50999959309897,37325970430.3243,yahoo
NVDA,2025-10-15,184.8000030517578,184.8699951171875,177.2899932861328,179.8300018310547,179.8199920654297,214450500,0.0,0.0,180.663330078125,38743341466.918945,yahoo
NVDA,2025-10-16,182.22999572753906,183.27999877929688,179.77000427246094,181.80999755859375,181.7998809814453,179723300,0.0,0.0,181.62000020345053,32641345782.5648,yahoo
NVDA,2025-10-17,180.17999267578125,184.10000610351562,179.75,183.22000122070312,183.20980834960938,173135200,0.0,0.0,182.3566691080729,31572358377.360023,yahoo
NVDA,2025-10-20,183.1300048828125,185.1999969482422,181.72999572753906,182.63999938964844,182.6298370361328,128544700,0.0,0.0,183.18999735514322,23548103253.017677,yahoo
NVDA,2025-10-21,182.7899932861328,182.7899932861328,179.8000030517578,181.16000366210938,181.14991760253906,124240200,0.0,0.0,181.25,22518536250.0,yahoo
NVDA,2025-10-22,181.13999938964844,183.44000244140625,176.75999450683594,180.27999877929688,180.26995849609375,162249600,0.0,0.0,180.15999857584634,29230887704.93164,yahoo
NVDA,2025-10-23,180.4199981689453,183.02999877929688,179.7899932861328,182.16000366210938,182.1498565673828,111363700,0.0,0.0,181.65999857584634,20230329583.400978,yahoo
NVDA,2025-10-24,183.83999633789062,187.47000122070312,183.5,186.25999450683594,186.24961853027344,131296700,0.0,0.0,185.7433319091797,24387486526.679993,yahoo
NVDA,2025-10-27,189.99000549316406,192.0,188.42999267578125,191.49000549316406,191.47933959960938,153452700,0.0,0.0,190.63999938964844,29254222634.339905,yahoo
NVDA,2025-10-28,193.0500030517578,203.14999389648438,191.91000366210938,201.02999877929688,201.01881408691406,297986200,0.0,0.0,198.69666544596353,59208864288.91398,yahoo
NVDA,2025-10-29,207.97999572753906,212.19000244140625,204.77999877929688,207.0399932861328,207.02847290039062,308829600,0.0,0.0,208.00333150227866,64237585666.51611,yahoo
NVDA,2025-10-30,205.14999389648438,206.16000366210938,201.41000366210938,202.88999938964844,202.8787078857422,178864400,0.0,0.0,203.4866689046224,36396520941.62395,yahoo
NVDA,2025-10-31,206.4499969482422,207.97000122070312,202.07000732421875,202.49000549316406,202.47872924804688,179802200,0.0,0.0,204.17667134602866,36711414696.69292,yahoo
NVDA,2025-11-03,208.0800018310547,211.33999633789062,205.55999755859375,206.8800048828125,206.8684844970703,180267300,0.0,0.0,207.92666625976562,37482378724.64905,yahoo
NVDA,2025-11-04,203.0,203.97000122070312,197.92999267578125,198.69000244140625,198.67893981933594,188919300,0.0,0.0,200.19666544596353,37821013898.38562,yahoo
NVDA,2025-11-05,198.77000427246094,202.9199981689453,194.64999389648438,195.2100067138672,195.1991424560547,171350300,0.0,0.0,197.59333292643228,33857676874.94405,yahoo
NVDA,2025-11-06,196.4199981689453,197.6199951171875,186.3800048828125,188.0800018310547,188.0695343017578,223029800,0.0,0.0,190.6933339436849,42530296130.79326,yahoo
NVDA,2025-11-07,184.89999389648438,188.32000732421875,178.91000366210938,188.14999389648438,188.1395263671875,264942300,0.0,0.0,185.12666829427084,49047885289.22119,yahoo
NVDA,2025-11-10,195.11000061035156,199.94000244140625,193.7899932861328,199.0500030517578,199.03892517089844,198897100,0.0,0.0,197.59333292643228,39300740898.40189,yahoo
NVDA,2025-11-11,195.16000366210938,195.4199981689453,191.3000030517578,193.16000366210938,193.1492462158203,176483300,0.0,0.0,193.2933349609375,34113045621.91162,yahoo
NVDA,2025-11-12,195.72000122070312,195.88999938964844,191.1300048828125,193.8000030517578,193.78921508789062,154935300,0.0,0.0,193.6066691080729,29996507360.26001,yahoo
NVDA,2025-11-13,191.0500030517578,191.44000244140625,183.85000610351562,186.86000061035156,186.84959411621094,207423100,0.0,0.0,187.38333638509116,38867632521.3384,yahoo
NVDA,2025-11-14,182.86000061035156,191.00999450683594,180.5800018310547,190.1699981689453,190.15940856933594,186591900,0.0,0.0,187.25333150227866,34939954906.34003,yahoo
NVDA,2025-11-17,185.97000122070312,189.0,184.32000732421875,186.60000610351562,186.58961486816406,173628900,0.0,0.0,186.64000447591147,32406098673.147583,yahoo
NVDA,2025-11-18,183.3800048828125,184.8000030517578,179.64999389648438,181.36000061035156,181.3498992919922,213598900,0.0,0.0,181.9366658528646,38861471695.83944,yahoo
NVDA,2025-11-19,184.7899932861328,187.86000061035156,182.8300018310547,186.52000427246094,186.50961303710938,247246400,0.0,0.0,185.7366689046224,45922722734.659836,yahoo
NVDA,2025-11-20,195.9499969482422,196.0,179.85000610351562,180.63999938964844,180.62994384765625,343504800,0.0,0.0,185.49666849772134,63718996012.976074,yahoo
NVDA,2025-11-21,181.24000549316406,184.55999755859375,172.92999267578125,178.8800048828125,178.8700408935547,346926200,0.0,0.0,178.78999837239584,62026934733.34148,yahoo
NVDA,2025-11-24,179.49000549316406,183.5,176.47999572753906,182.5500030517578,182.5398406982422,256618300,0.0,0.0,180.84333292643228,46407708661.91508,yahoo
NVDA,2025-11-25,174.91000366210938,178.16000366210938,169.5500030517578,177.82000732421875,177.8101043701172,320600300,0.0,0.0,175.17667134602866,56161693386.53819,yahoo
NVDA,2025-11-26,181.6300048828125,182.91000366210938,178.24000549316406,180.25999450683594,180.2499542236328,183852000,0.0,0.0,180.47000122070312,33179770664.42871,yahoo
NVDA,2025-11-28,179.00999450683594,179.2899932861328,176.5,177.0,176.99014282226562,121332800,0.0,0.0,177.59666442871094,21548300565.7959,yahoo
NVDA,2025-12-01,174.75999450683594,180.3000030517578,173.67999267578125,179.9199981689453,179.9099884033203,188131000,0.0,0.0,177.96666463216147,33481046583.91317,yahoo
NVDA,2025-12-02,181.75999450683594,185.66000366210938,180.0,181.4600067138672,181.4499053955078,182632200,0.0,0.0,182.3733367919922,33307243719.662476,yahoo
NVDA,2025-12-03,181.0800018310547,182.4499969482422,179.11000061035156,179.58999633789062,179.5800018310547,165138000,0.0,0.0,180.38333129882812,29788142564.02588,yahoo
NVDA,2025-12-04,181.6199951171875,184.52000427246094,179.9600067138672,183.3800048828125,183.3800048828125,167364900,0.01,0.0,182.62000528971353,30564178923.312378,yahoo
NVDA,2025-12-05,183.88999938964844,184.66000366210938,180.91000366210938,182.41000366210938,182.41000366210938,143971100,0.0,0.0,182.66000366210938,26297761653.237915,yahoo
NVDA,2025-12-08,182.63999938964844,188.0,182.39999389648438,185.5500030517578,185.5500030517578,204378100,0.0,0.0,185.31666564941406,37874668023.76251,yahoo
NVDA,2025-12-09,185.55999755859375,185.72000122070312,183.32000732421875,184.97000122070312,184.97000122070312,144719700,0.0,0.0,184.67000325520834,26725387470.092773,yahoo
NVDA,2025-12-10,184.97000122070312,185.47999572753906,182.0399932861328,183.77999877929688,183.77999877929688,162785400,0.0,0.0,183.76666259765625,29914529677.62451,yahoo
NVDA,2025-12-11,180.27999877929688,181.32000732421875,176.6199951171875,180.92999267578125,180.92999267578125,182136600,0.0,0.0,179.62333170572916,32715982917.55371,yahoo
NVDA,2025-12-12,181.11000061035156,182.82000732421875,174.6199951171875,175.02000427246094,175.02000427246094,204274900,0.0,0.0,177.4866689046224,36256071541.82485,yahoo
NVDA,2025-12-15,177.94000244140625,178.4199981689453,175.02999877929688,176.2899932861328,176.2899932861328,164775600,0.0,0.0,176.57999674479166,29096074911.621094,yahoo
NVDA,2025-12-16,176.25999450683594,178.49000549316406,174.89999389648438,177.72000122070312,177.72000122070312,148588100,0.0,0.0,177.0366668701172,26305541960.56366,yahoo
NVDA,2025-12-17,176.10000610351562,176.1300048828125,170.30999755859375,170.94000244140625,170.94000244140625,222775500,0.0,0.0,172.46000162760416,38419863092.59033,yahoo
NVDA,2025-12-18,174.52999877929688,176.14999389648438,171.82000732421875,174.13999938964844,174.13999938964844,176096000,0.0,0.0,174.0366668701172,30647160889.160156,yahoo
NVDA,2025-12-19,176.6699981689453,181.4499969482422,176.33999633789062,180.99000549316406,180.99000549316406,324925900,0.0,0.0,179.59333292643228,58354525335.12064,yahoo
NVDA,2025-12-22,183.9199981689453,184.16000366210938,182.35000610351562,183.69000244140625,183.69000244140625,129064400,0.0,0.0,183.4000040690104,23670411485.164387,yahoo
NVDA,2025-12-23,182.97000122070312,189.3300018310547,182.89999389648438,189.2100067138672,189.2100067138672,174873600,0.0,0.0,187.14666748046875,32727011470.3125,yahoo
NVDA,2025-12-24,187.94000244140625,188.91000366210938,186.58999633789062,188.61000061035156,188.61000061035156,65528500,0.0,0.0,188.0366668701172,12321760724.998474,yahoo
NVDA,2025-12-26,189.9199981689453,192.69000244140625,188.0,190.52999877929688,190.52999877929688,139740300,0.0,0.0,190.40666707356772,26607484778.860474,yahoo
NVDA,2025-12-29,187.7100067138672,188.75999450683594,185.91000366210938,188.22000122070312,188.22000122070312,120006100,0.0,0.0,187.62999979654947,22516744518.584694,yahoo
NVDA,2025-12-30,188.24000549316406,188.99000549316406,186.92999267578125,187.5399932861328,187.5399932861328,97687300,0.0,0.0,187.81999715169272,18347628407.756554,yahoo
NVDA,2025-12-31,189.57000732421875,190.55999755859375,186.49000549316406,186.5,186.5,120100500,0.0,0.0,187.8500010172526,22560879047.172546,yahoo
NVDA,2026-01-02,189.83999633789062,192.92999267578125,188.25999450683594,188.85000610351562,188.85000610351562,148240500,0.0,0.0,190.0133310953776,28167671208.244324,yahoo
NVDA,2026-01-05,191.75999450683594,193.6300048828125,186.14999389648438,188.1199951171875,188.1199951171875,183529700,0.0,0.0,189.29999796549478,34742171836.607864,yahoo
NVDA,2026-01-06,190.52000427246094,192.1699981689453,186.82000732421875,187.24000549316406,187.24000549316406,176862600,0.0,0.0,188.74333699544272,33381637313.690186,yahoo
NVDA,2026-01-07,188.57000732421875,191.3699951171875,186.55999755859375,189.11000061035156,189.11000061035156,153543200,0.0,0.0,189.0133310953776,29021711699.04378,yahoo
NVDA,2026-01-08,189.11000061035156,189.5500030517578,183.7100067138672,185.0399932861328,185.0399932861328,172457000,0.0,0.0,186.1000010172526,32094247875.43233,yahoo
NVDA,2026-01-09,185.0800018310547,186.33999633789062,183.6699981689453,184.86000061035156,184.86000061035156,131327500,0.0,0.0,184.9566650390625,24289896427.91748,yahoo
NVDA,2026-01-12,183.22000122070312,187.1199951171875,183.02000427246094,184.94000244140625,184.94000244140625,137968500,0.0,0.0,185.02666727701822,25527851744.20929,yahoo
NVDA,2026-01-13,185.0,188.11000061035156,183.39999389648438,185.80999755859375,185.80999755859375,160128900,0.0,0.0,185.77333068847656,29747679092.481995,yahoo
NVDA,2026-01-14,184.32000732421875,184.4600067138672,180.8000030517578,183.13999938964844,183.13999938964844,159586100,0.0,0.0,182.8000030517578,29172339567.018127,yahoo
NVDA,2026-01-15,186.5,189.6999969482422,186.3300018310547,187.0500030517578,187.0500030517578,206188600,0.0,0.0,187.6933339436849,38700225755.18087,yahoo
NVDA,2026-01-16,189.0800018310547,190.44000244140625,186.0800018310547,186.22999572753906,186.22999572753906,187967200,0.0,0.0,187.58333333333334,35259513933.333336,yahoo
NVDA,2026-01-20,181.89999389648438,182.3800048828125,177.61000061035156,178.07000732421875,178.07000732421875,223345300,0.0,0.0,179.35333760579428,40057724993.567406,yahoo
NVDA,2026-01-21,179.0500030517578,185.3800048828125,178.39999389648438,183.32000732421875,183.32000732421875,200381000,0.0,0.0,182.36666870117188,36542815441.00952,yahoo
NVDA,2026-01-22,184.75,186.1699981689453,183.92999267578125,184.83999633789062,184.83999633789062,139636600,0.0,0.0,184.97999572753906,25829977671.40808,yahoo
NVDA,2026-01-23,187.5,189.60000610351562,186.82000732421875,187.6699981689453,187.6699981689453,142748100,0.0,0.0,188.0300038655599,26840925794.80133,yahoo
NVDA,2026-01-26,187.16000366210938,189.1199951171875,185.99000549316406,186.47000122070312,186.47000122070312,124799600,0.0,0.0,187.1933339436849,23361653198.8383,yahoo
NVDA,2026-01-27,187.24000549316406,190.0,185.6999969482422,188.52000427246094,188.52000427246094,143711600,0.0,0.0,188.07333374023438,27028319709.143066,yahoo
NVDA,2026-01-28,191.27000427246094,192.35000610351562,189.83999633789062,191.52000427246094,191.52000427246094,148552700,0.0,0.0,191.2366689046224,28408723504.7877,yahoo
NVDA,2026-01-29,191.33999633789062,193.47999572753906,186.05999755859375,192.50999450683594,192.50999450683594,171764400,0.0,0.0,190.6833292643229,32752607641.088867,yahoo
NVDA,2026-01-30,191.2100067138672,194.49000549316406,189.47000122070312,191.1300048828125,191.1300048828125,179489500,0.0,0.0,191.69667053222656,34407539545.49408,yahoo
NVDA,2026-02-02,187.1999969482422,190.3000030517578,184.8800048828125,185.61000061035156,185.61000061035156,165794100,0.0,0.0,186.93000284830728,30991891585.232544,yahoo
NVDA,2026-02-03,186.24000549316406,186.27000427246094,176.22999572753906,180.33999633789062,180.33999633789062,204019600,0.0,0.0,180.94666544596353,36916666305.6193,yahoo
NVDA,2026-02-04,179.4600067138672,179.5800018310547,171.91000366210938,174.19000244140625,174.19000244140625,207014100,0.0,0.0,175.22666931152344,36274391243.522644,yahoo
NVDA,2026-02-05,174.92999267578125,176.82000732421875,171.02999877929688,171.8800048828125,171.8800048828125,206312900,0.0,0.0,173.24333699544272,35742335261.20708,yahoo
NVDA,2026-02-06,176.69000244140625,187.0,174.60000610351562,185.41000366210938,185.41000366210938,231346200,0.0,0.0,182.336669921875,42182895707.08008,yahoo
NVDA,2026-02-09,184.25999450683594,193.66000366210938,183.9499969482422,190.0399932861328,190.0399932861328,196387400,0.0,0.0,189.21666463216147,37159768803.78215,yahoo
NVDA,2026-02-10,191.3800048828125,192.47999572753906,188.1199951171875,188.5399932861328,188.5399932861328,136764800,0.0,0.0,189.71332804361978,25946105367.22005,yahoo
NVDA,2026-02-11,192.4499969482422,193.25999450683594,188.77000427246094,190.0500030517578,190.0500030517578,144192700,0.0,0.0,190.6933339436849,27496586693.341576,yahoo
NVDA,2026-02-12,193.02999877929688,193.61000061035156,186.50999450683594,186.94000244140625,186.94000244140625,189932500,0.0,0.0,189.0199991861979,35901040995.43253,yahoo
NVDA,2026-02-13,187.47999572753906,187.5,181.58999633789062,182.80999755859375,182.80999755859375,161647400,0.0,0.0,183.96666463216147,29737733024.460857,yahoo
