symbol,date,open,high,low,close,adjusted_close,volume,dividends,stock_splits,typical_price,traded_value,source
TSLA,2023-02-17,199.99000549316406,208.44000244140625,197.5,208.30999755859375,208.30999755859375,213738500,0.0,0.0,204.75,43762957875.0,yahoo
TSLA,2023-02-21,204.99000549316406,209.7100067138672,197.22000122070312,197.3699951171875,197.3699951171875,180018600,0.0,0.0,201.43333435058594,36261746843.12439,yahoo
TSLA,2023-02-22,197.92999267578125,201.99000549316406,191.77999877929688,200.86000061035156,200.86000061035156,191828500,0.0,0.0,198.21000162760416,38022327297.22086,yahoo
TSLA,2023-02-23,203.91000366210938,205.13999938964844,196.3300018310547,202.07000732421875,202.07000732421875,146360000,0.0,0.0,201.18000284830728,29444705216.878254,yahoo
TSLA,2023-02-24,196.3300018310547,197.6699981689453,192.8000030517578,196.8800048828125,196.8800048828125,142228100,0.0,0.0,195.78333536783853,27845891801.030476,yahoo
TSLA,2023-02-27,202.02999877929688,209.4199981689453,201.25999450683594,207.6300048828125,207.6300048828125,161028300,0.0,0.0,206.10333251953125,33188469259.954834,yahoo
TSLA,2023-02-28,210.58999633789062,211.22999572753906,203.75,205.7100067138672,205.7100067138672,153144900,0.0,0.0,206.89666748046875,31685169451.62964,yahoo
TSLA,2023-03-01,206.2100067138672,207.1999969482422,198.52000427246094,202.77000427246094,202.77000427246094,156852800,0.0,0.0,202.8300018310547,31814453711.206055,yahoo
TSLA,2023-03-02,186.74000549316406,193.75,186.00999450683594,190.89999389648438,190.89999389648438,181500700,0.0,0.0,190.2199961344401,34525062452.39817,yahoo
TSLA,2023-03-03,194.8000030517578,200.47999572753906,192.8800048828125,197.7899932861328,197.7899932861328,154193300,0.0,0.0,197.04999796549478,30383789451.292927,yahoo
TSLA,2023-03-06,198.5399932861328,198.60000610351562,192.3000030517578,193.80999755859375,193.80999755859375,128100100,0.0,0.0,194.90333557128906,24967136777.015686,yahoo
TSLA,2023-03-07,191.3800048828125,194.1999969482422,186.10000610351562,187.7100067138672,187.7100067138672,148125800,0.0,0.0,189.336669921875,28045645701.51367,yahoo
TSLA,2023-03-08,185.0399932861328,186.5,180.0,182.0,182.0,151897800,0.0,0.0,182.83333333333334,27771981100.0,yahoo
TSLA,2023-03-09,180.25,185.17999267578125,172.50999450683594,172.9199981689453,172.9199981689453,170023800,0.0,0.0,176.8699951171875,30072108675.805664,yahoo
TSLA,2023-03-10,175.1300048828125,178.2899932861328,168.44000244140625,173.44000244140625,173.44000244140625,191488900,0.0,0.0,173.38999938964844,33202260254.12445,yahoo
TSLA,2023-03-13,167.4600067138672,177.35000610351562,163.91000366210938,174.47999572753906,174.47999572753906,167790300,0.0,0.0,171.91333516438803,28845390081.233215,yahoo
TSLA,2023-03-14,177.30999755859375,183.8000030517578,177.13999938964844,183.25999450683594,183.25999450683594,143717900,0.0,0.0,181.3999989827474,26070426913.802593,yahoo
TSLA,2023-03-15,180.8000030517578,182.33999633789062,176.02999877929688,180.4499969482422,180.4499969482422,145995600,0.0,0.0,179.6066640218099,26221782677.86255,yahoo
TSLA,2023-03-16,180.3699951171875,185.80999755859375,178.83999633789062,184.1300048828125,184.1300048828125,121136800,0.0,0.0,182.92666625976562,22159150985.375977,yahoo
TSLA,2023-03-17,184.52000427246094,186.22000122070312,177.3300018310547,180.1300048828125,180.1300048828125,133197100,0.0,0.0,181.22666931152344,24138866794.95392,yahoo
TSLA,2023-03-20,178.0800018310547,186.44000244140625,176.35000610351562,183.25,183.25,129684400,0.0,0.0,182.01333618164062,23604290294.714355,yahoo
TSLA,2023-03-21,188.27999877929688,198.0,188.0399932861328,197.5800018310547,197.5800018310547,153391400,0.0,0.0,194.53999837239584,29840762706.33952,yahoo
TSLA,2023-03-22,199.3000030517578,200.66000366210938,190.9499969482422,191.14999389648438,191.14999389648438,150376400,0.0,0.0,194.25333150227866,29211116679.319256,yahoo
TSLA,2023-03-23,195.25999450683594,199.30999755859375,188.64999389648438,192.22000122070312,192.22000122070312,144193900,0.0,0.0,193.3933308919271,27886138615.297447,yahoo
TSLA,2023-03-24,191.64999389648438,192.36000061035156,187.14999389648438,190.41000366210938,190.41000366210938,116312400,0.0,0.0,189.97333272298178,22096254265.008545,yahoo
TSLA,2023-03-27,194.4199981689453,197.38999938964844,189.94000244140625,191.80999755859375,191.80999755859375,120851600,0.0,0.0,193.04666646321616,23329998516.746014,yahoo
TSLA,2023-03-28,192.0,192.35000610351562,185.42999267578125,189.19000244140625,189.19000244140625,98654600,0.0,0.0,188.99000040690103,18644732894.14266,yahoo
TSLA,2023-03-29,193.1300048828125,195.2899932861328,189.44000244140625,193.8800048828125,193.8800048828125,123660000,0.0,0.0,192.87000020345053,23850304225.15869,yahoo
TSLA,2023-03-30,195.5800018310547,197.3300018310547,194.4199981689453,195.27999877929688,195.27999877929688,110252200,0.0,0.0,195.67666625976562,21573782943.80493,yahoo
TSLA,2023-03-31,197.52999877929688,207.7899932861328,197.1999969482422,207.4600067138672,207.4600067138672,170222100,0.0,0.0,204.1499989827474,34750841541.841125,yahoo
TSLA,2023-04-03,199.91000366210938,202.69000244140625,192.1999969482422,194.77000427246094,194.77000427246094,169545900,0.0,0.0,196.55333455403647,33324812004.96521,yahoo
TSLA,2023-04-04,197.32000732421875,198.74000549316406,190.32000732421875,192.5800018310547,192.5800018310547,126463800,0.0,0.0,193.8800048828125,24518802161.499023,yahoo
TSLA,2023-04-05,190.52000427246094,190.67999267578125,183.75999450683594,185.52000427246094,185.52000427246094,133882500,0.0,0.0,186.65333048502603,24989614518.6615,yahoo
TSLA,2023-04-06,183.0800018310547,186.38999938964844,179.74000549316406,185.05999755859375,185.05999755859375,123857900,0.0,0.0,183.7300008138021,22756412067.79582,yahoo
TSLA,2023-04-10,179.94000244140625,185.10000610351562,176.11000061035156,184.50999450683594,184.50999450683594,142154600,0.0,0.0,181.90666707356772,25858869495.17619,yahoo
TSLA,2023-04-11,186.69000244140625,189.19000244140625,185.64999389648438,186.7899932861328,186.7899932861328,115770900,0.0,0.0,187.20999654134116,21673469788.58795,yahoo
TSLA,2023-04-12,190.74000549316406,191.5800018310547,180.30999755859375,180.5399932861328,180.5399932861328,150256300,0.0,0.0,184.1433308919271,27668695569.496666,yahoo
TSLA,2023-04-13,182.9600067138672,186.5,180.94000244140625,185.89999389648438,185.89999389648438,112933000,0.0,0.0,184.44666544596353,20830115268.809,yahoo
TSLA,2023-04-14,183.9499969482422,186.27999877929688,182.00999450683594,185.0,185.0,96438700,0.0,0.0,184.42999776204428,17786189225.17446,yahoo
TSLA,2023-04-17,186.32000732421875,189.69000244140625,182.69000244140625,187.0399932861328,187.0399932861328,116662200,0.0,0.0,186.47333272298178,21754389236.795044,yahoo
TSLA,2023-04-18,187.14999389648438,187.69000244140625,183.5800018310547,184.30999755859375,184.30999755859375,92067000,0.0,0.0,185.1933339436849,17050194676.193237,yahoo
TSLA,2023-04-19,179.10000610351562,183.5,177.64999389648438,180.58999633789062,180.58999633789062,125732700,0.0,0.0,180.57999674479166,22704810556.713867,yahoo
TSLA,2023-04-20,166.1699981689453,169.6999969482422,160.55999755859375,162.99000549316406,162.99000549316406,210970800,0.0,0.0,164.41666666666666,34687115700.0,yahoo
TSLA,2023-04-21,164.8000030517578,166.0,161.32000732421875,165.0800018310547,165.0800018310547,123539000,0.0,0.0,164.13333638509116,20276868243.677776,yahoo
TSLA,2023-04-24,164.64999389648438,165.64999389648438,158.61000061035156,162.5500030517578,162.5500030517578,140006600,0.0,0.0,162.2699991861979,22718870868.062336,yahoo
TSLA,2023-04-25,159.82000732421875,163.47000122070312,158.75,160.6699981689453,160.6699981689453,121999300,0.0,0.0,160.9633331298828,19637413967.512512,yahoo
TSLA,2023-04-26,160.2899932861328,160.6699981689453,153.13999938964844,153.75,153.75,153364100,0.0,0.0,155.85333251953125,23902306073.858643,yahoo
TSLA,2023-04-27,152.63999938964844,160.47999572753906,152.3699951171875,160.19000244140625,160.19000244140625,127015200,0.0,0.0,157.67999776204428,20027756451.745605,yahoo
TSLA,2023-04-28,160.89999389648438,165.0,157.32000732421875,164.30999755859375,164.30999755859375,122515800,0.0,0.0,162.21000162760416,19873288117.407227,yahoo
TSLA,2023-05-01,163.1699981689453,163.27999877929688,158.8300018310547,161.8300018310547,161.8300018310547,109015000,0.0,0.0,161.3133341471354,17585573122.049965,yahoo
TSLA,2023-05-02,161.8800048828125,165.49000549316406,158.92999267578125,160.30999755859375,160.30999755859375,128259700,0.0,0.0,161.57666524251303,20723774611.00515,yahoo
TSLA,2023-05-03,160.00999450683594,165.0,159.91000366210938,160.61000061035156,160.61000061035156,119728000,0.0,0.0,161.84000142415366,19376779690.51107,yahoo
TSLA,2023-05-04,162.7100067138672,162.9499969482422,159.64999389648438,161.1999969482422,161.1999969482422,95108500,0.0,0.0,161.26666259765625,15337830379.66919,yahoo
TSLA,2023-05-05,163.97000122070312,170.7899932861328,163.50999450683594,170.05999755859375,170.05999755859375,107607300,0.0,0.0,168.1199951171875,18090938750.57373,yahoo
TSLA,2023-05-08,173.72000122070312,173.8000030517578,169.19000244140625,171.7899932861328,171.7899932861328,112249400,0.0,0.0,171.59333292643228,19261248664.992268,yahoo
TSLA,2023-05-09,168.9499969482422,169.82000732421875,166.55999755859375,169.14999389648438,169.14999389648438,88965000,0.0,0.0,168.50999959309897,14991492113.800049,yahoo
TSLA,2023-05-10,172.5500030517578,174.42999267578125,166.67999267578125,168.5399932861328,168.5399932861328,119840700,0.0,0.0,169.8833262125651,20358936731.64215,yahoo
TSLA,2023-05-11,168.6999969482422,173.57000732421875,166.7899932861328,172.0800018310547,172.0800018310547,103889900,0.0,0.0,170.8133341471354,17745780203.212482,yahoo
TSLA,2023-05-12,176.07000732421875,177.3800048828125,167.22999572753906,167.97999572753906,167.97999572753906,157849600,0.0,0.0,170.86333211263022,26970708628.645836,yahoo
TSLA,2023-05-15,167.66000366210938,169.75999450683594,164.5500030517578,166.35000610351562,166.35000610351562,105592500,0.0,0.0,166.88666788736978,17621980478.897095,yahoo
TSLA,2023-05-16,165.64999389648438,169.52000427246094,164.35000610351562,166.52000427246094,166.52000427246094,98288800,0.0,0.0,166.79667154947916,16394244690.592447,yahoo
TSLA,2023-05-17,168.41000366210938,174.5,167.19000244140625,173.86000061035156,173.86000061035156,125473600,0.0,0.0,171.8500010172526,21562638287.638344,yahoo
TSLA,2023-05-18,174.22000122070312,177.05999755859375,172.4499969482422,176.88999938964844,176.88999938964844,109520300,0.0,0.0,175.46666463216147,19217161750.513714,yahoo
TSLA,2023-05-19,177.1699981689453,181.9499969482422,176.30999755859375,180.13999938964844,180.13999938964844,136196700,0.0,0.0,179.46666463216147,24442767482.907104,yahoo
TSLA,2023-05-22,180.6999969482422,189.32000732421875,180.11000061035156,188.8699951171875,188.8699951171875,132001400,0.0,0.0,186.1000010172526,24565460674.278767,yahoo
TSLA,2023-05-23,186.1999969482422,192.9600067138672,185.25999450683594,185.77000427246094,185.77000427246094,156952100,0.0,0.0,187.99666849772134,29506471913.72121,yahoo
TSLA,2023-05-24,182.22999572753906,184.22000122070312,178.22000122070312,182.89999389648438,182.89999389648438,137605100,0.0,0.0,181.77999877929688,25013854910.025024,yahoo
TSLA,2023-05-25,186.5399932861328,186.77999877929688,180.5800018310547,184.47000122070312,184.47000122070312,96870700,0.0,0.0,183.9433339436849,17818719519.45852,yahoo
TSLA,2023-05-26,184.6199951171875,198.60000610351562,184.52999877929688,193.1699981689453,193.1699981689453,162061500,0.0,0.0,192.1000010172526,31132014314.857483,yahoo
TSLA,2023-05-30,200.10000610351562,204.47999572753906,197.52999877929688,201.16000366210938,201.16000366210938,128818700,0.0,0.0,201.0566660563151,25899858347.708637,yahoo
TSLA,2023-05-31,199.77999877929688,203.9499969482422,195.1199951171875,203.92999267578125,203.92999267578125,150711700,0.0,0.0,200.99999491373697,30293050933.44065,yahoo
TSLA,2023-06-01,202.58999633789062,209.8000030517578,199.3699951171875,207.52000427246094,207.52000427246094,148029900,0.0,0.0,205.5633341471354,30429519797.46704,yahoo
TSLA,2023-06-02,210.14999389648438,217.25,209.75,213.97000122070312,213.97000122070312,164398400,0.0,0.0,213.65666707356772,35124814216.22722,yahoo
TSLA,2023-06-05,217.8000030517578,221.2899932861328,214.52000427246094,217.61000061035156,217.61000061035156,151143100,0.0,0.0,217.8066660563151,32919974708.416237,yahoo
TSLA,2023-06-06,216.13999938964844,221.91000366210938,212.52999877929688,221.30999755859375,221.30999755859375,146911600,0.0,0.0,218.58333333333334,32112427233.333336,yahoo
TSLA,2023-06-07,228.0,230.8300018310547,223.1999969482422,224.57000732421875,224.57000732421875,185710800,0.0,0.0,226.20000203450522,42007783337.82959,yahoo
TSLA,2023-06-08,224.22000122070312,235.22999572753906,223.00999450683594,234.86000061035156,234.86000061035156,164489700,0.0,0.0,231.03333028157553,38002603188.01727,yahoo
TSLA,2023-06-09,249.07000732421875,252.4199981689453,242.02000427246094,244.39999389648438,244.39999389648438,200242400,0.0,0.0,246.27999877929688,49315698027.56348,yahoo
TSLA,2023-06-12,247.94000244140625,250.97000122070312,244.58999633789062,249.8300018310547,249.8300018310547,150337900,0.0,0.0,248.4633331298828,37353455729.74701,yahoo
TSLA,2023-06-13,253.50999450683594,259.67999267578125,251.33999633789062,258.7099914550781,258.7099914550781,162384300,0.0,0.0,256.57666015625,41664021355.81055,yahoo
TSLA,2023-06-14,260.1700134277344,261.57000732421875,250.5,256.7900085449219,256.7900085449219,170575500,0.0,0.0,256.2866719563802,43716227212.29553,yahoo
TSLA,2023-06-15,248.39999389648438,258.95001220703125,247.2899932861328,255.89999389648438,255.89999389648438,160171200,0.0,0.0,254.04666646321616,40690959423.413086,yahoo
TSLA,2023-06-16,258.9200134277344,263.6000061035156,257.2099914550781,260.5400085449219,260.5400085449219,167915600,0.0,0.0,260.4500020345052,43733618361.62516,yahoo
TSLA,2023-06-20,261.5,274.75,261.1199951171875,274.45001220703125,274.45001220703125,165611200,0.0,0.0,270.10666910807294,44732689598.99089,yahoo
TSLA,2023-06-21,275.1300048828125,276.989990234375,257.7799987792969,259.4599914550781,259.4599914550781,211797100,0.0,0.0,264.7433268229167,56071868865.44597,yahoo
TSLA,2023-06-22,250.77000427246094,265.0,248.25,264.6099853515625,264.6099853515625,166875900,0.0,0.0,259.2866617838542,43268695043.17627,yahoo
TSLA,2023-06-23,259.2900085449219,262.45001220703125,252.8000030517578,256.6000061035156,256.6000061035156,177460800,0.0,0.0,257.28334045410156,45657707423.65723,yahoo
TSLA,2023-06-26,250.07000732421875,258.3699951171875,240.6999969482422,241.0500030517578,241.0500030517578,179990600,0.0,0.0,246.7066650390625,44404880664.37988,yahoo
TSLA,2023-06-27,243.24000549316406,250.38999938964844,240.85000610351562,250.2100067138672,250.2100067138672,164968200,0.0,0.0,247.1500040690104,40771891301.257324,yahoo
TSLA,2023-06-28,249.6999969482422,259.8800048828125,248.88999938964844,256.239990234375,256.239990234375,159770800,0.0,0.0,255.00333150227866,40742086276.78426,yahoo
TSLA,2023-06-29,258.0299987792969,260.739990234375,253.61000061035156,257.5,257.5,131283400,0.0,0.0,257.2833302815755,33777030362.68819,yahoo
TSLA,2023-06-30,260.6000061035156,264.45001220703125,259.8900146484375,261.7699890136719,261.7699890136719,112620800,0.0,0.0,262.0366719563802,29510779625.0651,yahoo
TSLA,2023-07-03,276.489990234375,284.25,275.1099853515625,279.82000732421875,279.82000732421875,119685900,0.0,0.0,279.72666422526044,33479337561.7981,yahoo
TSLA,2023-07-05,278.82000732421875,283.8500061035156,277.6000061035156,282.4800109863281,282.4800109863281,131530900,0.0,0.0,281.3100077311198,37000958495.88115,yahoo
TSLA,2023-07-06,278.0899963378906,279.9700012207031,272.8800048828125,276.5400085449219,276.5400085449219,120332100,0.0,0.0,276.4633382161458,33267414060.55908,yahoo
TSLA,2023-07-07,278.42999267578125,280.7799987792969,273.7699890136719,274.42999267578125,274.42999267578125,113879200,0.0,0.0,276.32666015625,31467858997.265625,yahoo
TSLA,2023-07-10,276.4700012207031,277.5199890136719,265.1000061035156,269.6099853515625,269.6099853515625,119425400,0.0,0.0,270.7433268229167,32333630103.157555,yahoo
TSLA,2023-07-11,268.6499938964844,270.8999938964844,266.3699951171875,269.7900085449219,269.7900085449219,91972400,0.0,0.0,269.01999918619794,24742414973.15267,yahoo
TSLA,2023-07-12,276.3299865722656,276.5199890136719,271.4599914550781,271.989990234375,271.989990234375,95672100,0.0,0.0,273.3233235677083,26149416344.70215,yahoo
TSLA,2023-07-13,274.5899963378906,279.45001220703125,270.6000061035156,277.8999938964844,277.8999938964844,112681500,0.0,0.0,275.98333740234375,31098216433.502197,yahoo
TSLA,2023-07-14,277.010009765625,285.29998779296875,276.30999755859375,281.3800048828125,281.3800048828125,120062400,0.0,0.0,280.9966634114583,33737133801.17187,yahoo
TSLA,2023-07-17,286.6300048828125,292.2300109863281,283.57000732421875,290.3800048828125,290.3800048828125,131569600,0.0,0.0,288.72667439778644,37987653059.847,yahoo
TSLA,2023-07-18,290.1499938964844,295.260009765625,286.010009765625,293.3399963378906,293.3399963378906,112120300,0.0,0.0,291.5366719563802,32687179120.750935,yahoo
TSLA,2023-07-19,296.0400085449219,299.2900085449219,289.5199890136719,291.260009765625,291.260009765625,142355400,0.0,0.0,293.35666910807294,41760905973.54736,yahoo
TSLA,2023-07-20,279.55999755859375,280.92999267578125,261.20001220703125,262.8999938964844,262.8999938964844,175158300,0.0,0.0,268.3433329264323,47002562011.727905,yahoo
TSLA,2023-07-21,268.0,268.0,255.8000030517578,260.0199890136719,260.0199890136719,161796100,0.0,0.0,261.27333068847656,42273005939.40582,yahoo
TSLA,2023-07-24,255.85000610351562,269.8500061035156,254.1199951171875,269.05999755859375,269.05999755859375,136508500,0.0,0.0,264.3433329264323,36085111862.78789,yahoo
TSLA,2023-07-25,272.3800048828125,272.8999938964844,265.0,265.2799987792969,265.2799987792969,112757300,0.0,0.0,267.72666422526044,30188135796.04696,yahoo
TSLA,2023-07-26,263.25,268.0400085449219,261.75,264.3500061035156,264.3500061035156,95856200,0.0,0.0,264.7133382161458,25374414690.714516,yahoo
TSLA,2023-07-27,268.30999755859375,269.1300048828125,255.3000030517578,255.7100067138672,255.7100067138672,103697300,0.0,0.0,260.0466715494792,26966137713.66781,yahoo
TSLA,2023-07-28,259.8599853515625,267.25,258.2300109863281,266.44000244140625,266.44000244140625,111446000,0.0,0.0,263.9733378092448,29418772605.489098,yahoo
TSLA,2023-07-31,267.4800109863281,269.0799865722656,263.7799987792969,267.42999267578125,267.42999267578125,84582200,0.0,0.0,266.76332600911456,22563428993.16813,yahoo
TSLA,2023-08-01,266.260009765625,266.4700012207031,260.25,261.07000732421875,261.07000732421875,83166000,0.0,0.0,262.59666951497394,21839114616.882324,yahoo
TSLA,2023-08-02,255.57000732421875,259.5199890136719,250.49000549316406,254.11000061035156,254.11000061035156,101752900,0.0,0.0,254.7066650390625,25917141817.053223,yahoo
TSLA,2023-08-03,252.0399932861328,260.489990234375,252.0,259.32000732421875,259.32000732421875,97569100,0.0,0.0,257.26999918619794,25101602277.598064,yahoo
TSLA,2023-08-04,260.9700012207031,264.7699890136719,253.11000061035156,253.86000061035156,253.86000061035156,99539900,0.0,0.0,257.2466634114583,25606307151.31022,yahoo
TSLA,2023-08-07,251.4499969482422,253.64999389648438,242.75999450683594,251.4499969482422,251.4499969482422,111097900,0.0,0.0,249.28666178385416,27695224622.19645,yahoo
TSLA,2023-08-08,247.4499969482422,250.9199981689453,245.00999450683594,249.6999969482422,249.6999969482422,96642200,0.0,0.0,248.54332987467447,24019774194.414265,yahoo
TSLA,2023-08-09,250.8699951171875,251.10000610351562,241.89999389648438,242.19000244140625,242.19000244140625,101596300,0.0,0.0,245.0633341471354,24897528015.01261,yahoo
TSLA,2023-08-10,245.39999389648438,251.8000030517578,243.0,245.33999633789062,245.33999633789062,109498600,0.0,0.0,246.7133331298828,27014764579.055786,yahoo
TSLA,2023-08-11,241.77000427246094,243.7899932861328,238.02000427246094,242.64999389648438,242.64999389648438,99038600,0.0,0.0,241.48666381835938,23916501103.240967,yahoo
TSLA,2023-08-14,235.6999969482422,240.66000366210938,233.75,239.75999450683594,239.75999450683594,98595300,0.0,0.0,238.0566660563151,23471268406.822205,yahoo
TSLA,2023-08-15,238.72999572753906,240.5,232.61000061035156,232.9600067138672,232.9600067138672,88197600,0.0,0.0,235.3566691080729,20757893359.32617,yahoo
TSLA,2023-08-16,228.02000427246094,233.97000122070312,225.3800048828125,225.60000610351562,225.60000610351562,112484500,0.0,0.0,228.3166707356771,25682086549.36727,yahoo
TSLA,2023-08-17,226.05999755859375,226.74000549316406,218.8300018310547,219.22000122070312,219.22000122070312,120718400,0.0,0.0,221.59666951497397,26750795389.176434,yahoo
TSLA,2023-08-18,214.1199951171875,217.5800018310547,212.36000061035156,215.49000549316406,215.49000549316406,136276600,0.0,0.0,215.1433359781901,29319002339.76542,yahoo
TSLA,2023-08-21,221.5500030517578,232.1300048828125,220.5800018310547,231.27999877929688,231.27999877929688,135702700,0.0,0.0,227.99666849772134,30939763506.14573,yahoo
TSLA,2023-08-22,240.25,240.82000732421875,229.5500030517578,233.19000244140625,233.19000244140625,130442800,0.0,0.0,234.52000427246094,30591446013.311768,yahoo
TSLA,2023-08-23,229.33999633789062,238.97999572753906,229.2899932861328,236.86000061035156,236.86000061035156,101077600,0.0,0.0,235.04332987467447,23757615679.740395,yahoo
TSLA,2023-08-24,238.66000366210938,238.9199981689453,228.17999267578125,230.0399932861328,230.0399932861328,99777400,0.0,0.0,232.37999471028647,23186271684.20614,yahoo
TSLA,2023-08-25,231.30999755859375,239.0,230.35000610351562,238.58999633789062,238.58999633789062,106612200,0.0,0.0,235.9800008138021,25158347042.76123,yahoo
TSLA,2023-08-28,242.5800018310547,244.3800048828125,235.35000610351562,238.82000732421875,238.82000732421875,107673700,0.0,0.0,239.51667277018228,25789646368.854774,yahoo
TSLA,2023-08-29,238.5800018310547,257.4800109863281,237.77000427246094,257.17999267578125,257.17999267578125,134047600,0.0,0.0,250.81000264485678,33620478910.536705,yahoo
TSLA,2023-08-30,254.1999969482422,260.510009765625,250.58999633789062,256.8999938964844,256.8999938964844,121988400,0.0,0.0,256.0,31229030400.0,yahoo
TSLA,2023-08-31,255.97999572753906,261.17999267578125,255.0500030517578,258.0799865722656,258.0799865722656,108861700,0.0,0.0,258.10332743326825,28097567000.042217,yahoo
TSLA,2023-09-01,257.260009765625,259.0799865722656,242.00999450683594,245.00999450683594,245.00999450683594,132541600,0.0,0.0,248.69999186197916,32963094841.373695,yahoo
TSLA,2023-09-05,245.0,258.0,244.86000061035156,256.489990234375,256.489990234375,129469600,0.0,0.0,253.11666361490884,32770913191.5568,yahoo
TSLA,2023-09-06,255.13999938964844,255.38999938964844,245.05999755859375,251.9199981689453,251.9199981689453,116959800,0.0,0.0,250.78999837239584,29332348051.635742,yahoo
TSLA,2023-09-07,245.07000732421875,252.80999755859375,243.27000427246094,251.49000549316406,251.49000549316406,115312900,0.0,0.0,249.19000244140625,28734821832.525635,yahoo
TSLA,2023-09-08,251.22000122070312,256.5199890136719,246.6699981689453,248.5,248.5,118367700,0.0,0.0,250.5633290608724,29658604965.278625,yahoo
TSLA,2023-09-11,264.2699890136719,274.8500061035156,260.6099853515625,273.5799865722656,273.5799865722656,174667900,0.0,0.0,269.67999267578125,47104437992.69409,yahoo
TSLA,2023-09-12,270.760009765625,278.3900146484375,266.6000061035156,267.4800109863281,267.4800109863281,135999900,0.0,0.0,270.82334391276044,36831947689.801025,yahoo
TSLA,2023-09-13,270.07000732421875,274.9800109863281,268.1000061035156,271.29998779296875,271.29998779296875,111673700,0.0,0.0,271.4600016276042,30314942783.760582,yahoo
TSLA,2023-09-14,271.32000732421875,276.7099914550781,270.4200134277344,276.0400085449219,276.0400085449219,107709800,0.0,0.0,274.39000447591144,29554492504.099525,yahoo
TSLA,2023-09-15,277.54998779296875,278.9800109863281,271.0,274.3900146484375,274.3900146484375,133692300,0.0,0.0,274.7900085449219,36737308259.39026,yahoo
TSLA,2023-09-18,271.1600036621094,271.44000244140625,263.760009765625,265.2799987792969,265.2799987792969,101543300,0.0,0.0,266.82667032877606,27094460633.196007,yahoo
TSLA,2023-09-19,264.3500061035156,267.8500061035156,261.20001220703125,266.5,266.5,103704000,0.0,0.0,265.18333943684894,27500573032.95898,yahoo
TSLA,2023-09-20,267.0400085449219,273.92999267578125,262.4599914550781,262.5899963378906,262.5899963378906,122514600,0.0,0.0,266.32666015625,32628904238.378906,yahoo
TSLA,2023-09-21,257.8500061035156,260.8599853515625,254.2100067138672,255.6999969482422,255.6999969482422,119951500,0.0,0.0,256.92332967122394,30818338779.05782,yahoo
TSLA,2023-09-22,257.3999938964844,257.7900085449219,244.47999572753906,244.8800048828125,244.8800048828125,127524100,0.0,0.0,249.0500030517578,31759877494.17267,yahoo
TSLA,2023-09-25,243.3800048828125,247.10000610351562,238.30999755859375,246.99000549316406,246.99000549316406,104636600,0.0,0.0,244.13333638509116,25545282265.99223,yahoo
TSLA,2023-09-26,242.97999572753906,249.5500030517578,241.66000366210938,244.1199951171875,244.1199951171875,101993600,0.0,0.0,245.11000061035156,24999651358.251953,yahoo
TSLA,2023-09-27,244.25999450683594,245.3300018310547,234.5800018310547,240.5,240.5,136597200,0.0,0.0,240.13666788736978,32801996450.74463,yahoo
TSLA,2023-09-28,240.02000427246094,247.5500030517578,238.64999389648438,246.3800048828125,246.3800048828125,117058900,0.0,0.0,244.1933339436849,28585003058.78042,yahoo
TSLA,2023-09-29,250.0,254.77000427246094,246.35000610351562,250.22000122070312,250.22000122070312,128522700,0.0,0.0,250.44667053222656,32188082302.812195,yahoo
TSLA,2023-10-02,244.80999755859375,254.27999877929688,242.6199951171875,251.60000610351562,251.60000610351562,123810400,0.0,0.0,249.5,30890694800.0,yahoo
TSLA,2023-10-03,248.61000061035156,250.02000427246094,244.4499969482422,246.52999877929688,246.52999877929688,101985300,0.0,0.0,247.0,25190369100.0,yahoo
TSLA,2023-10-04,248.13999938964844,261.8599853515625,247.60000610351562,261.1600036621094,261.1600036621094,129721600,0.0,0.0,256.8733317057292,33322019586.197918,yahoo
TSLA,2023-10-05,260.0,263.6000061035156,256.25,260.04998779296875,260.04998779296875,119159200,0.0,0.0,259.96666463216144,30977419784.236652,yahoo
TSLA,2023-10-06,253.97999572753906,261.6499938964844,250.64999389648438,260.5299987792969,260.5299987792969,118121800,0.0,0.0,257.60999552408856,30429356369.297283,yahoo
TSLA,2023-10-09,255.30999755859375,261.3599853515625,252.0500030517578,259.6700134277344,259.6700134277344,101377900,0.0,0.0,257.6933339436849,26124409039.20949,yahoo
TSLA,2023-10-10,257.75,268.94000244140625,257.6499938964844,263.6199951171875,263.6199951171875,122656000,0.0,0.0,263.40333048502606,32307998903.971355,yahoo
TSLA,2023-10-11,266.20001220703125,268.6000061035156,260.8999938964844,262.989990234375,262.989990234375,103706300,0.0,0.0,264.163330078125,27395401558.081055,yahoo
TSLA,2023-10-12,262.9200134277344,265.4100036621094,256.6300048828125,258.8699951171875,258.8699951171875,111508100,0.0,0.0,260.30333455403644,29025930259.78495,yahoo
TSLA,2023-10-13,258.8999938964844,259.6000061035156,250.22000122070312,251.1199951171875,251.1199951171875,102073800,0.0,0.0,253.64666748046875,25890679207.06787,yahoo
TSLA,2023-10-16,250.0500030517578,255.39999389648438,248.47999572753906,253.9199981689453,253.9199981689453,88917200,0.0,0.0,252.5999959309896,22460484358.19499,yahoo
TSLA,2023-10-17,250.10000610351562,257.17999267578125,247.0800018310547,254.85000610351562,254.85000610351562,93562900,0.0,0.0,253.0366668701172,23674844358.702087,yahoo
TSLA,2023-10-18,252.6999969482422,254.6300048828125,242.0800018310547,242.67999267578125,242.67999267578125,125147800,0.0,0.0,246.4633331298828,30844343921.87195,yahoo
TSLA,2023-10-19,225.9499969482422,230.61000061035156,216.77999877929688,220.11000061035156,220.11000061035156,170772700,0.0,0.0,222.5,37996925750.0,yahoo
TSLA,2023-10-20,217.00999450683594,218.86000061035156,210.4199981689453,211.99000549316406,211.99000549316406,138010100,0.0,0.0,213.7566680908203,29500579138.88092,yahoo
TSLA,2023-10-23,210.0,216.97999572753906,202.50999450683594,212.0800018310547,212.0800018310547,150683400,0.0,0.0,210.52333068847656,31722371247.46399,yahoo
TSLA,2023-10-24,216.5,222.0500030517578,214.11000061035156,216.52000427246094,216.52000427246094,118231100,0.0,0.0,217.56000264485678,25722358428.704327,yahoo
TSLA,2023-10-25,215.8800048828125,220.10000610351562,212.1999969482422,212.4199981689453,212.4199981689453,107065100,0.0,0.0,214.90666707356772,23009003800.898235,yahoo
TSLA,2023-10-26,211.32000732421875,214.8000030517578,204.8800048828125,205.75999450683594,205.75999450683594,115112600,0.0,0.0,208.4800008138021,23998674941.678875,yahoo
TSLA,2023-10-27,210.60000610351562,212.41000366210938,205.77000427246094,207.3000030517578,207.3000030517578,94881200,0.0,0.0,208.49333699544272,19782098006.132,yahoo
TSLA,2023-10-30,209.27999877929688,210.8800048828125,194.6699981689453,197.36000061035156,197.36000061035156,136448200,0.0,0.0,200.97000122070312,27421994920.562744,yahoo
TSLA,2023-10-31,196.1199951171875,202.8000030517578,194.07000732421875,200.83999633789062,200.83999633789062,118068300,0.0,0.0,199.2366689046224,23523534795.23163,yahoo
TSLA,2023-11-01,204.0399932861328,205.99000549316406,197.85000610351562,205.66000366210938,205.66000366210938,121661700,0.0,0.0,203.1666717529297,24717602668.803406,yahoo
TSLA,2023-11-02,212.97000122070312,219.1999969482422,211.4499969482422,218.50999450683594,218.50999450683594,125987600,0.0,0.0,216.38666280110678,27262036318.32072,yahoo
TSLA,2023-11-03,221.14999389648438,226.3699951171875,218.39999389648438,219.9600067138672,219.9600067138672,119534800,0.0,0.0,221.57666524251303,26486122364.430748,yahoo
TSLA,2023-11-06,223.97999572753906,226.32000732421875,215.0,219.27000427246094,219.27000427246094,117335800,0.0,0.0,220.19667053222656,25836952494.23523,yahoo
TSLA,2023-11-07,219.97999572753906,223.1199951171875,215.72000122070312,222.17999267578125,222.17999267578125,116900100,0.0,0.0,220.33999633789062,25757767605.899048,yahoo
TSLA,2023-11-08,223.14999389648438,224.14999389648438,217.63999938964844,222.11000061035156,222.11000061035156,106584800,0.0,0.0,221.29999796549478,23587216023.152668,yahoo
TSLA,2023-11-09,219.75,220.8000030517578,206.67999267578125,209.97999572753906,209.97999572753906,142110500,0.0,0.0,212.48666381835938,30196586038.55896,yahoo
TSLA,2023-11-10,210.02999877929688,215.3800048828125,205.69000244140625,214.64999389648438,214.64999389648438,130994000,0.0,0.0,211.90666707356772,27758501946.63493,yahoo
TSLA,2023-11-13,215.60000610351562,225.39999389648438,211.61000061035156,223.7100067138672,223.7100067138672,140447600,0.0,0.0,220.24000040690103,30932179481.148273,yahoo
TSLA,2023-11-14,235.02999877929688,238.13999938964844,230.72000122070312,237.41000366210938,237.41000366210938,149771600,0.0,0.0,235.42333475748697,35259729523.96443,yahoo
TSLA,2023-11-15,239.2899932861328,246.6999969482422,236.4499969482422,242.83999633789062,242.83999633789062,150354000,0.0,0.0,241.99666341145834,36385166330.56641,yahoo
TSLA,2023-11-16,239.49000549316406,240.8800048828125,230.9600067138672,233.58999633789062,233.58999633789062,136816800,0.0,0.0,235.1433359781901,32171558769.86084,yahoo
TSLA,2023-11-17,232.0,237.38999938964844,226.5399932861328,234.3000030517578,234.3000030517578,142532800,0.0,0.0,232.7433319091797,33173558778.344727,yahoo
TSLA,2023-11-20,234.0399932861328,237.10000610351562,231.02000427246094,235.60000610351562,235.60000610351562,116320100,0.0,0.0,234.5733388264974,27285594229.63206,yahoo
TSLA,2023-11-21,235.0399932861328,243.6199951171875,233.33999633789062,241.1999969482422,241.1999969482422,122288000,0.0,0.0,239.38666280110678,29274116220.621746,yahoo
TSLA,2023-11-22,242.0399932861328,244.00999450683594,231.39999389648438,234.2100067138672,234.2100067138672,117950600,0.0,0.0,236.53999837239584,27900034732.023113,yahoo
TSLA,2023-11-24,233.75,238.75,232.3300018310547,235.4499969482422,235.4499969482422,65125200,0.0,0.0,235.50999959309897,15337635825.500488,yahoo
TSLA,2023-11-27,236.88999938964844,238.3300018310547,232.10000610351562,236.0800018310547,236.0800018310547,112031800,0.0,0.0,235.50333658854166,26383862704.02018,yahoo
TSLA,2023-11-28,236.67999267578125,247.0,234.00999450683594,246.72000122070312,246.72000122070312,148549900,0.0,0.0,242.57666524251303,36034739364.10879,yahoo
TSLA,2023-11-29,249.2100067138672,252.75,242.75999450683594,244.13999938964844,244.13999938964844,135401300,0.0,0.0,246.54999796549478,33383190239.52535,yahoo
TSLA,2023-11-30,245.13999938964844,245.22000122070312,236.91000366210938,240.0800018310547,240.0800018310547,132353200,0.0,0.0,240.7366689046224,31862268486.86727,yahoo
TSLA,2023-12-01,233.13999938964844,240.19000244140625,231.89999389648438,238.8300018310547,238.8300018310547,121331700,0.0,0.0,236.97333272298178,28752377313.945007,yahoo
TSLA,2023-12-04,235.75,239.3699951171875,233.2899932861328,235.5800018310547,235.5800018310547,104099800,0.0,0.0,236.07999674479166,24575880445.13346,yahoo
TSLA,2023-12-05,233.8699951171875,246.66000366210938,233.6999969482422,238.72000122070312,238.72000122070312,137971100,0.0,0.0,239.6933339436849,33070752946.877544,yahoo
TSLA,2023-12-06,242.9199981689453,246.57000732421875,239.1699981689453,239.3699951171875,239.3699951171875,126436200,0.0,0.0,241.70333353678384,30560051019.72351,yahoo
TSLA,2023-12-07,241.5500030517578,244.0800018310547,236.97999572753906,242.63999938964844,242.63999938964844,107142300,0.0,0.0,241.23333231608072,25846294061.009216,yahoo
TSLA,2023-12-08,240.27000427246094,245.27000427246094,239.27000427246094,243.83999633789062,243.83999633789062,103126800,0.0,0.0,242.7933349609375,25038499695.84961,yahoo
TSLA,2023-12-11,242.74000549316406,243.44000244140625,237.4499969482422,239.74000549316406,239.74000549316406,97913900,0.0,0.0,240.21000162760416,23519898078.36507,yahoo
TSLA,2023-12-12,238.5500030517578,238.99000549316406,233.8699951171875,237.00999450683594,237.00999450683594,95328300,0.0,0.0,236.62333170572916,22556899951.84326,yahoo
TSLA,2023-12-13,234.19000244140625,240.3000030517578,228.1999969482422,239.2899932861328,239.2899932861328,146286300,0.0,0.0,235.92999776204428,34513326431.61774,yahoo
TSLA,2023-12-14,241.22000122070312,253.8800048828125,240.7899932861328,251.0500030517578,251.0500030517578,160829200,0.0,0.0,248.57333374023438,39977850406.7749,yahoo
TSLA,2023-12-15,251.2100067138672,254.1300048828125,248.3000030517578,253.5,253.5,135932800,0.0,0.0,251.97666931152344,34251894194.189453,yahoo
TSLA,2023-12-18,253.77999877929688,258.739990234375,251.36000061035156,252.0800018310547,252.0800018310547,116416500,0.0,0.0,254.05999755859375,29576775705.78003,yahoo
TSLA,2023-12-19,253.47999572753906,258.3399963378906,253.00999450683594,257.2200012207031,257.2200012207031,106737400,0.0,0.0,256.18999735514325,27345054223.694866,yahoo
TSLA,2023-12-20,256.4100036621094,259.8399963378906,247.0,247.13999938964844,247.13999938964844,125097000,0.0,0.0,251.32666524251303,31440211841.84265,yahoo
TSLA,2023-12-21,251.89999389648438,254.8000030517578,248.5500030517578,254.5,254.5,109594200,0.0,0.0,252.61666870117188,27685321712.96997,yahoo
TSLA,2023-12-22,256.760009765625,258.2200012207031,251.3699951171875,252.5399932861328,252.5399932861328,93370100,0.0,0.0,254.04332987467447,23720051114.731342,yahoo
TSLA,2023-12-26,254.49000549316406,257.9700012207031,252.91000366210938,256.6099853515625,256.6099853515625,86892400,0.0,0.0,255.82999674479166,22229682409.147133,yahoo
TSLA,2023-12-27,258.3500061035156,263.3399963378906,257.5199890136719,261.44000244140625,261.44000244140625,106494400,0.0,0.0,260.76666259765625,27770189273.339844,yahoo
TSLA,2023-12-28,263.6600036621094,265.1300048828125,252.7100067138672,253.17999267578125,253.17999267578125,113619900,0.0,0.0,257.0066680908203,29201071927.812195,yahoo
TSLA,2023-12-29,255.10000610351562,255.19000244140625,247.42999267578125,248.47999572753906,248.47999572753906,100891600,0.0,0.0,250.36666361490884,25259893278.769936,yahoo
TSLA,2024-01-02,250.0800018310547,251.25,244.41000366210938,248.4199981689453,248.4199981689453,104654200,0.0,0.0,248.02666727701822,25957032442.54252,yahoo
TSLA,2024-01-03,244.97999572753906,245.67999267578125,236.32000732421875,238.4499969482422,238.4499969482422,121082600,0.0,0.0,240.1499989827474,29077986266.82841,yahoo
TSLA,2024-01-04,239.25,242.6999969482422,237.72999572753906,237.92999267578125,237.92999267578125,102629300,0.0,0.0,239.45332845052084,24574927481.54704,yahoo
TSLA,2024-01-05,236.86000061035156,240.1199951171875,234.89999389648438,237.49000549316406,237.49000549316406,92488900,0.0,0.0,237.50333150227866,21966421876.981102,yahoo
TSLA,2024-01-08,236.13999938964844,241.25,235.3000030517578,240.4499969482422,240.4499969482422,85166600,0.0,0.0,239.0,20354817400.0,yahoo
TSLA,2024-01-09,238.11000061035156,238.9600067138672,232.0399932861328,234.9600067138672,234.9600067138672,96705700,0.0,0.0,235.32000223795572,22756785540.423073,yahoo
TSLA,2024-01-10,235.10000610351562,235.5,231.2899932861328,233.94000244140625,233.94000244140625,91628500,0.0,0.0,233.57666524251303,21402279471.173607,yahoo
TSLA,2024-01-11,230.57000732421875,230.92999267578125,225.3699951171875,227.22000122070312,227.22000122070312,105873600,0.0,0.0,227.83999633789062,24122240636.279297,yahoo
TSLA,2024-01-12,220.0800018310547,225.33999633789062,217.14999389648438,218.88999938964844,218.88999938964844,123043800,0.0,0.0,220.45999654134116,27126235722.43347,yahoo
TSLA,2024-01-16,215.10000610351562,223.49000549316406,212.17999267578125,219.91000366210938,219.91000366210938,115355000,0.0,0.0,218.52666727701822,25208143703.740437,yahoo
TSLA,2024-01-17,214.86000061035156,215.6699981689453,212.00999450683594,215.5500030517578,215.5500030517578,103164400,0.0,0.0,214.40999857584634,22119478857.07804,yahoo
TSLA,2024-01-18,216.8800048828125,217.4499969482422,208.74000549316406,211.8800048828125,211.8800048828125,108595400,0.0,0.0,212.69000244140625,23097155891.12549,yahoo
TSLA,2024-01-19,209.99000549316406,213.19000244140625,207.55999755859375,212.19000244140625,212.19000244140625,102260300,0.0,0.0,210.9800008138021,21574878177.219646,yahoo
TSLA,2024-01-22,212.25999450683594,217.8000030517578,206.27000427246094,208.8000030517578,208.8000030517578,117952500,0.0,0.0,210.95667012532553,24882866632.95746,yahoo
TSLA,2024-01-23,211.3000030517578,215.64999389648438,207.75,209.13999938964844,209.13999938964844,106605900,0.0,0.0,210.84666442871094,22477498423.420715,yahoo
TSLA,2024-01-24,211.8800048828125,212.72999572753906,206.77000427246094,207.8300018310547,207.8300018310547,123369900,0.0,0.0,209.11000061035156,25797879864.29901,yahoo
TSLA,2024-01-25,189.6999969482422,193.0,180.05999755859375,182.6300048828125,182.6300048828125,198076800,0.0,0.0,185.2300008138021,36689765825.19531,yahoo
TSLA,2024-01-26,185.5,186.77999877929688,182.10000610351562,183.25,183.25,107343200,0.0,0.0,184.0433349609375,19755800513.378906,yahoo
TSLA,2024-01-29,185.6300048828125,191.47999572753906,183.6699981689453,190.92999267578125,190.92999267578125,125013100,0.0,0.0,188.69332885742188,23589137989.785767,yahoo
TSLA,2024-01-30,195.3300018310547,196.36000061035156,190.61000061035156,191.58999633789062,191.58999633789062,109982300,0.0,0.0,192.85333251953125,21210453073.16284,yahoo
TSLA,2024-01-31,187.0,193.97000122070312,185.85000610351562,187.2899932861328,187.2899932861328,103221400,0.0,0.0,189.0366668701172,19512629405.667114,yahoo
TSLA,2024-02-01,188.5,189.8800048828125,184.27999877929688,188.86000061035156,188.86000061035156,91843300,0.0,0.0,187.67333475748697,17236538386.1323,yahoo
TSLA,2024-02-02,185.0399932861328,188.69000244140625,182.0,187.91000366210938,187.91000366210938,110612700,0.0,0.0,186.20000203450522,20596084965.042114,yahoo
TSLA,2024-02-05,184.25999450683594,184.67999267578125,175.00999450683594,181.05999755859375,181.05999755859375,134294400,0.0,0.0,180.24999491373697,24206564916.94336,yahoo
TSLA,2024-02-06,177.2100067138672,186.49000549316406,177.11000061035156,185.10000610351562,185.10000610351562,122676000,0.0,0.0,182.9000040690104,22437440899.16992,yahoo
TSLA,2024-02-07,188.17999267578125,189.7899932861328,182.67999267578125,187.5800018310547,187.5800018310547,111535200,0.0,0.0,186.6833292643229,20821762466.16211,yahoo
TSLA,2024-02-08,189.0,191.6199951171875,185.5800018310547,189.55999755859375,189.55999755859375,83034000,0.0,0.0,188.9199981689453,15686783127.960205,yahoo
TSLA,2024-02-09,190.17999267578125,194.1199951171875,189.47999572753906,193.57000732421875,193.57000732421875,84476300,0.0,0.0,192.38999938964844,16252395305.439758,yahoo
TSLA,2024-02-12,192.11000061035156,194.72999572753906,187.27999877929688,188.1300048828125,188.1300048828125,95498600,0.0,0.0,190.04666646321616,18149190581.904095,yahoo
TSLA,2024-02-13,183.99000549316406,187.25999450683594,182.11000061035156,184.02000427246094,184.02000427246094,86759500,0.0,0.0,184.4633331298828,16003946550.682068,yahoo
TSLA,2024-02-14,185.3000030517578,188.88999938964844,183.35000610351562,188.7100067138672,188.7100067138672,81203000,0.0,0.0,186.98333740234375,15183607947.08252,yahoo
TSLA,2024-02-15,189.16000366210938,200.8800048828125,188.86000061035156,200.4499969482422,200.4499969482422,120831800,0.0,0.0,196.7300008138021,23771240112.33317,yahoo
TSLA,2024-02-16,202.05999755859375,203.1699981689453,197.39999389648438,199.9499969482422,199.9499969482422,111346700,0.0,0.0,200.17332967122397,22288639686.902874,yahoo
TSLA,2024-02-20,196.1300048828125,198.60000610351562,189.1300048828125,193.75999450683594,193.75999450683594,104545800,0.0,0.0,193.8300018310547,20264112605.429077,yahoo
TSLA,2024-02-21,193.36000061035156,199.44000244140625,191.9499969482422,194.77000427246094,194.77000427246094,103500300,0.0,0.0,195.38666788736978,20222578742.34314,yahoo
TSLA,2024-02-22,194.0,198.32000732421875,191.36000061035156,197.41000366210938,197.41000366210938,92739500,0.0,0.0,195.69667053222656,18148811376.823425,yahoo
TSLA,2024-02-23,195.30999755859375,197.57000732421875,191.5,191.97000122070312,191.97000122070312,78841900,0.0,0.0,193.68000284830728,15270099416.565958,yahoo
TSLA,2024-02-26,192.2899932861328,201.77999877929688,192.0,199.39999389648438,199.39999389648438,111747100,0.0,0.0,197.7266642252604,22095381319.846596,yahoo
TSLA,2024-02-27,204.0399932861328,205.60000610351562,198.25999450683594,199.72999572753906,199.72999572753906,108645400,0.0,0.0,201.19666544596353,21859092196.042885,yahoo
TSLA,2024-02-28,200.4199981689453,205.3000030517578,198.44000244140625,202.0399932861328,202.0399932861328,99806200,0.0,0.0,201.92666625976562,20153533238.05542,yahoo
TSLA,2024-02-29,204.17999267578125,205.27999877929688,198.4499969482422,201.8800048828125,201.8800048828125,85907000,0.0,0.0,201.87000020345053,17342046107.477825,yahoo
TSLA,2024-03-01,200.52000427246094,204.52000427246094,198.5,202.63999938964844,202.63999938964844,82243100,0.0,0.0,201.88666788736978,16603785415.727741,yahoo
TSLA,2024-03-04,198.72999572753906,199.75,186.72000122070312,188.13999938964844,188.13999938964844,134334900,0.0,0.0,191.5366668701172,25730058990.330505,yahoo
TSLA,2024-03-05,183.0500030517578,184.58999633789062,177.57000732421875,180.74000549316406,180.74000549316406,119660800,0.0,0.0,180.96666971842447,21654616471.842445,yahoo
TSLA,2024-03-06,179.99000549316406,181.5800018310547,173.6999969482422,176.5399932861328,176.5399932861328,107920900,0.0,0.0,177.27333068847656,19131497393.89801,yahoo
TSLA,2024-03-07,174.35000610351562,180.0399932861328,173.6999969482422,178.64999389648438,178.64999389648438,102129000,0.0,0.0,177.46332804361978,18124152229.766846,yahoo
TSLA,2024-03-08,181.5,182.72999572753906,174.6999969482422,175.33999633789062,175.33999633789062,85544600,0.0,0.0,177.58999633789062,15191865200.726318,yahoo
TSLA,2024-03-11,175.4499969482422,182.8699951171875,174.8000030517578,177.77000427246094,177.77000427246094,85391500,0.0,0.0,178.4800008138021,15240674989.491781,yahoo
TSLA,2024-03-12,177.77000427246094,179.42999267578125,172.41000366210938,177.5399932861328,177.5399932861328,87391700,0.0,0.0,176.45999654134116,15421139079.741924,yahoo
TSLA,2024-03-13,173.0500030517578,176.0500030517578,169.14999389648438,169.47999572753906,169.47999572753906,106524500,0.0,0.0,171.55999755859375,18275342959.93042,yahoo
TSLA,2024-03-14,167.77000427246094,171.1699981689453,160.50999450683594,162.5,162.5,126325700,0.0,0.0,164.7266642252604,20809211166.92098,yahoo
TSLA,2024-03-15,163.16000366210938,165.17999267578125,160.75999450683594,163.57000732421875,163.57000732421875,97146800,0.0,0.0,163.1699981689453,15851443178.118896,yahoo
TSLA,2024-03-18,170.02000427246094,174.72000122070312,165.89999389648438,173.8000030517578,173.8000030517578,108214400,0.0,0.0,171.47333272298178,18555883816.61784,yahoo
TSLA,2024-03-19,172.36000061035156,172.82000732421875,167.4199981689453,171.32000732421875,171.32000732421875,77271400,0.0,0.0,170.52000427246094,13176319458.139038,yahoo
TSLA,2024-03-20,173.0,176.25,170.82000732421875,175.66000366210938,175.66000366210938,83846700,0.0,0.0,174.24333699544272,14609728804.055786,yahoo
TSLA,2024-03-21,176.38999938964844,178.17999267578125,171.8000030517578,172.82000732421875,172.82000732421875,73178000,0.0,0.0,174.26666768391928,12752486207.773846,yahoo
TSLA,2024-03-22,166.69000244140625,171.1999969482422,166.3000030517578,170.8300018310547,170.8300018310547,75580600,0.0,0.0,169.4433339436849,12806628845.464071,yahoo
TSLA,2024-03-25,168.75999450683594,175.24000549316406,168.72999572753906,172.6300048828125,172.6300048828125,74228600,0.0,0.0,172.20000203450522,12782165071.018475,yahoo
TSLA,2024-03-26,178.5800018310547,184.25,177.3800048828125,177.6699981689453,177.6699981689453,113186200,0.0,0.0,179.76666768391928,20347106001.805626,yahoo
TSLA,2024-03-27,181.41000366210938,181.91000366210938,176.0,179.8300018310547,179.8300018310547,81804000,0.0,0.0,179.24666849772134,14663094469.787598,yahoo
TSLA,2024-03-28,177.4499969482422,179.57000732421875,175.3000030517578,175.7899932861328,175.7899932861328,77654800,0.0,0.0,176.88666788736978,13736098817.460123,yahoo
TSLA,2024-04-01,176.1699981689453,176.75,170.2100067138672,175.22000122070312,175.22000122070312,81562100,0.0,0.0,174.06000264485678,14196699341.720074,yahoo
TSLA,2024-04-02,164.75,167.69000244140625,163.42999267578125,166.6300048828125,166.6300048828125,116650600,0.0,0.0,165.91666666666666,19354278716.666664,yahoo
TSLA,2024-04-03,164.02000427246094,168.82000732421875,163.27999877929688,168.3800048828125,168.3800048828125,82950100,0.0,0.0,166.82667032877603,13838288986.439005,yahoo
TSLA,2024-04-04,170.07000732421875,177.19000244140625,168.00999450683594,171.11000061035156,171.11000061035156,123162000,0.0,0.0,172.10333251953125,21196590639.770508,yahoo
TSLA,2024-04-05,169.0800018310547,170.86000061035156,160.50999450683594,164.89999389648438,164.89999389648438,143157600,0.0,0.0,165.42332967122397,23681606859.74121,yahoo
TSLA,2024-04-08,169.33999633789062,174.5,167.7899932861328,172.97999572753906,172.97999572753906,104423300,0.0,0.0,171.75666300455728,17935397547.923786,yahoo
TSLA,2024-04-09,172.91000366210938,179.22000122070312,171.9199981689453,176.8800048828125,176.8800048828125,102951700,0.0,0.0,176.0066680908203,18120185691.285706,yahoo
TSLA,2024-04-10,173.0399932861328,174.92999267578125,170.00999450683594,171.75999450683594,171.75999450683594,84532400,0.0,0.0,172.23332722981772,14559296510.721844,yahoo
TSLA,2024-04-11,172.5500030517578,175.8800048828125,168.50999450683594,174.60000610351562,174.60000610351562,94516000,0.0,0.0,172.99666849772134,16350953119.73063,yahoo
TSLA,2024-04-12,172.33999633789062,173.80999755859375,170.36000061035156,171.0500030517578,171.0500030517578,64722700,0.0,0.0,171.74000040690103,11115476524.335733,yahoo
TSLA,2024-04-15,170.24000549316406,170.69000244140625,161.3800048828125,161.47999572753906,161.47999572753906,100245300,0.0,0.0,164.51666768391928,16492022706.974792,yahoo
TSLA,2024-04-16,156.74000549316406,158.19000244140625,153.75,157.11000061035156,157.11000061035156,97000000,0.0,0.0,156.3500010172526,15165950098.673502,yahoo
TSLA,2024-04-17,157.63999938964844,158.3300018310547,153.77999877929688,155.4499969482422,155.4499969482422,82439700,0.0,0.0,155.85333251953125,12848501976.9104,yahoo
TSLA,2024-04-18,151.25,152.1999969482422,148.6999969482422,149.92999267578125,149.92999267578125,96098800,0.0,0.0,150.27666219075522,14441406904.536947,yahoo
TSLA,2024-04-19,148.97000122070312,150.94000244140625,146.22000122070312,147.0500030517578,147.0500030517578,87074500,0.0,0.0,148.07000223795572,12893121409.868876,yahoo
TSLA,2024-04-22,140.55999755859375,144.44000244140625,138.8000030517578,142.0500030517578,142.0500030517578,107097600,0.0,0.0,141.76333618164062,15182513073.046875,yahoo
TSLA,2024-04-23,143.3300018310547,147.25999450683594,141.11000061035156,144.67999267578125,144.67999267578125,124545100,0.0,0.0,144.3499959309896,17978084678.224693,yahoo
TSLA,2024-04-24,162.83999633789062,167.97000122070312,157.50999450683594,162.1300048828125,162.1300048828125,181178000,0.0,0.0,162.5366668701172,29448068230.19409,yahoo
TSLA,2024-04-25,158.9600067138672,170.8800048828125,158.36000061035156,170.17999267578125,170.17999267578125,126427500,0.0,0.0,166.47333272298178,21046807272.834778,yahoo
TSLA,2024-04-26,168.85000610351562,172.1199951171875,166.3699951171875,168.2899932861328,168.2899932861328,109815700,0.0,0.0,168.9266611735026,18550799545.431007,yahoo
TSLA,2024-04-29,188.4199981689453,198.8699951171875,184.5399932861328,194.0500030517578,194.0500030517578,243869700,0.0,0.0,192.48666381835938,46941664959.384155,yahoo
TSLA,2024-04-30,186.97999572753906,190.9499969482422,182.83999633789062,183.27999877929688,183.27999877929688,127031800,0.0,0.0,185.68999735514322,23588534606.01908,yahoo
TSLA,2024-05-01,182.0,185.86000061035156,179.00999450683594,179.99000549316406,179.99000549316406,92829700,0.0,0.0,181.62000020345053,16859730132.886251,yahoo
TSLA,2024-05-02,182.86000061035156,184.60000610351562,176.02000427246094,180.00999450683594,180.00999450683594,89148000,0.0,0.0,180.21000162760416,16065361225.097656,yahoo
TSLA,2024-05-03,182.10000610351562,184.77999877929688,178.4199981689453,181.19000244140625,181.19000244140625,75491500,0.0,0.0,181.4633331298828,13698939212.974548,yahoo
TSLA,2024-05-06,183.8000030517578,187.55999755859375,182.1999969482422,184.75999450683594,184.75999450683594,84390300,0.0,0.0,184.83999633789062,15598702742.953491,yahoo
TSLA,2024-05-07,182.39999389648438,183.25999450683594,177.39999389648438,177.80999755859375,177.80999755859375,75045900,0.0,0.0,179.48999532063803,13469988239.833069,yahoo
TSLA,2024-05-08,171.58999633789062,176.05999755859375,170.14999389648438,174.72000122070312,174.72000122070312,79969500,0.0,0.0,173.6433308919271,13886170349.761963,yahoo
TSLA,2024-05-09,175.00999450683594,175.6199951171875,171.3699951171875,171.97000122070312,171.97000122070312,65950300,0.0,0.0,172.98666381835938,11408522374.819946,yahoo
TSLA,2024-05-10,173.0500030517578,173.05999755859375,167.75,168.47000122070312,168.47000122070312,72627200,0.0,0.0,169.75999959309897,12329193442.447918,yahoo
TSLA,2024-05-13,170.0,175.39999389648438,169.0,171.88999938964844,171.88999938964844,67018900,0.0,0.0,172.09666442871094,11533729143.681335,yahoo
TSLA,2024-05-14,174.5,179.49000549316406,174.07000732421875,177.5500030517578,177.5500030517578,86407400,0.0,0.0,177.03667195638022,15297278528.403728,yahoo
TSLA,2024-05-15,179.89999389648438,180.0,173.11000061035156,173.99000549316406,173.99000549316406,79663000,0.0,0.0,175.70000203450522,13996789262.07479,yahoo
TSLA,2024-05-16,174.10000610351562,175.7899932861328,171.42999267578125,174.83999633789062,174.83999633789062,59812200,0.0,0.0,174.0199940999349,10408518691.104126,yahoo
TSLA,2024-05-17,173.5500030517578,179.6300048828125,172.75,177.4600067138672,177.4600067138672,77445800,0.0,0.0,176.61333719889322,13677961190.038044,yahoo
TSLA,2024-05-20,177.55999755859375,177.75,173.52000427246094,174.9499969482422,174.9499969482422,61727400,0.0,0.0,175.40666707356772,10827397501.116943,yahoo
TSLA,2024-05-21,175.50999450683594,186.8800048828125,174.7100067138672,186.60000610351562,186.60000610351562,115266500,0.0,0.0,182.7300059000651,21062648225.079853,yahoo
TSLA,2024-05-22,182.85000610351562,183.8000030517578,178.1199951171875,180.11000061035156,180.11000061035156,88313500,0.0,0.0,180.67666625976562,15956188765.731812,yahoo
TSLA,2024-05-23,181.8000030517578,181.89999389648438,173.25999450683594,173.74000549316406,173.74000549316406,71975500,0.0,0.0,176.29999796549478,12689280503.56547,yahoo
TSLA,2024-05-24,174.83999633789062,180.0800018310547,173.72999572753906,179.24000549316406,179.24000549316406,65584500,0.0,0.0,177.68333435058594,11653272641.716003,yahoo
TSLA,2024-05-28,176.39999389648438,178.25,173.16000366210938,176.75,176.75,59736600,0.0,0.0,176.05333455403647,10516827624.920654,yahoo
TSLA,2024-05-29,174.19000244140625,178.14999389648438,173.92999267578125,176.19000244140625,176.19000244140625,54782600,0.0,0.0,176.08999633789062,9646667833.380127,yahoo
TSLA,2024-05-30,178.5800018310547,182.6699981689453,175.3800048828125,178.7899932861328,178.7899932861328,77618400,0.0,0.0,178.94666544596353,13889553857.250977,yahoo
TSLA,2024-05-31,178.5,180.32000732421875,173.82000732421875,178.0800018310547,178.0800018310547,67314600,0.0,0.0,177.40667215983072,11942059173.770142,yahoo
TSLA,2024-06-03,178.1300048828125,182.63999938964844,174.49000549316406,176.2899932861328,176.2899932861328,68568900,0.0,0.0,177.8066660563151,12192007504.148865,yahoo
TSLA,2024-06-04,174.77999877929688,177.75999450683594,174.0,174.77000427246094,174.77000427246094,60056300,0.0,0.0,175.50999959309897,10540481188.56303,yahoo
TSLA,2024-06-05,175.35000610351562,176.14999389648438,172.1300048828125,175.0,175.0,57953800,0.0,0.0,174.42666625976562,10108688131.085205,yahoo
TSLA,2024-06-06,174.60000610351562,179.72999572753906,172.72999572753906,177.94000244140625,177.94000244140625,69887000,0.0,0.0,176.79999796549478,12356021457.814533,yahoo
TSLA,2024-06-07,176.1300048828125,179.35000610351562,175.5800018310547,177.47999572753906,177.47999572753906,56244900,0.0,0.0,177.47000122070312,9981782471.658325,yahoo
TSLA,2024-06-10,176.05999755859375,178.57000732421875,173.1699981689453,173.7899932861328,173.7899932861328,50774600,0.0,0.0,175.17666625976562,8894525158.673096,yahoo
TSLA,2024-06-11,173.9199981689453,174.75,167.41000366210938,170.66000366210938,170.66000366210938,64761900,0.0,0.0,170.94000244140625,11070399344.110107,yahoo
TSLA,2024-06-12,171.1199951171875,180.5500030517578,169.8000030517578,177.2899932861328,177.2899932861328,90389400,0.0,0.0,175.87999979654947,15897687653.61023,yahoo
TSLA,2024-06-13,188.38999938964844,191.0800018310547,181.22999572753906,182.47000122070312,182.47000122070312,118984100,0.0,0.0,184.92666625976562,22003332950.91858,yahoo
TSLA,2024-06-14,185.8000030517578,186.0,176.9199981689453,178.00999450683594,178.00999450683594,82038200,0.0,0.0,180.30999755859375,14792307641.711426,yahoo
TSLA,2024-06-17,177.9199981689453,188.80999755859375,177.0,187.44000244140625,187.44000244140625,109786100,0.0,0.0,184.41666666666666,20246386608.333332,yahoo
TSLA,2024-06-18,186.55999755859375,187.1999969482422,182.3699951171875,184.86000061035156,184.86000061035156,68982300,0.0,0.0,184.80999755859375,12748618694.586182,yahoo
TSLA,2024-06-20,184.67999267578125,185.2100067138672,179.66000366210938,181.57000732421875,181.57000732421875,55893100,0.0,0.0,182.14667256673178,10180742184.439596,yahoo
TSLA,2024-06-21,182.3000030517578,183.9499969482422,180.69000244140625,183.00999450683594,183.00999450683594,61937300,0.0,0.0,182.54999796549478,11306653988.98824,yahoo
TSLA,2024-06-24,184.97000122070312,188.8000030517578,182.5500030517578,182.5800018310547,182.5800018310547,61992100,0.0,0.0,184.6433359781901,11446428148.293558,yahoo
TSLA,2024-06-25,184.39999389648438,187.97000122070312,182.00999450683594,187.35000610351562,187.35000610351562,62905700,0.0,0.0,185.77666727701822,11686411298.727924,yahoo
TSLA,2024-06-26,186.5399932861328,197.75999450683594,186.36000061035156,196.3699951171875,196.3699951171875,95737100,0.0,0.0,193.49666341145834,18524809414.68913,yahoo
TSLA,2024-06-27,195.1699981689453,198.72000122070312,194.0500030517578,197.4199981689453,197.4199981689453,72746500,0.0,0.0,196.7300008138021,14311419004.201254,yahoo
TSLA,2024-06-28,199.5500030517578,203.1999969482422,195.25999450683594,197.8800048828125,197.8800048828125,95438100,0.0,0.0,198.77999877929688,18971185401.498413,yahoo
TSLA,2024-07-01,201.02000427246094,213.22999572753906,200.85000610351562,209.86000061035156,209.86000061035156,135691400,0.0,0.0,207.9800008138021,28221097482.425945,yahoo
TSLA,2024-07-02,218.88999938964844,231.3000030517578,218.05999755859375,231.25999450683594,231.25999450683594,205047900,0.0,0.0,226.87333170572916,46519900232.26318,yahoo
TSLA,2024-07-03,234.55999755859375,248.35000610351562,234.25,246.38999938964844,246.38999938964844,166561500,0.0,0.0,242.99666849772134,40473889599.983215,yahoo
TSLA,2024-07-05,249.80999755859375,252.3699951171875,242.4600067138672,251.52000427246094,251.52000427246094,154501200,0.0,0.0,248.78333536783853,38437323854.333496,yahoo
TSLA,2024-07-08,247.7100067138672,259.44000244140625,244.57000732421875,252.94000244140625,252.94000244140625,157219600,0.0,0.0,252.3166707356771,39669126046.39486,yahoo
TSLA,2024-07-09,251.0,265.6099853515625,250.3000030517578,262.3299865722656,262.3299865722656,160210900,0.0,0.0,259.413324991862,41560842268.938705,yahoo
TSLA,2024-07-10,262.79998779296875,267.5899963378906,257.8599853515625,263.260009765625,263.260009765625,128519400,0.0,0.0,262.90333048502606,33788178291.93726,yahoo
TSLA,2024-07-11,263.29998779296875,271.0,239.64999389648438,241.02999877929688,241.02999877929688,221707300,0.0,0.0,250.55999755859375,55550980546.72241,yahoo
TSLA,2024-07-12,235.8000030517578,251.83999633789062,233.08999633789062,248.22999572753906,248.22999572753906,155955800,0.0,0.0,244.38666280110678,38113517506.47685,yahoo
TSLA,2024-07-15,255.97000122070312,265.6000061035156,251.72999572753906,252.63999938964844,252.63999938964844,146912900,0.0,0.0,256.6566670735677,37706175264.11234,yahoo
TSLA,2024-07-16,255.30999755859375,258.6199951171875,245.8000030517578,256.55999755859375,256.55999755859375,126332500,0.0,0.0,253.65999857584634,32045501770.083107,yahoo
TSLA,2024-07-17,252.72999572753906,258.4700012207031,246.17999267578125,248.5,248.5,115584800,0.0,0.0,251.04999796549478,29017563804.84212,yahoo
TSLA,2024-07-18,251.08999633789062,257.1400146484375,247.1999969482422,249.22999572753906,249.22999572753906,110869000,0.0,0.0,251.19000244140625,27849184380.67627,yahoo
TSLA,2024-07-19,247.7899932861328,249.44000244140625,236.8300018310547,239.1999969482422,239.1999969482422,87403900,0.0,0.0,241.82333374023438,21136302479.89807,yahoo
TSLA,2024-07-22,244.2100067138672,253.2100067138672,243.75,251.50999450683594,251.50999450683594,101225400,0.0,0.0,249.49000040690103,25254725087.18872,yahoo
TSLA,2024-07-23,253.60000610351562,255.75999450683594,245.6300048828125,246.3800048828125,246.3800048828125,111928200,0.0,0.0,249.2566680908203,27898850197.402954,yahoo
TSLA,2024-07-24,225.4199981689453,225.99000549316406,214.7100067138672,215.99000549316406,215.99000549316406,167942900,0.0,0.0,218.89667256673178,36762141991.20738,yahoo
TSLA,2024-07-25,216.8000030517578,226.0,216.22999572753906,220.25,220.25,100636500,0.0,0.0,220.82666524251303,22223222696.67816,yahoo
TSLA,2024-07-26,221.19000244140625,222.27999877929688,215.3300018310547,219.8000030517578,219.8000030517578,94604100,0.0,0.0,219.13666788736978,20731227242.48352,yahoo
TSLA,2024-07-29,224.89999389648438,234.27000427246094,224.6999969482422,232.10000610351562,232.10000610351562,129201800,0.0,0.0,230.3566691080729,29762496290.767414,yahoo
TSLA,2024-07-30,232.25,232.41000366210938,220.0,222.6199951171875,222.6199951171875,100560300,0.0,0.0,225.00999959309897,22627073062.08191,yahoo
TSLA,2024-07-31,227.89999389648438,234.67999267578125,226.7899932861328,232.07000732421875,232.07000732421875,67497000,0.0,0.0,231.17999776204428,15603956308.944702,yahoo
TSLA,2024-08-01,227.69000244140625,231.8699951171875,214.3300018310547,216.86000061035156,216.86000061035156,83861900,0.0,0.0,221.0199991861979,18535157069.75301,yahoo
TSLA,2024-08-02,214.8800048828125,216.1300048828125,205.77999877929688,207.6699981689453,207.6699981689453,82880100,0.0,0.0,209.86000061035156,17393217836.586,yahoo
TSLA,2024-08-05,185.22000122070312,203.8800048828125,182.0,198.8800048828125,198.8800048828125,100308800,0.0,0.0,194.92000325520834,19552191622.526043,yahoo
TSLA,2024-08-06,200.75,202.89999389648438,192.6699981689453,200.63999938964844,200.63999938964844,73783900,0.0,0.0,198.73666381835938,14663566129.507446,yahoo
TSLA,2024-08-07,200.77000427246094,203.49000549316406,191.47999572753906,191.75999450683594,191.75999450683594,71159800,0.0,0.0,195.57666524251303,13917196383.324179,yahoo
TSLA,2024-08-08,195.6999969482422,200.6999969482422,192.0399932861328,198.83999633789062,198.83999633789062,65033900,0.0,0.0,197.19332885742188,12824251229.580688,yahoo
TSLA,2024-08-09,197.0500030517578,200.8800048828125,195.11000061035156,200.0,200.0,58648300,0.0,0.0,198.66333516438803,11651266879.721579,yahoo
TSLA,2024-08-12,199.02000427246094,199.25999450683594,194.6699981689453,197.49000549316406,197.49000549316406,64044900,0.0,0.0,197.13999938964844,12625811546.910095,yahoo
TSLA,2024-08-13,198.47000122070312,208.49000549316406,197.05999755859375,207.8300018310547,207.8300018310547,76247400,0.0,0.0,204.46000162760416,15589543528.100586,yahoo
TSLA,2024-08-14,207.38999938964844,208.44000244140625,198.75,201.3800048828125,201.3800048828125,70250000,0.0,0.0,202.8566691080729,14250681004.842121,yahoo
TSLA,2024-08-15,205.02000427246094,215.8800048828125,204.82000732421875,214.13999938964844,214.13999938964844,89848500,0.0,0.0,211.61333719889322,19013140927.31476,yahoo
TSLA,2024-08-16,211.14999389648438,219.8000030517578,210.8000030517578,216.1199951171875,216.1199951171875,88765100,0.0,0.0,215.57333374023438,19135388526.78528,yahoo
TSLA,2024-08-19,217.07000732421875,222.97999572753906,214.08999633789062,222.72000122070312,222.72000122070312,76435200,0.0,0.0,219.92999776204428,16810393364.941406,yahoo
TSLA,2024-08-20,224.8800048828125,228.22000122070312,219.55999755859375,221.10000610351562,221.10000610351562,74001200,0.0,0.0,222.96000162760416,16499307672.44466,yahoo
TSLA,2024-08-21,222.6699981689453,224.66000366210938,218.86000061035156,223.27000427246094,223.27000427246094,70146000,0.0,0.0,222.26333618164062,15590883979.797363,yahoo
TSLA,2024-08-22,223.82000732421875,224.8000030517578,210.32000732421875,210.66000366210938,210.66000366210938,79514500,0.0,0.0,215.26000467936197,17116291642.077127,yahoo
TSLA,2024-08-23,214.4600067138672,221.47999572753906,214.2100067138672,220.32000732421875,220.32000732421875,81525200,0.0,0.0,218.67000325520834,17827115749.38151,yahoo
TSLA,2024-08-26,218.75,219.08999633789062,211.00999450683594,213.2100067138672,213.2100067138672,59301200,0.0,0.0,214.4366658528646,12716351609.073895,yahoo
TSLA,2024-08-27,213.25,215.66000366210938,206.94000244140625,209.2100067138672,209.2100067138672,62821400,0.0,0.0,210.60333760579428,13230396513.068645,yahoo
TSLA,2024-08-28,209.72000122070312,211.83999633789062,202.58999633789062,205.75,205.75,64116400,0.0,0.0,206.7266642252604,13254569494.132486,yahoo
TSLA,2024-08-29,209.8000030517578,214.88999938964844,205.97000122070312,206.27999877929688,206.27999877929688,62308800,0.0,0.0,209.04666646321616,13025446931.323242,yahoo
TSLA,2024-08-30,208.6300048828125,214.57000732421875,207.02999877929688,214.11000061035156,214.11000061035156,63370600,0.0,0.0,211.90333557128906,13428441517.15393,yahoo
TSLA,2024-09-03,215.25999450683594,219.89999389648438,209.63999938964844,210.60000610351562,210.60000610351562,76714200,0.0,0.0,213.37999979654947,16369275980.392456,yahoo
TSLA,2024-09-04,210.58999633789062,222.22000122070312,210.57000732421875,219.41000366210938,219.41000366210938,80651800,0.0,0.0,217.4000040690104,17533701648.17301,yahoo
TSLA,2024-09-05,223.49000549316406,235.0,222.25,230.1699981689453,230.1699981689453,119355000,0.0,0.0,229.13999938964844,27349004627.15149,yahoo
TSLA,2024-09-06,232.60000610351562,233.60000610351562,210.50999450683594,210.72999572753906,210.72999572753906,112177000,0.0,0.0,218.27999877929688,24485995423.065186,yahoo
TSLA,2024-09-09,216.1999969482422,219.8699951171875,213.6699981689453,216.27000427246094,216.27000427246094,67443500,0.0,0.0,216.60333251953125,14608486856.781006,yahoo
TSLA,2024-09-10,220.07000732421875,226.39999389648438,218.63999938964844,226.1699981689453,226.1699981689453,78891100,0.0,0.0,223.73666381835938,17650831518.96057,yahoo
TSLA,2024-09-11,224.5500030517578,228.47000122070312,216.8000030517578,228.1300048828125,228.1300048828125,83548600,0.0,0.0,224.46666971842447,18753876001.636757,yahoo
TSLA,2024-09-12,224.66000366210938,231.4499969482422,223.8300018310547,229.80999755859375,229.80999755859375,71894900,0.0,0.0,228.36333211263022,16418158925.904339,yahoo
TSLA,2024-09-13,228.0,232.6699981689453,226.32000732421875,230.2899932861328,230.2899932861328,59515100,0.0,0.0,229.75999959309897,13674189351.783245,yahoo
TSLA,2024-09-16,229.3000030517578,229.9600067138672,223.52999877929688,226.77999877929688,226.77999877929688,54323000,0.0,0.0,226.7566680908203,12318102480.697632,yahoo
TSLA,2024-09-17,229.4499969482422,234.57000732421875,226.5500030517578,227.8699951171875,227.8699951171875,66761600,0.0,0.0,229.66333516438803,15332691716.910809,yahoo
TSLA,2024-09-18,230.08999633789062,235.67999267578125,226.8800048828125,227.1999969482422,227.1999969482422,78010200,0.0,0.0,229.9199981689453,17936105041.159058,yahoo
TSLA,2024-09-19,234.0,244.24000549316406,232.1300048828125,243.9199981689453,243.9199981689453,102694600,0.0,0.0,240.09666951497397,24656631437.172447,yahoo
TSLA,2024-09-20,241.52000427246094,243.99000549316406,235.9199981689453,238.25,238.25,99879100,0.0,0.0,239.38666788736978,23909724940.589394,yahoo
TSLA,2024-09-23,242.61000061035156,250.0,241.9199981689453,250.0,250.0,86927200,0.0,0.0,247.3066660563151,21497676021.61051,yahoo
TSLA,2024-09-24,254.0800018310547,257.19000244140625,249.0500030517578,254.27000427246094,254.27000427246094,88491000,0.0,0.0,253.50333658854166,22432763758.05664,yahoo
TSLA,2024-09-25,252.5399932861328,257.04998779296875,252.27999877929688,257.0199890136719,257.0199890136719,65034300,0.0,0.0,255.44999186197916,16613011405.749512,yahoo
TSLA,2024-09-26,260.6000061035156,261.75,251.52999877929688,254.22000122070312,254.22000122070312,67142200,0.0,0.0,255.83333333333334,17177212833.333334,yahoo
TSLA,2024-09-27,257.3800048828125,260.70001220703125,254.1199951171875,260.4599914550781,260.4599914550781,70988100,0.0,0.0,258.4266662597656,18345218027.11487,yahoo
TSLA,2024-09-30,259.0400085449219,264.8599853515625,255.77000427246094,261.6300048828125,261.6300048828125,80705700,0.0,0.0,260.7533315022786,21044280146.22345,yahoo
TSLA,2024-10-01,262.6700134277344,263.9800109863281,248.52999877929688,258.0199890136719,258.0199890136719,87397600,0.0,0.0,256.8433329264323,22447490873.77116,yahoo
TSLA,2024-10-02,247.5500030517578,251.16000366210938,241.5,249.02000427246094,249.02000427246094,93983900,0.0,0.0,247.22666931152344,23235326565.907288,yahoo
TSLA,2024-10-03,244.47999572753906,249.7899932861328,237.80999755859375,240.66000366210938,240.66000366210938,80729200,0.0,0.0,242.75333150227866,19597282249.513756,yahoo
TSLA,2024-10-04,246.69000244140625,250.9600067138672,244.5800018310547,250.0800018310547,250.0800018310547,86573200,0.0,0.0,248.54000345865884,21516903427.427162,yahoo
TSLA,2024-10-07,249.0,249.8300018310547,240.6999969482422,240.8300018310547,240.8300018310547,68113300,0.0,0.0,243.7866668701172,16605114376.524353,yahoo
TSLA,2024-10-08,243.55999755859375,246.2100067138672,240.55999755859375,244.5,244.5,56303200,0.0,0.0,243.7566680908203,13724280434.851074,yahoo
TSLA,2024-10-09,243.82000732421875,247.42999267578125,239.50999450683594,241.0500030517578,241.0500030517578,66289500,0.0,0.0,242.663330078125,16086030819.213867,yahoo
TSLA,2024-10-10,241.80999755859375,242.7899932861328,232.33999633789062,238.77000427246094,238.77000427246094,83087100,0.0,0.0,237.96666463216147,19771960060.958862,yahoo
TSLA,2024-10-11,220.1300048828125,223.33999633789062,214.3800048828125,217.8000030517578,217.8000030517578,142628900,0.0,0.0,218.5066680908203,31165365712.4588,yahoo
TSLA,2024-10-14,220.1300048828125,221.91000366210938,213.74000549316406,219.16000366210938,219.16000366210938,86291900,0.0,0.0,218.27000427246094,18834933381.678772,yahoo
TSLA,2024-10-15,220.00999450683594,224.25999450683594,217.1199951171875,219.57000732421875,219.57000732421875,62988800,0.0,0.0,220.31666564941406,13877482389.257812,yahoo
TSLA,2024-10-16,221.39999389648438,222.82000732421875,218.92999267578125,221.3300018310547,221.3300018310547,49632800,0.0,0.0,221.02666727701822,10970172371.62679,yahoo
TSLA,2024-10-17,221.58999633789062,222.0800018310547,217.89999389648438,220.88999938964844,220.88999938964844,50791800,0.0,0.0,220.28999837239584,11188925539.331055,yahoo
TSLA,2024-10-18,220.7100067138672,222.27999877929688,219.22999572753906,220.6999969482422,220.6999969482422,49611900,0.0,0.0,220.73666381835938,10951165291.690063,yahoo
TSLA,2024-10-21,218.89999389648438,220.47999572753906,215.72999572753906,218.85000610351562,218.85000610351562,47329000,0.0,0.0,218.35333251953125,10334444874.816895,yahoo
TSLA,2024-10-22,217.30999755859375,218.22000122070312,215.25999450683594,217.97000122070312,217.97000122070312,43268700,0.0,0.0,217.1499989827474,9395798160.984802,yahoo
TSLA,2024-10-23,217.1300048828125,218.72000122070312,212.11000061035156,213.64999389648438,213.64999389648438,80938900,0.0,0.0,214.82666524251303,17387833975.39724,yahoo
TSLA,2024-10-24,244.67999267578125,262.1199951171875,242.64999389648438,260.4800109863281,260.4800109863281,204491900,0.0,0.0,255.08333333333334,52162475491.66667,yahoo
TSLA,2024-10-25,256.010009765625,269.489990234375,255.32000732421875,269.19000244140625,269.19000244140625,161611900,0.0,0.0,264.6666666666667,42773282866.66667,yahoo
TSLA,2024-10-28,270.0,273.5400085449219,262.239990234375,262.510009765625,262.510009765625,107653600,0.0,0.0,266.09666951497394,28646264421.2972,yahoo
TSLA,2024-10-29,264.510009765625,264.9800109863281,255.50999450683594,259.5199890136719,259.5199890136719,80521800,0.0,0.0,260.0033315022786,20935936258.56018,yahoo
TSLA,2024-10-30,258.0400085449219,263.3500061035156,255.82000732421875,257.54998779296875,257.54998779296875,53993600,0.0,0.0,258.9066670735677,13979303019.303385,yahoo
TSLA,2024-10-31,257.989990234375,259.75,249.25,249.85000610351562,249.85000610351562,66575300,0.0,0.0,252.95000203450522,16840222270.447796,yahoo
TSLA,2024-11-01,252.0399932861328,254.0,246.6300048828125,248.97999572753906,248.97999572753906,57544800,0.0,0.0,249.87000020345053,14378719187.70752,yahoo
TSLA,2024-11-04,244.55999755859375,248.89999389648438,238.8800048828125,242.83999633789062,242.83999633789062,68802400,0.0,0.0,243.53999837239584,16756136384.016928,yahoo
TSLA,2024-11-05,247.33999633789062,255.27999877929688,246.2100067138672,251.44000244140625,251.44000244140625,69282500,0.0,0.0,250.97666931152344,17388291091.575623,yahoo
TSLA,2024-11-06,284.6700134277344,289.5899963378906,275.6199951171875,288.5299987792969,288.5299987792969,165228700,0.0,0.0,284.5799967447917,47020782908.146164,yahoo
TSLA,2024-11-07,288.8900146484375,299.75,285.5199890136719,296.9100036621094,296.9100036621094,117309200,0.0,0.0,294.05999755859375,34495943065.600586,yahoo
TSLA,2024-11-08,299.1400146484375,328.7099914550781,297.6600036621094,321.2200012207031,321.2200012207031,204782800,0.0,0.0,315.8633321126302,64683377567.354324,yahoo
TSLA,2024-11-11,346.29998779296875,358.6400146484375,336.0,350.0,350.0,210521600,0.0,0.0,348.2133382161458,73306429102.60416,yahoo
TSLA,2024-11-12,342.739990234375,345.8399963378906,323.30999755859375,328.489990234375,328.489990234375,155726000,0.0,0.0,332.5466613769531,51786161389.5874,yahoo
TSLA,2024-11-13,335.8500061035156,344.6000061035156,322.5,330.239990234375,330.239990234375,125405600,0.0,0.0,332.44666544596356,41690673548.25033,yahoo
TSLA,2024-11-14,327.69000244140625,329.9800109863281,310.3699951171875,311.17999267578125,311.17999267578125,120726100,0.0,0.0,317.1766662597656,38291501928.54309,yahoo
TSLA,2024-11-15,310.57000732421875,324.67999267578125,309.2200012207031,320.7200012207031,320.7200012207031,114440300,0.0,0.0,318.2066650390625,36415666209.069824,yahoo
TSLA,2024-11-18,340.7300109863281,348.54998779296875,330.010009765625,338.739990234375,338.739990234375,126085600,0.0,0.0,339.09999593098956,42755626446.956375,yahoo
TSLA,2024-11-19,335.760009765625,347.3800048828125,332.75,346.0,346.0,88852500,0.0,0.0,342.0433349609375,30391405419.6167,yahoo
TSLA,2024-11-20,345.0,346.6000061035156,334.29998779296875,342.0299987792969,342.0299987792969,66340700,0.0,0.0,340.97666422526044,22620630588.368736,yahoo
TSLA,2024-11-21,343.80999755859375,347.989990234375,335.2799987792969,339.6400146484375,339.6400146484375,58011700,0.0,0.0,340.9700012207031,19780249419.815063,yahoo
TSLA,2024-11-22,341.0899963378906,361.5299987792969,337.70001220703125,352.55999755859375,352.55999755859375,89140700,0.0,0.0,350.59666951497394,31252432538.233437,yahoo
TSLA,2024-11-25,360.1400146484375,361.92999267578125,338.20001220703125,338.5899963378906,338.5899963378906,95890900,0.0,0.0,346.24000040690106,33201265255.01811,yahoo
TSLA,2024-11-26,341.0,346.9599914550781,335.6600036621094,338.2300109863281,338.2300109863281,62295900,0.0,0.0,340.28333536783856,21198256631.741333,yahoo
TSLA,2024-11-27,341.79998779296875,342.54998779296875,326.5899963378906,332.8900146484375,332.8900146484375,57896400,0.0,0.0,334.00999959309894,19337976540.441895,yahoo
TSLA,2024-11-29,336.0799865722656,345.45001220703125,334.6499938964844,345.1600036621094,345.1600036621094,37167600,0.0,0.0,341.7533365885417,12702151312.988281,yahoo
TSLA,2024-12-02,352.3800048828125,360.0,351.1499938964844,357.0899963378906,357.0899963378906,77986500,0.0,0.0,356.0799967447917,27769432666.137695,yahoo
TSLA,2024-12-03,351.79998779296875,355.69000244140625,348.20001220703125,351.4200134277344,351.4200134277344,58267200,0.0,0.0,351.77000935872394,20496653489.30664,yahoo
TSLA,2024-12-04,353.0,358.1000061035156,348.6000061035156,357.92999267578125,357.92999267578125,50810900,0.0,0.0,354.8766682942708,18031602905.033363,yahoo
TSLA,2024-12-05,359.8699951171875,375.42999267578125,359.5,369.489990234375,369.489990234375,81403600,0.0,0.0,368.13999430338544,29967920840.275066,yahoo
TSLA,2024-12-06,377.4200134277344,389.489990234375,370.79998779296875,389.2200012207031,389.2200012207031,81455800,0.0,0.0,383.1699930826823,31211418322.544353,yahoo
TSLA,2024-12-09,397.6099853515625,404.79998779296875,378.010009765625,389.7900085449219,389.7900085449219,96359200,0.0,0.0,390.8666687011719,37663599502.70996,yahoo
TSLA,2024-12-10,392.67999267578125,409.7300109863281,390.8500061035156,400.989990234375,400.989990234375,97563600,0.0,0.0,400.52333577473956,39076498522.19238,yahoo
TSLA,2024-12-11,409.70001220703125,424.8800048828125,402.3800048828125,424.7699890136719,424.7699890136719,104287600,0.0,0.0,417.3433329264323,43523734566.898605,yahoo
TSLA,2024-12-12,424.8399963378906,429.29998779296875,415.0,418.1000061035156,418.1000061035156,87752200,0.0,0.0,420.7999979654948,36926125581.4677,yahoo
TSLA,2024-12-13,420.0,436.29998779296875,415.7099914550781,436.2300109863281,436.2300109863281,89000200,0.0,0.0,429.413330078125,38217872259.61914,yahoo
TSLA,2024-12-16,441.0899963378906,463.19000244140625,436.1499938964844,463.0199890136719,463.0199890136719,114083800,0.0,0.0,454.1199951171875,51807734698.950195,yahoo
TSLA,2024-12-17,475.8999938964844,483.989990234375,457.510009765625,479.8599853515625,479.8599853515625,131223000,0.0,0.0,473.7866617838542,62171707119.262695,yahoo
TSLA,2024-12-18,466.5,488.5400085449219,427.010009765625,440.1300048828125,440.1300048828125,149340800,0.0,0.0,451.8933410644531,67486113069.23828,yahoo
TSLA,2024-12-19,451.8800048828125,456.3599853515625,420.0199890136719,436.1700134277344,436.1700134277344,118566100,0.0,0.0,437.51666259765625,51874644369.21997,yahoo
TSLA,2024-12-20,425.510009765625,447.0799865722656,417.6400146484375,421.05999755859375,421.05999755859375,132216200,0.0,0.0,428.5933329264323,56666981824.86776,yahoo
TSLA,2024-12-23,431.0,434.510009765625,415.4100036621094,430.6000061035156,430.6000061035156,72698100,0.0,0.0,426.8400065104167,31030457477.29492,yahoo
TSLA,2024-12-24,435.8999938964844,462.7799987792969,435.1400146484375,462.2799987792969,462.2799987792969,59551800,0.0,0.0,453.40000406901044,27000786362.316895,yahoo
TSLA,2024-12-26,465.1600036621094,465.3299865722656,451.0199890136719,454.1300048828125,454.1300048828125,76366400,0.0,0.0,456.82666015625,34886207460.15625,yahoo
TSLA,2024-12-27,449.5199890136719,450.0,426.5,431.6600036621094,431.6600036621094,82666800,0.0,0.0,436.05333455403644,36047133796.91162,yahoo
TSLA,2024-12-30,419.3999938964844,427.0,415.75,417.4100036621094,417.4100036621094,64941000,0.0,0.0,420.05333455403644,27278683599.27368,yahoo
TSLA,2024-12-31,423.7900085449219,427.92999267578125,402.5400085449219,403.8399963378906,403.8399963378906,76825100,0.0,0.0,411.43666585286456,31608662997.812904,yahoo
TSLA,2025-01-02,390.1000061035156,392.7300109863281,373.0400085449219,379.2799987792969,379.2799987792969,109710700,0.0,0.0,381.68333943684894,41874746347.9543,yahoo
TSLA,2025-01-03,381.4800109863281,411.8800048828125,379.45001220703125,410.44000244140625,410.44000244140625,95423300,0.0,0.0,400.5900065104167,38225620368.245445,yahoo
TSLA,2025-01-06,423.20001220703125,426.42999267578125,401.70001220703125,411.04998779296875,411.04998779296875,85516500,0.0,0.0,413.05999755859375,35323445281.21948,yahoo
TSLA,2025-01-07,405.8299865722656,414.3299865722656,390.0,394.3599853515625,394.3599853515625,75699500,0.0,0.0,399.5633239746094,30246743843.215942,yahoo
TSLA,2025-01-08,392.95001220703125,402.5,387.3999938964844,394.94000244140625,394.94000244140625,73038800,0.0,0.0,394.94666544596356,28846430508.174644,yahoo
TSLA,2025-01-10,391.3999938964844,399.2799987792969,377.2900085449219,394.739990234375,394.739990234375,62287300,0.0,0.0,390.43666585286456,24319245736.97713,yahoo
TSLA,2025-01-13,383.2099914550781,403.7900085449219,380.07000732421875,403.30999755859375,403.30999755859375,67580500,0.0,0.0,395.7233378092448,26743181030.81767,yahoo
TSLA,2025-01-14,414.3399963378906,422.6400146484375,394.5400085449219,396.3599853515625,396.3599853515625,84565000,0.0,0.0,404.5133361816406,34207670274.20044,yahoo
TSLA,2025-01-15,409.8999938964844,429.79998779296875,405.6600036621094,428.2200012207031,428.2200012207031,81375500,0.0,0.0,421.22666422526044,34277530414.66268,yahoo
TSLA,2025-01-16,423.489990234375,424.0,409.1300048828125,413.82000732421875,413.82000732421875,68335200,0.0,0.0,415.65000406901044,28403526158.05664,yahoo
TSLA,2025-01-17,421.5,439.739990234375,419.75,426.5,426.5,94991400,0.0,0.0,428.663330078125,40719329852.7832,yahoo
TSLA,2025-01-21,432.6400146484375,433.20001220703125,406.30999755859375,424.07000732421875,424.07000732421875,87320900,0.0,0.0,421.19333902994794,36778981438.10018,yahoo
TSLA,2025-01-22,416.80999755859375,428.0,414.5899963378906,415.1099853515625,415.1099853515625,60963300,0.0,0.0,419.2333272298177,25557847097.909546,yahoo
TSLA,2025-01-23,416.05999755859375,420.7300109863281,408.95001220703125,412.3800048828125,412.3800048828125,50690600,0.0,0.0,414.02000935872394,20986922686.39933,yahoo
TSLA,2025-01-24,414.45001220703125,418.8800048828125,405.7799987792969,406.5799865722656,406.5799865722656,56427100,0.0,0.0,410.413330078125,23158434017.651367,yahoo
TSLA,2025-01-27,394.79998779296875,406.69000244140625,389.0,397.1499938964844,397.1499938964844,58125500,0.0,0.0,397.6133321126302,23111473735.712685,yahoo
TSLA,2025-01-28,396.9100036621094,400.5899963378906,386.5,398.0899963378906,398.0899963378906,48910700,0.0,0.0,395.05999755859375,19322661022.58911,yahoo
TSLA,2025-01-29,395.2099914550781,398.5899963378906,384.4800109863281,389.1000061035156,389.1000061035156,68033600,0.0,0.0,390.7233378092448,26582315275.17904,yahoo
TSLA,2025-01-30,410.7799987792969,412.5,384.4100036621094,400.2799987792969,400.2799987792969,98092900,0.0,0.0,399.06333414713544,39145279730.161545,yahoo
TSLA,2025-01-31,401.5299987792969,419.989990234375,401.3399963378906,404.6000061035156,404.6000061035156,83283600,0.0,0.0,408.64333089192706,34033287712.6709,yahoo
TSLA,2025-02-03,386.67999267578125,389.1700134277344,374.3599853515625,383.67999267578125,383.67999267578125,93732100,0.0,0.0,382.40333048502606,35843467213.355515,yahoo
TSLA,2025-02-04,382.6300048828125,394.0,381.3999938964844,392.2099914550781,392.2099914550781,57072200,0.0,0.0,389.2033284505208,22212690201.993813,yahoo
TSLA,2025-02-05,387.510009765625,388.3900146484375,375.5299987792969,378.1700134277344,378.1700134277344,57223300,0.0,0.0,380.69667561848956,21784720077.919514,yahoo
TSLA,2025-02-06,373.0299987792969,375.3999938964844,363.17999267578125,374.32000732421875,374.32000732421875,77918200,0.0,0.0,370.96666463216144,28905054768.14168,yahoo
TSLA,2025-02-07,370.19000244140625,380.54998779296875,360.3399963378906,361.6199951171875,361.6199951171875,70298300,0.0,0.0,367.5033264160156,25834859091.39099,yahoo
TSLA,2025-02-10,356.2099914550781,362.70001220703125,350.510009765625,350.7300109863281,350.7300109863281,77514900,0.0,0.0,354.6466776529948,27490401753.604126,yahoo
TSLA,2025-02-11,345.79998779296875,349.3699951171875,325.1000061035156,328.5,328.5,118543400,0.0,0.0,334.3233337402344,39631824680.9021,yahoo
TSLA,2025-02-12,329.94000244140625,346.3999938964844,329.1199951171875,336.510009765625,336.510009765625,105382700,0.0,0.0,337.3433329264323,35550151250.78634,yahoo
TSLA,2025-02-13,345.0,358.69000244140625,342.8500061035156,355.94000244140625,355.94000244140625,89441500,0.0,0.0,352.4933369954427,31527532800.877888,yahoo
TSLA,2025-02-14,360.6199951171875,362.0,347.5,355.8399963378906,355.8399963378906,68277300,0.0,0.0,355.1133321126302,24246179510.653687,yahoo
TSLA,2025-02-18,355.010009765625,359.1000061035156,350.0199890136719,354.1099853515625,354.1099853515625,51631700,0.0,0.0,354.4099934895833,18298790460.856117,yahoo
TSLA,2025-02-19,354.0,367.3399963378906,353.6700134277344,360.55999755859375,360.55999755859375,67094400,0.0,0.0,360.52333577473956,24189096899.804688,yahoo
TSLA,2025-02-20,361.510009765625,362.29998779296875,348.0,354.3999938964844,354.3999938964844,45965400,0.0,0.0,354.8999938964844,16313120179.449463,yahoo
TSLA,2025-02-21,353.44000244140625,354.9800109863281,334.4200134277344,337.79998779296875,337.79998779296875,74058600,0.0,0.0,342.40000406901044,25357664941.345215,yahoo
TSLA,2025-02-24,338.1400146484375,342.3999938964844,324.70001220703125,330.5299987792969,330.5299987792969,76052300,0.0,0.0,332.5433349609375,25290685473.449707,yahoo
TSLA,2025-02-25,327.0199890136719,328.8900146484375,297.25,302.79998779296875,302.79998779296875,134228800,0.0,0.0,309.64666748046875,41563500599.90234,yahoo
TSLA,2025-02-26,303.7099914550781,309.0,288.0400085449219,290.79998779296875,290.79998779296875,100118300,0.0,0.0,295.94666544596356,29629677035.118614,yahoo
TSLA,2025-02-27,291.1600036621094,297.2300109863281,280.8800048828125,281.95001220703125,281.95001220703125,101748200,0.0,0.0,286.6866760253906,29169853249.56665,yahoo
TSLA,2025-02-28,279.5,293.8800048828125,273.6000061035156,292.9800109863281,292.9800109863281,115697000,0.0,0.0,286.82000732421875,33184214387.390137,yahoo
TSLA,2025-03-03,300.3399963378906,303.94000244140625,277.29998779296875,284.6499938964844,284.6499938964844,115551400,0.0,0.0,288.62999471028644,33351599970.766193,yahoo
TSLA,2025-03-04,270.92999267578125,284.3500061035156,261.8399963378906,272.0400085449219,272.0400085449219,126706600,0.0,0.0,272.7433369954427,34558380903.346756,yahoo
TSLA,2025-03-05,272.9200134277344,279.54998779296875,267.7099914550781,279.1000061035156,279.1000061035156,94042900,0.0,0.0,275.4533284505208,25904429822.139484,yahoo
TSLA,2025-03-06,272.05999755859375,272.6499938964844,260.0199890136719,263.45001220703125,263.45001220703125,98451600,0.0,0.0,265.3733317057292,26126429103.759766,yahoo
TSLA,2025-03-07,259.32000732421875,266.25,250.72999572753906,262.6700134277344,262.6700134277344,102369600,0.0,0.0,259.8833363850911,26604153192.407223,yahoo
TSLA,2025-03-10,252.5399932861328,253.3699951171875,220.0,222.14999389648438,222.14999389648438,189076900,0.0,0.0,231.83999633789062,43835587803.57971,yahoo
TSLA,2025-03-11,225.30999755859375,237.05999755859375,217.02000427246094,230.5800018310547,230.5800018310547,174896400,0.0,0.0,228.22000122070312,39914856621.49658,yahoo
TSLA,2025-03-12,247.22000122070312,251.83999633789062,241.10000610351562,248.08999633789062,248.08999633789062,142215700,0.0,0.0,247.00999959309897,35128699999.132286,yahoo
TSLA,2025-03-13,248.1300048828125,248.2899932861328,232.60000610351562,240.67999267578125,240.67999267578125,114813500,0.0,0.0,240.52333068847656,27615325428.001404,yahoo
TSLA,2025-03-14,247.30999755859375,251.5800018310547,240.72999572753906,249.97999572753906,249.97999572753906,100242300,0.0,0.0,247.42999776204428,24802952064.66217,yahoo
TSLA,2025-03-17,245.05999755859375,245.39999389648438,232.8000030517578,238.00999450683594,238.00999450683594,111900600,0.0,0.0,238.73666381835938,26714775923.272705,yahoo
TSLA,2025-03-18,228.16000366210938,230.10000610351562,222.27999877929688,225.30999755859375,225.30999755859375,111477600,0.0,0.0,225.89666748046875,25182418338.720703,yahoo
TSLA,2025-03-19,231.61000061035156,241.41000366210938,229.1999969482422,235.86000061035156,235.86000061035156,111993800,0.0,0.0,235.49000040690103,26373420007.570393,yahoo
TSLA,2025-03-20,233.35000610351562,238.0,230.0500030517578,236.25999450683594,236.25999450683594,99028300,0.0,0.0,234.7699991861979,23248873910.41056,yahoo
TSLA,2025-03-21,234.99000549316406,249.52000427246094,234.5500030517578,248.7100067138672,248.7100067138672,132728700,0.0,0.0,244.26000467936197,32420312883.085632,yahoo
TSLA,2025-03-24,258.0799865722656,278.6400146484375,256.3299865722656,278.3900146484375,278.3900146484375,169079900,0.0,0.0,271.12000528971356,45840943382.38424,yahoo
TSLA,2025-03-25,283.6000061035156,288.20001220703125,271.2799987792969,288.1400146484375,288.1400146484375,150361500,0.0,0.0,282.5400085449219,42483139494.82727,yahoo
TSLA,2025-03-26,282.6600036621094,284.8999938964844,266.510009765625,272.05999755859375,272.05999755859375,153629800,0.0,0.0,274.49000040690106,42169843864.51213,yahoo
TSLA,2025-03-27,272.4800109863281,291.8500061035156,271.82000732421875,273.1300048828125,273.1300048828125,162572100,0.0,0.0,278.93333943684894,45346778752.26135,yahoo
TSLA,2025-03-28,275.5799865722656,276.1000061035156,260.57000732421875,263.54998779296875,263.54998779296875,123809400,0.0,0.0,266.74000040690106,33024919406.378178,yahoo
TSLA,2025-03-31,249.30999755859375,260.55999755859375,243.36000061035156,259.1600036621094,259.1600036621094,134008900,0.0,0.0,254.36000061035156,34086503885.79254,yahoo
TSLA,2025-04-01,263.79998779296875,277.45001220703125,259.25,268.4599914550781,268.4599914550781,146486900,0.0,0.0,268.3866678873698,39315130980.15035,yahoo
TSLA,2025-04-02,254.60000610351562,284.989990234375,251.27000427246094,282.760009765625,282.760009765625,212787800,0.0,0.0,273.0066680908203,58092488288.375854,yahoo
TSLA,2025-04-03,265.2900085449219,276.29998779296875,261.510009765625,267.2799987792969,267.2799987792969,136174300,0.0,0.0,268.3633321126302,36544188896.104935,yahoo
TSLA,2025-04-04,255.3800048828125,261.0,236.0,239.42999267578125,239.42999267578125,181229400,0.0,0.0,245.4766642252604,44487588571.54541,yahoo
TSLA,2025-04-07,223.77999877929688,252.0,214.25,233.2899932861328,233.2899932861328,183453800,0.0,0.0,233.17999776204428,42777756673.43852,yahoo
TSLA,2025-04-08,245.0,250.44000244140625,217.8000030517578,221.86000061035156,221.86000061035156,171603500,0.0,0.0,230.03333536783853,39474525465.794876,yahoo
TSLA,2025-04-09,224.69000244140625,274.69000244140625,223.8800048828125,272.20001220703125,272.20001220703125,219433400,0.0,0.0,256.92333984375,56377562001.26953,yahoo
TSLA,2025-04-10,260.0,262.489990234375,239.3300018310547,252.39999389648438,252.39999389648438,181722600,0.0,0.0,251.4066619873047,45686272273.654175,yahoo
TSLA,2025-04-11,251.83999633789062,257.739990234375,241.36000061035156,252.30999755859375,252.30999755859375,128948100,0.0,0.0,250.4699961344401,32297630108.543396,yahoo
TSLA,2025-04-14,258.3599853515625,261.79998779296875,245.92999267578125,252.35000610351562,252.35000610351562,100135200,0.0,0.0,253.35999552408853,25370253823.80371,yahoo
TSLA,2025-04-15,249.91000366210938,258.75,247.5399932861328,254.11000061035156,254.11000061035156,79594300,0.0,0.0,253.46666463216147,20174501744.73165,yahoo
TSLA,2025-04-16,247.61000061035156,251.97000122070312,233.88999938964844,241.5500030517578,241.5500030517578,112378700,0.0,0.0,242.47000122070312,27248463526.18103,yahoo
TSLA,2025-04-17,243.47000122070312,244.33999633789062,237.67999267578125,241.3699951171875,241.3699951171875,83404800,0.0,0.0,241.12999471028647,20111398982.8125,yahoo
TSLA,2025-04-21,230.25999450683594,232.2100067138672,222.7899932861328,227.5,227.5,97768000,0.0,0.0,227.5,22242220000.0,yahoo
TSLA,2025-04-22,230.9600067138672,242.7899932861328,229.85000610351562,237.97000122070312,237.97000122070312,120858500,0.0,0.0,236.87000020345053,28627752919.588726,yahoo
TSLA,2025-04-23,254.86000061035156,259.45001220703125,244.42999267578125,250.74000549316406,250.74000549316406,150381900,0.0,0.0,251.54000345865884,37827063646.11969,yahoo
TSLA,2025-04-24,250.5,259.5400085449219,249.1999969482422,259.510009765625,259.510009765625,94464200,0.0,0.0,256.0833384195964,24190707697.136436,yahoo
TSLA,2025-04-25,261.69000244140625,286.8500061035156,259.6300048828125,284.95001220703125,284.95001220703125,167560700,0.0,0.0,277.1433410644531,46438332229.09851,yahoo
TSLA,2025-04-28,288.9800109863281,294.8599853515625,272.4200134277344,285.8800048828125,285.8800048828125,151731800,0.0,0.0,284.3866678873698,43150501014.55282,yahoo
TSLA,2025-04-29,285.5,293.32000732421875,279.4700012207031,292.0299987792969,292.0299987792969,108906600,0.0,0.0,288.27333577473956,31394868869.88525,yahoo
TSLA,2025-04-30,279.8999938964844,284.45001220703125,270.7799987792969,282.1600036621094,282.1600036621094,128961100,0.0,0.0,279.1300048828125,35996912472.69287,yahoo
TSLA,2025-05-01,280.010009765625,290.8699951171875,279.80999755859375,280.5199890136719,280.5199890136719,99659000,0.0,0.0,283.7333272298177,28276579658.3964,yahoo
TSLA,2025-05-02,284.8999938964844,294.7799987792969,279.80999755859375,287.2099914550781,287.2099914550781,114454700,0.0,0.0,287.26666259765625,32879019687.615967,yahoo
TSLA,2025-05-05,284.57000732421875,284.8500061035156,274.3999938964844,280.260009765625,280.260009765625,94618900,0.0,0.0,279.836669921875,26477837887.6709,yahoo
TSLA,2025-05-06,273.1099853515625,277.7300109863281,271.3500061035156,275.3500061035156,275.3500061035156,76715800,0.0,0.0,274.8100077311198,21082269591.09904,yahoo
TSLA,2025-05-07,276.8800048828125,277.9200134277344,271.0,276.2200012207031,276.2200012207031,71592600,0.0,0.0,275.0466715494792,19691306337.573242,yahoo
TSLA,2025-05-08,279.6300048828125,289.79998779296875,279.4100036621094,284.82000732421875,284.82000732421875,97539400,0.0,0.0,284.6766662597656,27767191220.977783,yahoo
TSLA,2025-05-09,290.2099914550781,307.0400085449219,290.0,298.260009765625,298.260009765625,132387800,0.0,0.0,298.43333943684894,39508933254.69767,yahoo
TSLA,2025-05-12,321.989990234375,322.2099914550781,311.5,318.3800048828125,318.3800048828125,112826700,0.0,0.0,317.3633321126302,35807057463.272095,yahoo
TSLA,2025-05-13,320.0,337.5899963378906,316.79998779296875,334.07000732421875,334.07000732421875,136992600,0.0,0.0,329.4866638183594,45137234741.80298,yahoo
TSLA,2025-05-14,342.5,350.0,337.0,347.67999267578125,347.67999267578125,136997300,0.0,0.0,344.89333089192706,47249455120.2006,yahoo
TSLA,2025-05-15,340.3399963378906,346.1400146484375,334.7200012207031,342.82000732421875,342.82000732421875,97882600,0.0,0.0,341.22667439778644,33400154079.40877,yahoo
TSLA,2025-05-16,346.239990234375,351.6199951171875,342.3299865722656,349.9800109863281,349.9800109863281,95895700,0.0,0.0,347.97666422526044,33369465799.546307,yahoo
TSLA,2025-05-19,336.29998779296875,343.0,333.3699951171875,342.0899963378906,342.0899963378906,88869900,0.0,0.0,339.4866638183594,30170145864.871216,yahoo
TSLA,2025-05-20,347.8699951171875,354.989990234375,341.6300048828125,343.82000732421875,343.82000732421875,131715500,0.0,0.0,346.81333414713544,45680691713.85702,yahoo
TSLA,2025-05-21,344.42999267578125,347.3500061035156,332.20001220703125,334.6199951171875,334.6199951171875,102354800,0.0,0.0,338.0566711425781,34601722963.464355,yahoo
TSLA,2025-05-22,331.8999938964844,347.2699890136719,331.3900146484375,341.0400085449219,341.0400085449219,97113400,0.0,0.0,339.90000406901044,33008845055.155437,yahoo
TSLA,2025-05-23,337.9200134277344,343.17999267578125,333.2099914550781,339.3399963378906,339.3399963378906,84654800,0.0,0.0,338.57666015625,28662139450.195312,yahoo
TSLA,2025-05-27,347.3500061035156,363.7900085449219,347.32000732421875,362.8900146484375,362.8900146484375,120146400,0.0,0.0,358.00001017252606,43012412422.19238,yahoo
TSLA,2025-05-28,364.8399963378906,365.0,355.9100036621094,356.8999938964844,356.8999938964844,91404300,0.0,0.0,359.26999918619794,32838822786.61499,yahoo
TSLA,2025-05-29,365.2900085449219,367.7099914550781,356.0,358.42999267578125,358.42999267578125,88087800,0.0,0.0,360.7133280436198,31774443498.04077,yahoo
TSLA,2025-05-30,355.5199890136719,363.67999267578125,345.2900085449219,346.4599914550781,346.4599914550781,123474900,0.0,0.0,351.80999755859375,43439704267.54761,yahoo
TSLA,2025-06-02,343.5,348.0199890136719,333.3299865722656,342.69000244140625,342.69000244140625,81873800,0.0,0.0,341.34665934244794,27947348117.671715,yahoo
TSLA,2025-06-03,346.6000061035156,355.3999938964844,343.0400085449219,344.2699890136719,344.2699890136719,99324500,0.0,0.0,347.5699971516927,34522216182.0933,yahoo
TSLA,2025-06-04,345.1000061035156,345.6000061035156,327.3299865722656,332.04998779296875,332.04998779296875,98912100,0.0,0.0,334.9933268229167,33134893442.041016,yahoo
TSLA,2025-06-05,322.489990234375,324.54998779296875,273.2099914550781,284.70001220703125,284.70001220703125,287499800,0.0,0.0,294.15333048502606,84569023683.7789,yahoo
TSLA,2025-06-06,298.8299865722656,305.5,291.1400146484375,295.1400146484375,295.1400146484375,164747700,0.0,0.0,297.260009765625,48972902910.86426,yahoo
TSLA,2025-06-09,285.9599914550781,309.8299865722656,281.8500061035156,308.5799865722656,308.5799865722656,140908900,0.0,0.0,300.08665974934894,42284881129.95503,yahoo
TSLA,2025-06-10,314.94000244140625,327.8299865722656,310.6700134277344,326.0899963378906,326.0899963378906,151256500,0.0,0.0,321.5299987792969,48633502260.36072,yahoo
TSLA,2025-06-11,334.3999938964844,335.5,322.5,326.42999267578125,326.42999267578125,122611400,0.0,0.0,328.14333089192706,40234113201.322426,yahoo
TSLA,2025-06-12,323.0799865722656,332.55999755859375,316.8599853515625,319.1099853515625,319.1099853515625,105127500,0.0,0.0,322.84332275390625,33939711412.81128,yahoo
TSLA,2025-06-13,313.9700012207031,332.989990234375,313.29998779296875,325.30999755859375,325.30999755859375,128964300,0.0,0.0,323.8666585286458,41767236910.48584,yahoo
TSLA,2025-06-16,331.2900085449219,332.04998779296875,326.4100036621094,329.1300048828125,329.1300048828125,83925900,0.0,0.0,329.19666544596356,27628126424.55139,yahoo
TSLA,2025-06-17,326.0899963378906,327.260009765625,314.739990234375,316.3500061035156,316.3500061035156,88282700,0.0,0.0,319.4500020345052,28201908694.61161,yahoo
TSLA,2025-06-18,317.30999755859375,329.32000732421875,315.45001220703125,322.04998779296875,322.04998779296875,95137700,0.0,0.0,322.27333577473956,30660343936.93644,yahoo
TSLA,2025-06-20,327.95001220703125,332.3599853515625,317.7799987792969,322.1600036621094,322.1600036621094,108688000,0.0,0.0,324.09999593098956,35225780357.74739,yahoo
TSLA,2025-06-23,327.5400085449219,357.5400085449219,327.4800109863281,348.67999267578125,348.67999267578125,190716800,0.0,0.0,344.56667073567706,65714652829.36198,yahoo
TSLA,2025-06-24,356.1700134277344,356.260009765625,340.44000244140625,340.4700012207031,340.4700012207031,114736200,0.0,0.0,345.7233378092448,39666982031.54907,yahoo
TSLA,2025-06-25,342.70001220703125,343.0,320.3999938964844,327.54998779296875,327.54998779296875,119845100,0.0,0.0,330.31666056315106,39586833216.856895,yahoo
TSLA,2025-06-26,324.6099853515625,331.04998779296875,323.6099853515625,325.7799987792969,325.7799987792969,80440900,0.0,0.0,326.8133239746094,26289157912.509155,yahoo
TSLA,2025-06-27,324.510009765625,329.3399963378906,317.5,323.6300048828125,323.6300048828125,89067000,0.0,0.0,323.49000040690106,28812283866.241455,yahoo
TSLA,2025-06-30,319.8999938964844,325.5799865722656,316.6000061035156,317.6600036621094,317.6600036621094,76695100,0.0,0.0,319.94666544596356,24538341501.04472,yahoo
TSLA,2025-07-01,298.4599914550781,305.8900146484375,293.2099914550781,300.7099914550781,300.7099914550781,145085700,0.0,0.0,299.93666585286456,43516521120.928955,yahoo
TSLA,2025-07-02,312.6300048828125,316.8299865722656,303.82000732421875,315.6499938964844,315.6499938964844,119483700,0.0,0.0,312.09999593098956,37290862283.81958,yahoo
TSLA,2025-07-03,317.989990234375,318.45001220703125,312.760009765625,315.3500061035156,315.3500061035156,58042300,0.0,0.0,315.52000935872394,18313507039.201862,yahoo
TSLA,2025-07-07,291.3699951171875,296.1499938964844,288.7699890136719,293.94000244140625,293.94000244140625,131177900,0.0,0.0,292.9533284505208,38429002424.149574,yahoo
TSLA,2025-07-08,297.0,304.04998779296875,294.3500061035156,297.80999755859375,297.80999755859375,103246700,0.0,0.0,298.7366638183594,30843574708.255005,yahoo
TSLA,2025-07-09,297.54998779296875,300.1499938964844,293.54998779296875,295.8800048828125,295.8800048828125,75586800,0.0,0.0,296.5266621907552,22413501509.680176,yahoo
TSLA,2025-07-10,300.04998779296875,310.4800109863281,300.0,309.8699951171875,309.8699951171875,104365300,0.0,0.0,306.78333536783856,32017534830.66508,yahoo
TSLA,2025-07-11,307.8900146484375,314.0899963378906,305.6499938964844,313.510009765625,313.510009765625,79236400,0.0,0.0,311.0833333333333,24649123433.333332,yahoo
TSLA,2025-07-14,317.7300109863281,322.6000061035156,312.6700134277344,316.8999938964844,316.8999938964844,78043400,0.0,0.0,317.39000447591144,24770195075.315346,yahoo
TSLA,2025-07-15,319.67999267578125,321.20001220703125,310.5,310.7799987792969,310.7799987792969,77556300,0.0,0.0,314.1600036621094,24365087492.019653,yahoo
TSLA,2025-07-16,312.79998779296875,323.5,312.6199951171875,321.6700134277344,321.6700134277344,97284800,0.0,0.0,319.2633361816406,31059469807.76367,yahoo
TSLA,2025-07-17,323.1499938964844,324.3399963378906,317.05999755859375,319.4100036621094,319.4100036621094,73922900,0.0,0.0,320.26999918619794,23675287122.841393,yahoo
TSLA,2025-07-18,321.6600036621094,330.8999938964844,321.4200134277344,329.6499938964844,329.6499938964844,94255000,0.0,0.0,327.3233337402344,30851860821.68579,yahoo
TSLA,2025-07-21,334.3999938964844,338.0,326.8800048828125,328.489990234375,328.489990234375,75768800,0.0,0.0,331.1233317057292,25088817495.345055,yahoo
TSLA,2025-07-22,329.739990234375,335.4100036621094,321.54998779296875,332.1099853515625,332.1099853515625,77370400,0.0,0.0,329.6899922688802,25508246577.840168,yahoo
TSLA,2025-07-23,330.8999938964844,336.20001220703125,328.6700134277344,332.55999755859375,332.55999755859375,92553800,0.0,0.0,332.47667439778644,30771979626.877846,yahoo
TSLA,2025-07-24,310.0,310.1499938964844,300.4100036621094,305.29998779296875,305.29998779296875,156966000,0.0,0.0,305.2866617838542,47919626153.56445,yahoo
TSLA,2025-07-25,308.739990234375,323.6300048828125,308.010009765625,316.05999755859375,316.05999755859375,148227000,0.0,0.0,315.90000406901044,46824909903.13721,yahoo
TSLA,2025-07-28,318.45001220703125,330.489990234375,315.69000244140625,325.5899963378906,325.5899963378906,112673800,0.0,0.0,323.92332967122394,36497672462.70955,yahoo
TSLA,2025-07-29,325.54998779296875,326.25,318.25,321.20001220703125,321.20001220703125,87358900,0.0,0.0,321.90000406901044,28120830265.464275,yahoo
TSLA,2025-07-30,322.17999267578125,324.45001220703125,311.6199951171875,319.0400085449219,319.0400085449219,83931900,0.0,0.0,318.37000528971356,26721399446.975708,yahoo
TSLA,2025-07-31,319.6099853515625,321.3699951171875,306.1000061035156,308.2699890136719,308.2699890136719,85270900,0.0,0.0,311.913330078125,26597130377.75879,yahoo
TSLA,2025-08-01,306.2099914550781,309.30999755859375,297.82000732421875,302.6300048828125,302.6300048828125,89121400,0.0,0.0,303.2533365885417,27026361911.44206,yahoo
TSLA,2025-08-04,309.0799865722656,312.1199951171875,303.0,309.260009765625,309.260009765625,78683900,0.0,0.0,308.1266682942708,24244607955.399574,yahoo
TSLA,2025-08-05,308.95001220703125,312.45001220703125,305.5,308.7200012207031,308.7200012207031,57961300,0.0,0.0,308.89000447591144,17903666216.429646,yahoo
TSLA,2025-08-06,307.8900146484375,320.4700012207031,306.92999267578125,319.9100036621094,319.9100036621094,78523600,0.0,0.0,315.76999918619794,24795397108.097332,yahoo
TSLA,2025-08-07,319.7900085449219,322.3999938964844,316.1600036621094,322.2699890136719,322.2699890136719,66658700,0.0,0.0,320.2766621907552,21349225941.97489,yahoo
TSLA,2025-08-08,321.42999267578125,335.1499938964844,320.9800109863281,329.6499938964844,329.6499938964844,91200300,0.0,0.0,328.5933329264323,29967810540.890503,yahoo
TSLA,2025-08-11,335.0,346.6400146484375,334.1499938964844,339.0299987792969,339.0299987792969,105320200,0.0,0.0,339.94000244140625,35802549045.129395,yahoo
TSLA,2025-08-12,345.0,345.260009765625,332.94000244140625,340.8399963378906,340.8399963378906,80522100,0.0,0.0,339.6800028483073,27351747157.351685,yahoo
TSLA,2025-08-13,341.5,348.9800109863281,338.20001220703125,339.3800048828125,339.3800048828125,67838900,0.0,0.0,342.1866760253906,23213567696.218872,yahoo
TSLA,2025-08-14,335.760009765625,340.4700012207031,330.3999938964844,335.5799865722656,335.5799865722656,75000700,0.0,0.0,335.4833272298177,25161484380.565388,yahoo
TSLA,2025-08-15,337.6600036621094,339.29998779296875,327.0199890136719,330.55999755859375,330.55999755859375,74319800,0.0,0.0,332.29332478841144,24695973439.60978,yahoo
TSLA,2025-08-18,329.6199951171875,336.2699890136719,329.5899963378906,335.1600036621094,335.1600036621094,56956600,0.0,0.0,333.67332967122394,19004898368.752033,yahoo
TSLA,2025-08-19,335.7900085449219,340.54998779296875,327.8500061035156,329.30999755859375,329.30999755859375,75956000,0.0,0.0,332.5699971516927,25260686703.65397,yahoo
TSLA,2025-08-20,329.2200012207031,331.3699951171875,314.6000061035156,323.8999938964844,323.8999938964844,77481800,0.0,0.0,323.2899983723958,25049090995.890297,yahoo
TSLA,2025-08-21,322.0799865722656,324.8999938964844,318.67999267578125,320.1099853515625,320.1099853515625,55744400,0.0,0.0,321.22999064127606,17906773090.30355,yahoo
TSLA,2025-08-22,321.6600036621094,340.25,319.69000244140625,340.010009765625,340.010009765625,94016300,0.0,0.0,333.31667073567706,31337200110.886635,yahoo
TSLA,2025-08-25,338.8999938964844,349.5299987792969,335.0299987792969,346.6000061035156,346.6000061035156,86670000,0.0,0.0,343.7200012207031,29790212505.79834,yahoo
TSLA,2025-08-26,344.92999267578125,351.8999938964844,343.7200012207031,351.6700134277344,351.6700134277344,76651600,0.0,0.0,349.09666951497394,26758818272.993977,yahoo
TSLA,2025-08-27,351.94000244140625,355.3900146484375,349.1600036621094,349.6000061035156,349.6000061035156,65519000,0.0,0.0,351.3833414713542,23022285149.861656,yahoo
TSLA,2025-08-28,350.9100036621094,353.54998779296875,340.260009765625,345.9800109863281,345.9800109863281,67903200,0.0,0.0,346.59666951497394,23535022969.40918,yahoo
TSLA,2025-08-29,347.2300109863281,348.75,331.70001220703125,333.8699951171875,333.8699951171875,81145700,0.0,0.0,338.10666910807294,27435902339.442955,yahoo
TSLA,2025-09-02,328.2300109863281,333.3299865722656,325.6000061035156,329.3599853515625,329.3599853515625,58392000,0.0,0.0,329.42999267578125,19236076132.32422,yahoo
TSLA,2025-09-03,335.20001220703125,343.3299865722656,328.510009765625,334.0899963378906,334.0899963378906,88733300,0.0,0.0,335.30999755859375,29753162606.365967,yahoo
TSLA,2025-09-04,336.1499938964844,338.8900146484375,331.4800109863281,338.5299987792969,338.5299987792969,60711000,0.0,0.0,336.3000081380208,20417109794.067383,yahoo
TSLA,2025-09-05,348.0,355.8699951171875,344.67999267578125,350.8399963378906,350.8399963378906,108989800,0.0,0.0,350.4633280436198,38196928030.80852,yahoo
TSLA,2025-09-08,354.6400146484375,358.44000244140625,344.8399963378906,346.3999938964844,346.3999938964844,75208300,0.0,0.0,349.89333089192706,26314882597.71932,yahoo
TSLA,2025-09-09,348.44000244140625,350.7699890136719,343.82000732421875,346.9700012207031,346.9700012207031,53816000,0.0,0.0,347.18666585286456,18684197609.537758,yahoo
TSLA,2025-09-10,350.54998779296875,356.3299865722656,346.07000732421875,347.7900085449219,347.7900085449219,72121700,0.0,0.0,350.06333414713544,25247162766.35946,yahoo
TSLA,2025-09-11,350.1700134277344,368.989990234375,347.6000061035156,368.80999755859375,368.80999755859375,103756000,0.0,0.0,361.7999979654948,37538920588.90788,yahoo
TSLA,2025-09-12,370.94000244140625,396.69000244140625,370.239990234375,395.94000244140625,395.94000244140625,168156400,0.0,0.0,387.6233317057292,65181344015.64128,yahoo
TSLA,2025-09-15,423.1300048828125,425.70001220703125,402.42999267578125,410.0400085449219,410.0400085449219,163823700,0.0,0.0,412.7233378092448,67613864276.260376,yahoo
TSLA,2025-09-16,414.5,423.25,411.42999267578125,421.6199951171875,421.6199951171875,104285700,0.0,0.0,418.76666259765625,43671374545.6604,yahoo
TSLA,2025-09-17,415.75,428.30999755859375,409.6700134277344,425.8599853515625,425.8599853515625,106133500,0.0,0.0,421.2799987792969,44711920750.442505,yahoo
TSLA,2025-09-18,428.8699951171875,432.2200012207031,416.55999755859375,416.8500061035156,416.8500061035156,90454500,0.0,0.0,421.8766682942708,38160643092.22412,yahoo
TSLA,2025-09-19,421.82000732421875,429.4700012207031,421.7200012207031,426.07000732421875,426.07000732421875,93131000,0.0,0.0,425.7533365885417,39650833989.82748,yahoo
TSLA,2025-09-22,431.1099853515625,444.9800109863281,429.1300048828125,434.2099914550781,434.2099914550781,97108800,0.0,0.0,436.10666910807294,42349795309.08203,yahoo
TSLA,2025-09-23,439.8800048828125,440.9700012207031,423.7200012207031,425.8500061035156,425.8500061035156,83422700,0.0,0.0,430.1800028483073,35886777323.61349,yahoo
TSLA,2025-09-24,429.8299865722656,444.2099914550781,429.0299987792969,442.7900085449219,442.7900085449219,93133600,0.0,0.0,438.6766662597656,40855537164.77051,yahoo
TSLA,2025-09-25,435.239990234375,435.3500061035156,419.0799865722656,423.3900146484375,423.3900146484375,96746400,0.0,0.0,425.94000244140625,41208161852.197266,yahoo
TSLA,2025-09-26,428.29998779296875,440.4700012207031,421.0199890136719,440.3999938964844,440.3999938964844,101628200,0.0,0.0,433.9633280436198,44102911895.0826,yahoo
TSLA,2025-09-29,444.3500061035156,450.9800109863281,439.5,443.2099914550781,443.2099914550781,79491500,0.0,0.0,444.56333414713544,35339006276.35702,yahoo
TSLA,2025-09-30,441.5199890136719,445.0,433.1199951171875,444.7200012207031,444.7200012207031,74358000,0.0,0.0,440.94666544596356,32787912149.230957,yahoo
TSLA,2025-10-01,443.79998779296875,462.2900085449219,440.75,459.4599914550781,459.4599914550781,98122300,0.0,0.0,454.1666666666667,44563877916.66667,yahoo
TSLA,2025-10-02,470.5400085449219,470.75,435.57000732421875,436.0,436.0,137009000,0.0,0.0,447.44000244140625,61303307294.49463,yahoo
TSLA,2025-10-03,443.2900085449219,446.7699890136719,416.5799865722656,429.8299865722656,429.8299865722656,133188200,0.0,0.0,431.0599873860677,57412103811.97306,yahoo
TSLA,2025-10-06,440.75,453.54998779296875,436.69000244140625,453.25,453.25,85324900,0.0,0.0,447.8299967447917,38211049689.24968,yahoo
TSLA,2025-10-07,447.82000732421875,452.67999267578125,432.45001220703125,433.0899963378906,433.0899963378906,102296100,0.0,0.0,439.4066670735677,44949588355.62439,yahoo
TSLA,2025-10-08,437.57000732421875,441.3299865722656,425.2300109863281,438.69000244140625,438.69000244140625,71192100,0.0,0.0,435.0833333333333,30974496175.0,yahoo
TSLA,2025-10-09,431.80999755859375,436.3500061035156,426.17999267578125,435.5400085449219,435.5400085449219,69339900,0.0,0.0,432.69000244140625,30002681500.286865,yahoo
TSLA,2025-10-10,436.5400085449219,443.1300048828125,411.45001220703125,413.489990234375,413.489990234375,112107900,0.0,0.0,422.69000244140625,47386888524.70093,yahoo
TSLA,2025-10-13,423.5299987792969,436.8900146484375,419.70001220703125,435.8999938964844,435.8999938964844,79552800,0.0,0.0,430.8300069173177,34273733374.291992,yahoo
TSLA,2025-10-14,426.7900085449219,434.20001220703125,417.8599853515625,429.239990234375,429.239990234375,72669400,0.0,0.0,427.09999593098956,31037100444.307453,yahoo
TSLA,2025-10-15,434.8999938964844,440.510009765625,426.3299865722656,435.1499938964844,435.1499938964844,71558200,0.0,0.0,433.9966634114583,31056020039.729816,yahoo
TSLA,2025-10-16,434.7300109863281,439.3500061035156,421.30999755859375,428.75,428.75,77189900,0.0,0.0,429.80333455403644,33176476413.892616,yahoo
TSLA,2025-10-17,425.5,441.4599914550781,423.6000061035156,439.30999755859375,439.30999755859375,89331600,0.0,0.0,434.7899983723958,38840486218.603516,yahoo
TSLA,2025-10-20,443.8699951171875,449.79998779296875,440.6099853515625,447.42999267578125,447.42999267578125,63719000,0.0,0.0,445.9466552734375,28415274927.368164,yahoo
TSLA,2025-10-21,445.760009765625,449.29998779296875,442.04998779296875,442.6000061035156,442.6000061035156,54412200,0.0,0.0,444.6499938964844,24194384397.894287,yahoo
TSLA,2025-10-22,443.45001220703125,445.5400085449219,429.0,438.9700012207031,438.9700012207031,84023500,0.0,0.0,437.836669921875,36788569435.180664,yahoo
TSLA,2025-10-23,420.0,449.3999938964844,413.8999938964844,448.9800109863281,448.9800109863281,126709800,0.0,0.0,437.4266662597656,55426245396.44165,yahoo
TSLA,2025-10-24,446.8299865722656,451.67999267578125,430.1700134277344,433.7200012207031,433.7200012207031,94727800,0.0,0.0,438.52333577473956,41540350846.60237,yahoo
TSLA,2025-10-27,439.9800109863281,460.1600036621094,438.69000244140625,452.4200134277344,452.4200134277344,105867500,0.0,0.0,450.42333984375,47685192930.9082,yahoo
TSLA,2025-10-28,454.7799987792969,467.0,451.6000061035156,460.54998779296875,460.54998779296875,80185700,0.0,0.0,459.71666463216144,36862702555.19511,yahoo
TSLA,2025-10-29,462.5,465.70001220703125,452.6499938964844,461.510009765625,461.510009765625,67983500,0.0,0.0,459.9533386230469,31269237796.279907,yahoo
TSLA,2025-10-30,451.04998779296875,455.05999755859375,439.6099853515625,440.1000061035156,440.1000061035156,72447900,0.0,0.0,444.92332967122394,32233760895.687866,yahoo
TSLA,2025-10-31,446.75,458.0,443.69000244140625,456.55999755859375,456.55999755859375,83135800,0.0,0.0,452.75,37639733450.0,yahoo
TSLA,2025-11-03,455.989990234375,474.07000732421875,453.79998779296875,468.3699951171875,468.3699951171875,84595200,0.0,0.0,465.413330078125,39371733740.625,yahoo
TSLA,2025-11-04,454.4599914550781,460.2200012207031,443.6000061035156,444.260009765625,444.260009765625,87756600,0.0,0.0,449.36000569661456,39434306275.91553,yahoo
TSLA,2025-11-05,452.04998779296875,466.3299865722656,440.7099914550781,462.07000732421875,462.07000732421875,85573000,0.0,0.0,456.3699951171875,39052949592.163086,yahoo
TSLA,2025-11-06,461.9599914550781,467.45001220703125,435.0899963378906,445.9100036621094,445.9100036621094,109622900,0.0,0.0,449.48333740234375,49273666947.72339,yahoo
TSLA,2025-11-07,437.9200134277344,439.3599853515625,421.8800048828125,429.5199890136719,429.5199890136719,103471500,0.0,0.0,430.2533264160156,44518957064.25476,yahoo
TSLA,2025-11-10,439.6000061035156,449.6700134277344,433.3599853515625,445.2300109863281,445.2300109863281,76515900,0.0,0.0,442.7533365885417,33877670027.075195,yahoo
TSLA,2025-11-11,439.3999938964844,442.489990234375,432.3599853515625,439.6199951171875,439.6199951171875,60533200,0.0,0.0,438.1566569010417,26523024543.522137,yahoo
TSLA,2025-11-12,442.1499938964844,442.3299865722656,426.55999755859375,430.6000061035156,430.6000061035156,58513500,0.0,0.0,433.163330078125,25345902514.526367,yahoo
TSLA,2025-11-13,423.1300048828125,424.5,396.3399963378906,401.989990234375,401.989990234375,118948000,0.0,0.0,407.60999552408856,48484393747.59929,yahoo
TSLA,2025-11-14,386.29998779296875,412.19000244140625,382.7799987792969,404.3500061035156,404.3500061035156,105506700,0.0,0.0,399.77333577473956,42178765405.58472,yahoo
TSLA,2025-11-17,398.739990234375,423.9599914550781,398.739990234375,408.9200134277344,408.9200134277344,102214300,0.0,0.0,410.5399983723958,41963058555.635574,yahoo
TSLA,2025-11-18,405.3800048828125,408.8999938964844,393.7099914550781,401.25,401.25,80688600,0.0,0.0,401.2866617838542,32379258938.012695,yahoo
TSLA,2025-11-19,406.17999267578125,411.7799987792969,398.5,403.989990234375,403.989990234375,72047700,0.0,0.0,404.7566630045573,29161786629.153442,yahoo
TSLA,2025-11-20,414.6300048828125,428.94000244140625,394.739990234375,395.2300109863281,395.2300109863281,113548800,0.0,0.0,406.30333455403644,46135256074.609375,yahoo
TSLA,2025-11-21,402.32000732421875,402.79998779296875,383.760009765625,391.0899963378906,391.0899963378906,100460600,0.0,0.0,392.5499979654948,39435808325.61239,yahoo
TSLA,2025-11-24,402.1700134277344,421.7200012207031,401.0899963378906,417.7799987792969,417.7799987792969,96806400,0.0,0.0,413.5299987792969,40032350473.828125,yahoo
TSLA,2025-11-25,414.4200134277344,420.4800109863281,405.95001220703125,419.3999938964844,419.3999938964844,71915600,0.0,0.0,415.27667236328125,29864871059.00879,yahoo
TSLA,2025-11-26,423.95001220703125,426.94000244140625,416.8900146484375,426.5799865722656,426.5799865722656,63463000,0.0,0.0,423.4700012207031,26874676687.469482,yahoo
TSLA,2025-11-28,426.5899963378906,432.92999267578125,426.20001220703125,430.1700134277344,430.1700134277344,36252900,0.0,0.0,429.7666727701823,15580288211.270142,yahoo
TSLA,2025-12-01,425.32000732421875,433.6600036621094,425.2900085449219,430.1400146484375,430.1400146484375,57463600,0.0,0.0,429.69667561848956,24691917889.070637,yahoo
TSLA,2025-12-02,430.80999755859375,436.79998779296875,422.1199951171875,429.239990234375,429.239990234375,69336600,0.0,0.0,429.38665771484375,29772210931.311035,yahoo
TSLA,2025-12-03,432.1000061035156,447.9200134277344,431.1099853515625,446.739990234375,446.739990234375,87483000,0.0,0.0,441.92332967122394,38660778649.627686,yahoo
TSLA,2025-12-04,449.94000244140625,454.6300048828125,445.3900146484375,454.5299987792969,454.5299987792969,71906500,0.0,0.0,451.5166727701823,32466983630.549114,yahoo
TSLA,2025-12-05,453.0299987792969,458.8699951171875,451.6600036621094,455.0,455.0,56427500,0.0,0.0,455.1766662597656,25684481335.372925,yahoo
TSLA,2025-12-08,447.45001220703125,449.75,435.25,439.5799865722656,439.5799865722656,69165800,0.0,0.0,441.5266621907552,30538544811.753334,yahoo
TSLA,2025-12-09,437.5400085449219,452.3900146484375,435.70001220703125,445.1700134277344,445.1700134277344,62367400,0.0,0.0,444.4200134277344,27717320745.45288,yahoo
TSLA,2025-12-10,446.07000732421875,456.8800048828125,443.6099853515625,451.45001220703125,451.45001220703125,63257500,0.0,0.0,450.64666748046875,28506781568.145752,yahoo
TSLA,2025-12-11,448.95001220703125,449.2699890136719,440.3299865722656,446.8900146484375,446.8900146484375,55979500,0.0,0.0,445.4966634114583,24938680469.44173,yahoo
TSLA,2025-12-12,448.0899963378906,463.010009765625,441.6700134277344,458.9599914550781,458.9599914550781,95656700,0.0,0.0,454.5466715494792,43480434596.40707,yahoo
TSLA,2025-12-15,469.44000244140625,481.7699890136719,467.6600036621094,475.30999755859375,475.30999755859375,114542200,0.0,0.0,474.913330078125,54397617636.47461,yahoo
TSLA,2025-12-16,472.2099914550781,491.5,465.8299865722656,489.8800048828125,489.8800048828125,107608100,0.0,0.0,482.40333048502606,51910505827.16573,yahoo
TSLA,2025-12-17,488.2200012207031,495.2799987792969,466.20001220703125,467.260009765625,467.260009765625,106490400,0.0,0.0,476.2466735839844,50715698768.62793,yahoo
TSLA,2025-12-18,478.1600036621094,490.8599853515625,473.1199951171875,483.3699951171875,483.3699951171875,95168400,0.0,0.0,482.4499918619792,45913993805.51758,yahoo
TSLA,2025-12-19,488.1199951171875,490.489990234375,474.7200012207031,481.20001220703125,481.20001220703125,103305400,0.0,0.0,482.1366678873698,49807321330.7719,yahoo
TSLA,2025-12-22,489.8800048828125,498.8299865722656,485.3299865722656,488.7300109863281,488.7300109863281,86916100,0.0,0.0,490.9633280436198,42672617716.57207,yahoo
TSLA,2025-12-23,489.3999938964844,491.9700012207031,482.8399963378906,485.55999755859375,485.55999755859375,58223600,0.0,0.0,486.7899983723958,28342666149.235023,yahoo
TSLA,2025-12-24,488.4800109863281,490.8999938964844,476.79998779296875,485.3999938964844,485.3999938964844,41285400,0.0,0.0,484.3666585286458,19997271244.018555,yahoo
TSLA,2025-12-26,485.2300109863281,489.0899963378906,473.82000732421875,475.19000244140625,475.19000244140625,58780700,0.0,0.0,479.3666687011719,28177508342.922974,yahoo
TSLA,2025-12-29,469.0,469.3999938964844,459.0,459.6400146484375,459.6400146484375,66263000,0.0,0.0,462.6800028483073,30658565028.73739,yahoo
TSLA,2025-12-30,461.0899963378906,463.1199951171875,453.8299865722656,454.42999267578125,454.42999267578125,59238500,0.0,0.0,457.1266581217448,27079497537.14498,yahoo
TSLA,2025-12-31,456.1000061035156,456.54998779296875,449.29998779296875,449.7200012207031,449.7200012207031,49078000,0.0,0.0,451.8566589355469,22176221107.23877,yahoo
TSLA,2026-01-02,457.79998779296875,458.3399963378906,435.29998779296875,438.07000732421875,438.07000732421875,85535400,0.0,0.0,443.90333048502606,37969448934.3689,yahoo
TSLA,2026-01-05,447.989990234375,457.54998779296875,444.57000732421875,451.6700134277344,451.6700134277344,67940800,0.0,0.0,451.2633361816406,30659192070.84961,yahoo
TSLA,2026-01-06,446.3800048828125,448.25,428.7799987792969,432.9599914550781,432.9599914550781,89093800,0.0,0.0,436.663330078125,38903995397.31445,yahoo
TSLA,2026-01-07,435.8999938964844,438.3699951171875,431.2900085449219,431.4100036621094,431.4100036621094,59828800,0.0,0.0,433.69000244140625,25947152418.066406,yahoo
TSLA,2026-01-08,427.8900146484375,436.8900146484375,424.3699951171875,435.79998779296875,435.79998779296875,57041100,0.0,0.0,432.35333251953125,24661909675.579834,yahoo
TSLA,2026-01-09,435.95001220703125,449.04998779296875,430.3900146484375,445.010009765625,445.010009765625,67331500,0.0,0.0,441.48333740234375,29725735332.30591,yahoo
TSLA,2026-01-12,441.2300109863281,454.29998779296875,438.0,448.9599914550781,448.9599914550781,61649600,0.0,0.0,447.08665974934894,27562713738.88346,yahoo
TSLA,2026-01-13,450.20001220703125,451.80999755859375,443.95001220703125,447.20001220703125,447.20001220703125,53719200,0.0,0.0,447.65334065755206,24047579337.45117,yahoo
TSLA,2026-01-14,442.80999755859375,443.9100036621094,434.2200012207031,439.20001220703125,439.20001220703125,57259500,0.0,0.0,439.11000569661456,25143219371.185303,yahoo
TSLA,2026-01-15,441.1300048828125,445.3599853515625,437.6499938964844,438.57000732421875,438.57000732421875,49465800,0.0,0.0,440.5266621907552,21791003766.59546,yahoo
TSLA,2026-01-16,439.5,447.25,435.260009765625,437.5,437.5,60220600,0.0,0.0,440.0033365885417,26497264931.363934,yahoo
TSLA,2026-01-20,429.3599853515625,430.7300109863281,417.44000244140625,419.25,419.25,63187300,0.0,0.0,422.4733378092448,26694949538.154095,yahoo
TSLA,2026-01-21,421.6600036621094,438.20001220703125,419.6199951171875,431.44000244140625,431.44000244140625,68124000,0.0,0.0,429.7533365885417,29276516301.757812,yahoo
TSLA,2026-01-22,435.1600036621094,449.5,432.6300048828125,449.3599853515625,449.3599853515625,71546700,0.0,0.0,443.8299967447917,31754571628.100586,yahoo
TSLA,2026-01-23,447.42999267578125,452.42999267578125,444.0400085449219,449.05999755859375,449.05999755859375,56771400,0.0,0.0,448.50999959309894,25462540590.89966,yahoo
TSLA,2026-01-26,445.0,445.0400085449219,434.2799987792969,435.20001220703125,435.20001220703125,49397400,0.0,0.0,438.17333984375,21644623737.597656,yahoo
TSLA,2026-01-27,437.4100036621094,437.5199890136719,430.69000244140625,430.8999938964844,430.8999938964844,37733100,0.0,0.0,433.0366617838542,16339815662.756348,yahoo
TSLA,2026-01-28,431.9100036621094,438.260009765625,430.1000061035156,431.4599914550781,431.4599914550781,54857400,0.0,0.0,433.27333577473956,23768248689.9292,yahoo
TSLA,2026-01-29,437.79998779296875,440.2300109863281,414.6199951171875,416.55999755859375,416.55999755859375,81686100,0.0,0.0,423.80333455403644,34618841566.71448,yahoo
TSLA,2026-01-30,425.3500061035156,439.8800048828125,422.70001220703125,430.4100036621094,430.4100036621094,82626100,0.0,0.0,430.9966735839844,35611574251.21765,yahoo
TSLA,2026-02-02,421.2900085449219,427.1499938964844,414.5,421.80999755859375,421.80999755859375,58739500,0.0,0.0,421.15333048502606,24738336056.02519,yahoo
TSLA,2026-02-03,424.2699890136719,428.55999755859375,413.69000244140625,421.9599914550781,421.9599914550781,56886500,0.0,0.0,421.40333048502606,23972160559.636436,yahoo
TSLA,2026-02-04,420.4599914550781,423.8999938964844,399.17999267578125,406.010009765625,406.010009765625,74606900,0.0,0.0,409.69666544596356,30566198149.26046,yahoo
TSLA,2026-02-05,397.0199890136719,402.1000061035156,387.5299987792969,397.2099914550781,397.2099914550781,72819800,0.0,0.0,395.6133321126302,28808483721.775307,yahoo
TSLA,2026-02-06,400.8699951171875,414.54998779296875,397.75,411.1099853515625,411.1099853515625,62677100,0.0,0.0,407.80332438151044,25559929742.59237,yahoo
TSLA,2026-02-09,409.9100036621094,421.25,407.2900085449219,417.32000732421875,417.32000732421875,54484300,0.0,0.0,415.2866719563802,22626603620.873005,yahoo
TSLA,2026-02-10,418.0799865722656,427.25,417.0,425.2099914550781,425.2099914550781,64450200,0.0,0.0,423.15333048502606,27272316780.426025,yahoo
TSLA,2026-02-11,427.9599914550781,436.3500061035156,420.0299987792969,428.2699890136719,428.2699890136719,57362000,0.0,0.0,428.21666463216144,24563364316.630043,yahoo
TSLA,2026-02-12,430.29998779296875,436.2300109863281,414.0,417.07000732421875,417.07000732421875,61933400,0.0,0.0,422.43333943684894,26162732984.67814,yahoo
TSLA,2026-02-13,414.30999755859375,424.05999755859375,410.8800048828125,417.44000244140625,417.44000244140625,51351200,0.0,0.0,417.4600016276042,21437072035.57943,yahoo
